-- // LYRA HUB OBFUSCATOR // Protected Script //
local _1lIi1liilI = 56614 * 92 + 856
local _iIli1IiliI = 16514 * 3 + 968
local _1iliiilllI1ilIii = 4763 * 49 + 346
local _lIIiII1IiIl1 = 36126 * 50 + 540
local _1iIil1i1l1Ii1iii = pcall
local _Iii1liI1IlI1IIi = debug
_1iIil1i1l1Ii1iii(function()
    if _Iii1liI1IlI1IIi then
        _Iii1liI1IlI1IIi.sethook     = nil
        _Iii1liI1IlI1IIi.getinfo     = nil
        _Iii1liI1IlI1IIi.getupvalue  = nil
        _Iii1liI1IlI1IIi.setupvalue  = nil
        _Iii1liI1IlI1IIi.traceback   = nil
        _Iii1liI1IlI1IIi.getlocal    = nil
        _Iii1liI1IlI1IIi.setlocal    = nil
    end
end)
local _IIiII1lI1I = 6963 * 6 + 108
local _iIlIiIl11Iilii1i = 71979 * 29 + 403
local _1lilIIii11l1ii = 45074 * 38 + 661
local _ilii1ii1i = bit32 and bit32.bxor or bit and bit.bxor or function(_Illil1II1I1,_iiIii1lii)
    local _Ii111liIIl,_iliIl1IiIiliIIil = 0, 128
    while _iliIl1IiIiliIIil >= 1 do
        if (_Illil1II1I1>=_iliIl1IiIiliIIil and _iiIii1lii<_iliIl1IiIiliIIil) or (_Illil1II1I1<_iliIl1IiIiliIIil and _iiIii1lii>=_iliIl1IiIiliIIil) then _Ii111liIIl=_Ii111liIIl+_iliIl1IiIiliIIil end
        if _Illil1II1I1>=_iliIl1IiIiliIIil then _Illil1II1I1=_Illil1II1I1-_iliIl1IiIiliIIil end
        if _iiIii1lii>=_iliIl1IiIiliIIil then _iiIii1lii=_iiIii1lii-_iliIl1IiIiliIIil end
        _iliIl1IiIiliIIil = math.floor(_iliIl1IiIiliIIil/2)
    end
    return _Ii111liIIl
end
local _Ili1iII1li = {252,255,243,241,252,176,207,217,217,217,161,161,252,217,249,217,249,217,249,217,252,249,249,176,173,176,247,241,253,245,170,215,245,228,195,245,226,230,249,243,245,184,178,207,217,217,217,161,161,252,217,249,217,249,217,249,217,252,249,249,178,185,154,252,255,243,241,252,176,207,217,161,161,161,217,249,161,249,249,249,252,249,217,217,176,173,176,247,241,253,245,170,215,245,228,195,245,226,230,249,243,245,184,178,207,217,161,161,161,217,249,161,249,249,249,252,249,217,217,178,185,154,252,255,243,241,252,176,207,161,249,249,252,217,217,252,252,249,161,176,173,176,247,241,253,245,170,215,245,228,195,245,226,230,249,243,245,184,178,207,161,249,249,252,217,217,252,252,249,161,178,185,154,252,255,243,241,252,176,207,252,252,217,161,161,217,252,252,217,249,249,249,217,176,173,176,247,241,253,245}
local _il1I1iiIli1li = {170,215,245,228,195,245,226,230,249,243,245,184,178,207,252,252,217,161,161,217,252,252,217,249,249,249,217,178,185,154,252,255,243,241,252,176,207,249,217,252,249,161,252,252,252,161,249,176,173,176,231,255,226,251,227,224,241,243,245,154,252,255,243,241,252,176,207,252,161,252,217,252,252,217,249,161,249,252,249,161,176,173,176,247,241,253,245,170,215,245,228,195,245,226,230,249,243,245,184,178,207,252,161,252,217,252,252,217,249,161,249,252,249,161,178,185,154,252,255,243,241,252,176,207,161,249,252,249,161,161,161,249,249,252,252,252,217,217,217,161,176,173,176,247,241,253,245,170,215,245,228,195,245,226,230,249,243,245,184,178,207,161,249,252,249,161,161,161,249,249,252,252,252,217,217,217,161,178,185,154,252,255,243,241,252,176,207,161,249,252,249,161,252,249,252,217,252,161,176,173}
local _111i1ilii1l1iI = {176,247,241,253,245,170,215,245,228,195,245,226,230,249,243,245,184,178,207,161,249,252,249,161,252,249,252,217,252,161,178,185,154,154,252,255,243,241,252,176,207,217,252,217,217,161,249,252,217,161,176,173,176,207,217,217,217,161,161,252,217,249,217,249,217,249,217,252,249,249,190,207,217,252,217,217,161,249,252,217,161,154,154,154,154,154,249,246,176,247,245,228,247,245,254,230,184,185,190,195,231,241,228,207,211,255,254,254,245,243,228,249,255,254,227,176,228,248,245,254,154,176,176,176,176,246,255,226,176,207,188,176,207,249,249,161,249,217,217,161,252,217,252,249,249,252,249,217,161,176,249,254,176,249,224,241,249,226,227,184,247,245,228,247,245,254,230,184,185,190,195,231,241,228,207,211,255,254,254,245,243,228,249,255,254,227,185,176,244,255,154,176,176,176,176,176,176,176,176,224}
local _11II111llIII1 = {243,241,252,252,184,246,229,254,243,228,249,255,254,184,185,176,207,249,249,161,249,217,217,161,252,217,252,249,249,252,249,217,161,170,212,249,227,243,255,254,254,245,243,228,184,185,176,245,254,244,185,154,176,176,176,176,245,254,244,154,245,254,244,154,247,245,228,247,245,254,230,184,185,190,195,231,241,228,207,211,255,254,254,245,243,228,249,255,254,227,176,173,176,235,237,154,154,249,246,176,247,245,228,247,245,254,230,184,185,190,195,231,241,228,207,196,248,226,245,241,244,227,176,228,248,245,254,154,176,176,176,176,246,255,226,176,207,188,176,228,248,226,245,241,244,176,249,254,176,249,224,241,249,226,227,184,247,245,228,247,245,254,230,184,185,190,195,231,241,228,207,196,248,226,245,241,244,227,185,176,244,255,154,176,176,176,176,176,176,176,176,224,243,241,252,252,184,246,229,254}
local _iiIlIi111iIiilI = {243,228,249,255,254,184,185,176,228,241,227,251,190,243,241,254,243,245,252,184,228,248,226,245,241,244,185,176,245,254,244,185,154,176,176,176,176,245,254,244,154,245,254,244,154,247,245,228,247,245,254,230,184,185,190,195,231,241,228,207,196,248,226,245,241,244,227,176,173,176,235,237,154,154,224,243,241,252,252,184,246,229,254,243,228,249,255,254,184,185,154,176,176,176,176,252,255,243,241,252,176,207,217,252,217,252,217,217,252,252,252,249,217,176,173,176,207,161,249,252,249,161,161,161,249,249,252,252,252,217,217,217,161,170,214,249,254,244,214,249,226,227,228,211,248,249,252,244,184,178,195,231,241,228,209,244,253,249,254,216,229,242,178,185,154,176,176,176,176,249,246,176,207,217,252,217,252,217,217,252,252,252,249,217,176,228,248,245,254,176,207,217,252,217,252,217,217,252,252,252}
local _liiIllil111lilll = {249,217,170,212,245,227,228,226,255,233,184,185,176,245,254,244,154,245,254,244,185,154,154,252,255,243,241,252,176,246,229,254,243,228,249,255,254,176,228,226,241,243,251,211,255,254,254,245,243,228,249,255,254,184,207,249,249,161,249,217,217,161,252,217,252,249,249,252,249,217,161,185,154,176,176,176,176,228,241,242,252,245,190,249,254,227,245,226,228,184,247,245,228,247,245,254,230,184,185,190,195,231,241,228,207,211,255,254,254,245,243,228,249,255,254,227,188,176,207,249,249,161,249,217,217,161,252,217,252,249,249,252,249,217,161,185,154,176,176,176,176,226,245,228,229,226,254,176,207,249,249,161,249,217,217,161,252,217,252,249,249,252,249,217,161,154,245,254,244,154,154,252,255,243,241,252,176,246,229,254,243,228,249,255,254,176,228,226,241,243,251,196,248,226,245,241,244,184,228,248}
local _1iI1lII1iiIII1 = {226,245,241,244,185,154,176,176,176,176,228,241,242,252,245,190,249,254,227,245,226,228,184,247,245,228,247,245,254,230,184,185,190,195,231,241,228,207,196,248,226,245,241,244,227,188,176,228,248,226,245,241,244,185,154,176,176,176,176,226,245,228,229,226,254,176,228,248,226,245,241,244,154,245,254,244,154,154,226,245,224,245,241,228,176,228,241,227,251,190,231,241,249,228,184,185,176,229,254,228,249,252,176,207,217,252,217,217,161,249,252,217,161,190,211,248,241,226,241,243,228,245,226,154,154,154,252,255,243,241,252,176,207,249,217,252,249,217,161,249,217,249,252,252,249,252,176,173,154,176,176,176,176,231,255,226,251,227,224,241,243,245,170,199,241,249,228,214,255,226,211,248,249,252,244,184,178,199,255,226,251,227,224,241,243,245,211,255,253,178,185,154,176,176,176,176,170,199,241,249}
local _11Iii1I1Iii = {228,214,255,226,211,248,249,252,244,184,178,160,160,161,207,195,243,248,255,255,252,178,185,154,176,176,176,176,170,199,241,249,228,214,255,226,211,248,249,252,244,184,178,195,243,248,255,255,252,212,226,233,210,255,241,226,244,178,185,154,176,176,176,176,170,199,241,249,228,214,255,226,211,248,249,252,244,184,178,207,252,252,217,252,252,161,252,252,161,252,249,217,178,185,154,176,176,176,176,170,199,241,249,228,214,255,226,211,248,249,252,244,184,178,211,255,229,254,228,178,185,154,154,154,252,255,243,241,252,176,207,252,252,217,252,252,161,252,252,161,252,249,217,176,173,154,176,176,176,176,231,255,226,251,227,224,241,243,245,170,199,241,249,228,214,255,226,211,248,249,252,244,184,178,199,255,226,251,227,224,241,243,245,211,255,253,178,185,154,176,176,176,176,170,199,241,249,228,214,255}
local _lIl1ii1111 = {226,211,248,249,252,244,184,178,160,160,161,207,195,243,248,255,255,252,178,185,154,176,176,176,176,170,199,241,249,228,214,255,226,211,248,249,252,244,184,178,195,243,248,255,255,252,212,226,233,210,255,241,226,244,178,185,154,176,176,176,176,170,199,241,249,228,214,255,226,211,248,249,252,244,184,178,207,252,252,217,252,252,161,252,252,161,252,249,217,178,185,154,154,154,252,255,243,241,252,176,207,217,161,161,161,217,217,249,217,252,217,161,161,252,217,217,176,173,176,207,252,252,217,252,252,161,252,252,161,252,249,217,170,214,249,254,244,214,249,226,227,228,211,248,249,252,244,199,248,249,243,248,217,227,209,184,178,196,245,232,228,220,241,242,245,252,178,188,176,228,226,229,245,185,154,154,249,246,176,254,255,228,176,207,217,161,161,161,217,217,249,217,252,217,161,161,252,217,217,176}
local _llil1illI = {228,248,245,254,154,176,176,176,176,231,241,226,254,184,178,203,195,231,241,228,176,216,229,242,205,176,196,245,232,228,220,241,242,245,252,176,244,255,176,225,229,241,244,226,255,176,254,83,51,255,176,245,254,243,255,254,228,226,241,244,255,190,176,209,247,229,241,226,244,241,254,244,255,176,243,241,226,226,245,247,241,226,190,190,190,178,185,154,176,176,176,176,226,245,224,245,241,228,154,176,176,176,176,176,176,176,176,228,241,227,251,190,231,241,249,228,184,160,190,162,165,185,154,176,176,176,176,176,176,176,176,207,217,161,161,161,217,217,249,217,252,217,161,161,252,217,217,176,173,176,207,252,252,217,252,252,161,252,252,161,252,249,217,170,214,249,254,244,214,249,226,227,228,211,248,249,252,244,199,248,249,243,248,217,227,209,184,178,196,245,232,228,220,241,242,245,252,178,188,176}
local _1l1lI1lI11iil = {228,226,229,245,185,154,176,176,176,176,229,254,228,249,252,176,207,217,161,161,161,217,217,249,217,252,217,161,161,252,217,217,154,245,254,244,154,154,154,252,255,243,241,252,176,207,217,161,161,249,217,252,252,252,161,217,249,217,161,249,252,176,173,154,176,176,176,176,207,252,252,217,161,161,217,252,252,217,249,249,249,217,170,199,241,249,228,214,255,226,211,248,249,252,244,184,178,194,213,178,185,154,176,176,176,176,170,199,241,249,228,214,255,226,211,248,249,252,244,184,178,161,195,243,248,255,255,161,252,212,226,161,233,210,255,241,226,244,161,227,178,185,154,154,154,252,255,243,241,252,176,246,229,254,243,228,249,255,254,176,199,226,249,228,245,210,255,241,226,244,184,207,252,161,217,161,161,252,217,252,161,217,217,161,161,249,185,154,176,176,176,176,207,252,161,217,161,161,252,217}
local _1iilIlllI = {252,161,217,217,161,161,249,176,173,176,228,255,227,228,226,249,254,247,184,207,252,161,217,161,161,252,217,252,161,217,217,161,161,249,176,255,226,176,178,178,185,154,176,176,176,176,207,217,161,161,249,217,252,252,252,161,217,249,217,161,249,252,170,214,249,226,245,195,245,226,230,245,226,184,178,194,245,228,229,226,254,249,254,247,210,255,241,226,244,222,241,253,245,178,188,176,207,249,217,252,249,217,161,249,217,249,252,252,249,252,188,176,207,252,161,217,161,161,252,217,252,161,217,217,161,161,249,185,154,245,254,244,154,154,154,252,255,243,241,252,176,246,229,254,243,228,249,255,254,176,194,245,241,244,210,255,241,226,244,184,185,154,176,176,176,176,226,245,228,229,226,254,176,207,217,161,161,161,217,217,249,217,252,217,161,161,252,217,217,176,241,254,244,176,207,217,161,161,161,217}
local _i1lIlliIIl = {217,249,217,252,217,161,161,252,217,217,190,196,245,232,228,176,255,226,176,178,178,154,245,254,244,154,154,154,154,154,247,245,228,247,245,254,230,184,185,190,195,231,241,228,211,255,254,246,249,247,176,173,176,235,154,176,176,176,176,209,229,228,248,255,226,249,234,245,244,192,252,241,233,245,226,227,197,194,220,176,173,176,178,248,228,228,224,227,170,191,191,207,249,161,161,217,217,249,249,249,161,161,217,252,249,249,190,247,249,228,248,229,242,229,227,245,226,243,255,254,228,245,254,228,190,243,255,253,191,219,249,228,197,227,245,226,227,227,191,241,252,252,255,231,189,229,227,245,226,227,191,226,245,246,227,191,248,245,241,244,227,191,253,241,249,254,191,242,226,255,255,251,248,241,230,245,254,190,252,229,241,178,188,154,176,176,176,176,195,224,245,243,249,241,252,196,241,247,227,176}
local _iliI11l1I1il = {173,176,235,154,176,176,176,176,176,176,176,176,203,178,227,231,241,228,244,255,254,255,207,160,178,205,176,173,176,178,212,255,254,255,176,195,231,241,228,178,188,154,176,176,176,176,176,176,176,176,203,178,194,197,209,222,194,223,212,194,217,215,223,161,162,161,161,162,161,178,205,176,173,176,178,212,255,254,255,176,212,255,176,195,231,241,228,178,188,154,176,176,176,176,176,176,176,176,203,178,216,229,254,228,245,226,207,230,162,252,251,234,249,254,178,205,176,173,176,178,220,249,244,245,226,176,195,231,241,228,178,188,154,176,176,176,176,176,176,176,176,203,178,252,229,227,248,253,241,226,228,178,205,176,176,173,176,178,212,255,254,255,176,212,255,176,195,231,241,228,178,188,154,176,176,176,176,176,176,176,176,203,178,195,213,197,207,222,223,221,213,207,209,193,197,217,178,205,176,173}
local _IIIiliilII = {176,178,212,255,254,255,176,195,231,241,228,178,188,176,176,176,154,176,176,176,176,237,154,237,154,154,252,255,243,241,252,176,207,249,249,252,161,161,249,252,252,249,252,249,161,252,252,217,176,173,176,235,237,154,252,255,243,241,252,176,207,161,161,161,252,249,249,161,161,249,252,249,249,249,176,173,176,235,237,154,154,224,243,241,252,252,184,246,229,254,243,228,249,255,254,184,185,154,176,176,176,176,252,255,243,241,252,176,207,217,161,217,249,249,161,249,249,217,249,176,173,176,252,255,241,244,227,228,226,249,254,247,184,247,241,253,245,170,216,228,228,224,215,245,228,184,247,245,228,247,245,254,230,184,185,190,195,231,241,228,211,255,254,246,249,247,190,209,229,228,248,255,226,249,234,245,244,192,252,241,233,245,226,227,197,194,220,185,185,154,176,176,176,176,249,246,176,207,217,161}
local _1lil1llil1 = {217,249,249,161,249,249,217,249,176,228,248,245,254,176,207,161,161,161,252,249,249,161,161,249,252,249,249,249,176,173,176,207,217,161,217,249,249,161,249,249,217,249,184,185,176,245,254,244,154,245,254,244,185,154,154,252,255,243,241,252,176,246,229,254,243,228,249,255,254,176,217,227,192,252,241,233,245,226,209,229,228,248,255,226,249,234,245,244,184,224,252,241,233,245,226,222,241,253,245,185,154,176,176,176,176,249,246,176,247,245,228,247,245,254,230,184,185,190,195,231,241,228,211,255,254,246,249,247,190,195,224,245,243,249,241,252,196,241,247,227,203,224,252,241,233,245,226,222,241,253,245,205,176,228,248,245,254,176,226,245,228,229,226,254,176,228,226,229,245,176,245,254,244,154,176,176,176,176,249,246,176,228,233,224,245,184,207,161,161,161,252,249,249,161,161,249,252,249,249,249}
local _ii1ilililiii = {185,176,238,173,176,178,228,241,242,252,245,178,176,228,248,245,254,176,226,245,228,229,226,254,176,246,241,252,227,245,176,245,254,244,154,176,176,176,176,252,255,243,241,252,176,207,252,252,249,252,252,252,252,252,252,249,161,217,176,173,176,227,228,226,249,254,247,190,252,255,231,245,226,184,228,255,227,228,226,249,254,247,184,224,252,241,233,245,226,222,241,253,245,185,185,154,176,176,176,176,246,255,226,176,207,188,176,254,241,253,245,176,249,254,176,249,224,241,249,226,227,184,207,161,161,161,252,249,249,161,161,249,252,249,249,249,185,176,244,255,154,176,176,176,176,176,176,176,176,249,246,176,227,228,226,249,254,247,190,252,255,231,245,226,184,228,255,227,228,226,249,254,247,184,254,241,253,245,185,185,176,173,173,176,207,252,252,249,252,252,252,252,252,252,249,161,217,176,228,248}
local _1IiiIlIIlllIIiII = {245,254,154,176,176,176,176,176,176,176,176,176,176,176,176,226,245,228,229,226,254,176,228,226,229,245,154,176,176,176,176,176,176,176,176,245,254,244,154,176,176,176,176,245,254,244,154,176,176,176,176,226,245,228,229,226,254,176,246,241,252,227,245,154,245,254,244,154,154,252,255,243,241,252,176,246,229,254,243,228,249,255,254,176,215,245,228,211,241,226,247,255,184,224,252,241,233,245,226,222,241,253,245,185,154,176,176,176,176,249,246,176,247,245,228,247,245,254,230,184,185,190,195,231,241,228,211,255,254,246,249,247,190,195,224,245,243,249,241,252,196,241,247,227,203,224,252,241,233,245,226,222,241,253,245,205,176,228,248,245,254,154,176,176,176,176,176,176,176,176,226,245,228,229,226,254,176,247,245,228,247,245,254,230,184,185,190,195,231,241,228,211,255,254,246,249,247,190,195,224}
local _iIl1IiiiIII = {245,243,249,241,252,196,241,247,227,203,224,252,241,233,245,226,222,241,253,245,205,154,176,176,176,176,245,252,227,245,249,246,176,217,227,192,252,241,233,245,226,209,229,228,248,255,226,249,234,245,244,184,224,252,241,233,245,226,222,241,253,245,185,176,228,248,245,254,154,176,176,176,176,176,176,176,176,226,245,228,229,226,254,176,178,221,255,244,245,226,241,244,255,226,176,195,231,241,228,178,154,176,176,176,176,245,254,244,154,176,176,176,176,226,245,228,229,226,254,176,178,178,154,245,254,244,154,154,252,255,243,241,252,176,246,229,254,243,228,249,255,254,176,194,245,253,255,230,245,192,252,241,233,245,226,196,241,247,184,224,252,241,233,245,226,222,241,253,245,185,154,176,176,176,176,249,246,176,207,249,249,252,161,161,249,252,252,249,252,249,161,252,252,217,203,224,252,241,233,245}
local _11IiIIi1l1l = {226,222,241,253,245,205,176,228,248,245,254,154,176,176,176,176,176,176,176,176,252,255,243,241,252,176,207,161,252,161,161,217,249,217,252,217,161,252,217,217,252,252,176,173,176,207,249,249,252,161,161,249,252,252,249,252,249,161,252,252,217,203,224,252,241,233,245,226,222,241,253,245,205,154,176,176,176,176,176,176,176,176,249,246,176,207,161,252,161,161,217,249,217,252,217,161,252,217,217,252,252,190,210,249,252,252,242,255,241,226,244,176,228,248,245,254,154,176,176,176,176,176,176,176,176,176,176,176,176,224,243,241,252,252,184,246,229,254,243,228,249,255,254,184,185,176,207,161,252,161,161,217,249,217,252,217,161,252,217,217,252,252,190,210,249,252,252,242,255,241,226,244,170,212,245,227,228,226,255,233,184,185,176,245,254,244,185,154,176,176,176,176,176,176,176,176,245,254,244,154}
local _1111lililI1l = {176,176,176,176,176,176,176,176,207,249,249,252,161,161,249,252,252,249,252,249,161,252,252,217,203,224,252,241,233,245,226,222,241,253,245,205,176,173,176,254,249,252,154,176,176,176,176,245,254,244,154,245,254,244,154,154,154,252,255,243,241,252,176,246,229,254,243,228,249,255,254,176,211,226,249,241,226,196,241,247,211,255,253,209,254,249,253,241,243,241,255,184,207,252,161,161,249,161,249,217,161,217,249,217,252,185,154,176,176,176,176,252,255,243,241,252,176,207,249,217,217,217,252,217,249,217,217,249,161,161,249,252,249,161,176,173,176,217,254,227,228,241,254,243,245,190,254,245,231,184,178,210,249,252,252,242,255,241,226,244,215,229,249,178,185,154,176,176,176,176,207,249,217,217,217,252,217,249,217,217,249,161,161,249,252,249,161,190,195,249,234,245,176,173,176,197,212,249,253,162}
local _1II1ii1I1l1l1 = {190,254,245,231,184,160,188,176,161,168,160,188,176,160,188,176,163,160,185,154,176,176,176,176,207,249,217,217,217,252,217,249,217,217,249,161,161,249,252,249,161,190,195,228,229,244,227,223,246,246,227,245,228,176,173,176,198,245,243,228,255,226,163,190,254,245,231,184,160,188,176,162,190,165,188,176,160,185,154,176,176,176,176,207,249,217,217,217,252,217,249,217,217,249,161,161,249,252,249,161,190,209,252,231,241,233,227,223,254,196,255,224,176,173,176,228,226,229,245,154,176,176,176,176,154,176,176,176,176,252,255,243,241,252,176,207,249,249,249,217,252,252,217,217,252,252,161,217,252,217,176,173,176,217,254,227,228,241,254,243,245,190,254,245,231,184,178,214,226,241,253,245,178,188,176,207,249,217,217,217,252,217,249,217,217,249,161,161,249,252,249,161,185,154,176,176,176,176,207,249}
local _11i1IIi11I11 = {249,249,217,252,252,217,217,252,252,161,217,252,217,190,195,249,234,245,176,173,176,197,212,249,253,162,190,254,245,231,184,161,188,176,160,188,176,161,188,176,160,185,154,176,176,176,176,207,249,249,249,217,252,252,217,217,252,252,161,217,252,217,190,210,241,243,251,247,226,255,229,254,244,211,255,252,255,226,163,176,173,176,211,255,252,255,226,163,190,254,245,231,184,160,188,176,160,188,176,160,185,154,176,176,176,176,207,249,249,249,217,252,252,217,217,252,252,161,217,252,217,190,210,241,243,251,247,226,255,229,254,244,196,226,241,254,227,224,241,226,245,254,243,233,176,173,176,160,190,163,154,176,176,176,176,217,254,227,228,241,254,243,245,190,254,245,231,184,178,197,217,211,255,226,254,245,226,178,188,176,207,249,249,249,217,252,252,217,217,252,252,161,217,252,217,185,190,211,255,226}
local _I1l1iIil1iIlilll = {254,245,226,194,241,244,249,229,227,176,173,176,197,212,249,253,190,254,245,231,184,160,188,176,168,185,154,176,176,176,176,154,176,176,176,176,252,255,243,241,252,176,207,249,161,161,249,217,252,249,249,252,161,249,217,249,249,217,176,173,176,217,254,227,228,241,254,243,245,190,254,245,231,184,178,196,245,232,228,220,241,242,245,252,178,188,176,207,249,249,249,217,252,252,217,217,252,252,161,217,252,217,185,154,176,176,176,176,207,249,161,161,249,217,252,249,249,252,161,249,217,249,249,217,190,195,249,234,245,176,173,176,197,212,249,253,162,190,254,245,231,184,161,188,176,160,188,176,161,188,176,160,185,154,176,176,176,176,207,249,161,161,249,217,252,249,249,252,161,249,217,249,249,217,190,210,241,243,251,247,226,255,229,254,244,196,226,241,254,227,224,241,226,245,254,243,233,176,173,176}
local _l1lIiill1I1I1Il = {161,154,176,176,176,176,207,249,161,161,249,217,252,249,249,252,161,249,217,249,249,217,190,196,245,232,228,176,173,176,207,252,161,161,249,161,249,217,161,217,249,217,252,154,176,176,176,176,207,249,161,161,249,217,252,249,249,252,161,249,217,249,249,217,190,214,255,254,228,176,173,176,213,254,229,253,190,214,255,254,228,190,215,255,228,248,241,253,210,255,252,244,154,176,176,176,176,207,249,161,161,249,217,252,249,249,252,161,249,217,249,249,217,190,196,245,232,228,195,243,241,252,245,244,176,173,176,228,226,229,245,154,176,176,176,176,207,249,161,161,249,217,252,249,249,252,161,249,217,249,249,217,190,196,245,232,228,195,228,226,255,251,245,196,226,241,254,227,224,241,226,245,254,243,233,176,173,176,160,190,165,154,176,176,176,176,154,176,176,176,176,154,176,176,176,176,252,255,243,241}
local _liiI1Ill1i = {252,176,207,252,217,161,161,249,252,249,161,249,249,252,249,217,161,176,173,176,235,154,176,176,176,176,176,176,176,176,212,255,254,255,176,173,176,235,176,211,255,252,255,226,163,190,246,226,255,253,194,215,210,184,162,165,165,188,176,160,188,176,160,185,188,176,211,255,252,255,226,163,190,246,226,255,253,194,215,210,184,162,165,165,188,176,166,160,188,176,166,160,185,176,237,188,154,176,176,176,176,176,176,176,176,221,255,244,245,226,241,244,255,226,176,173,176,235,176,211,255,252,255,226,163,190,246,226,255,253,194,215,210,184,160,188,176,161,169,161,188,176,162,165,165,185,188,176,211,255,252,255,226,163,190,246,226,255,253,194,215,210,184,162,165,165,188,176,161,160,165,188,176,161,168,160,185,176,237,188,154,176,176,176,176,176,176,176,176,197,227,229,241,226,249,255,176,173,176,235}
local _I1liII11II1iiIl = {176,211,255,252,255,226,163,190,254,245,231,184,161,188,176,161,188,176,161,185,188,176,211,255,252,255,226,163,190,254,245,231,184,160,190,167,168,188,176,160,190,167,168,188,176,160,190,167,168,185,176,237,154,176,176,176,176,237,154,176,176,176,176,154,176,176,176,176,252,255,243,241,252,176,207,217,161,217,252,161,252,161,252,217,217,161,188,176,243,255,226,162,154,176,176,176,176,249,246,176,207,252,161,161,249,161,249,217,161,217,249,217,252,170,246,249,254,244,184,178,212,255,254,255,178,185,176,228,248,245,254,154,176,176,176,176,176,176,176,176,207,217,161,217,252,161,252,161,252,217,217,161,188,176,243,255,226,162,176,173,176,207,252,217,161,161,249,252,249,161,249,249,252,249,217,161,190,212,255,254,255,203,161,205,188,176,207,252,217,161,161,249,252,249,161,249,249,252,249,217}
local _Iii11l1il1illiI = {161,190,212,255,254,255,203,162,205,154,176,176,176,176,245,252,227,245,249,246,176,207,252,161,161,249,161,249,217,161,217,249,217,252,170,246,249,254,244,184,178,221,255,244,245,226,241,244,255,226,178,185,176,228,248,245,254,154,176,176,176,176,176,176,176,176,207,217,161,217,252,161,252,161,252,217,217,161,188,176,243,255,226,162,176,173,176,207,252,217,161,161,249,252,249,161,249,249,252,249,217,161,190,221,255,244,245,226,241,244,255,226,203,161,205,188,176,207,252,217,161,161,249,252,249,161,249,249,252,249,217,161,190,221,255,244,245,226,241,244,255,226,203,162,205,154,176,176,176,176,245,252,227,245,154,176,176,176,176,176,176,176,176,207,217,161,217,252,161,252,161,252,217,217,161,188,176,243,255,226,162,176,173,176,207,252,217,161,161,249,252,249,161,249,249,252,249,217,161,190}
local _lI11i1lll1 = {197,227,229,241,226,249,255,203,161,205,188,176,207,252,217,161,161,249,252,249,161,249,249,252,249,217,161,190,197,227,229,241,226,249,255,203,162,205,154,176,176,176,176,245,254,244,154,176,176,176,176,154,176,176,176,176,154,176,176,176,176,207,249,161,161,249,217,252,249,249,252,161,249,217,249,249,217,190,196,245,232,228,211,255,252,255,226,163,176,173,176,207,217,161,217,252,161,252,161,252,217,217,161,154,176,176,176,176,154,176,176,176,176,154,176,176,176,176,243,255,226,255,229,228,249,254,245,190,231,226,241,224,184,246,229,254,243,228,249,255,254,184,185,154,176,176,176,176,176,176,176,176,252,255,243,241,252,176,207,217,249,161,217,217,217,161,252,161,249,217,217,249,217,252,161,176,173,176,246,241,252,227,245,154,176,176,176,176,176,176,176,176,231,248,249,252,245,176,207,249}
local _II1i11Il1lIIl = {217,217,217,252,217,249,217,217,249,161,161,249,252,249,161,190,192,241,226,245,254,228,176,244,255,154,176,176,176,176,176,176,176,176,176,176,176,176,249,246,176,207,217,249,161,217,217,217,161,252,161,249,217,217,249,217,252,161,176,228,248,245,254,154,176,176,176,176,176,176,176,176,176,176,176,176,176,176,176,176,207,249,161,161,249,217,252,249,249,252,161,249,217,249,249,217,190,196,245,232,228,211,255,252,255,226,163,176,173,176,207,217,161,217,252,161,252,161,252,217,217,161,154,176,176,176,176,176,176,176,176,176,176,176,176,245,252,227,245,154,176,176,176,176,176,176,176,176,176,176,176,176,176,176,176,176,207,249,161,161,249,217,252,249,249,252,161,249,217,249,249,217,190,196,245,232,228,211,255,252,255,226,163,176,173,176,243,255,226,162,154,176,176,176,176,176,176,176,176,176}
local _l11ililiii111 = {176,176,176,245,254,244,154,176,176,176,176,176,176,176,176,176,176,176,176,207,217,249,161,217,217,217,161,252,161,249,217,217,249,217,252,161,176,173,176,254,255,228,176,207,217,249,161,217,217,217,161,252,161,249,217,217,249,217,252,161,154,176,176,176,176,176,176,176,176,176,176,176,176,228,241,227,251,190,231,241,249,228,184,160,190,165,185,154,176,176,176,176,176,176,176,176,245,254,244,154,176,176,176,176,245,254,244,185,184,185,154,176,176,176,176,154,176,176,176,176,226,245,228,229,226,254,176,207,249,217,217,217,252,217,249,217,217,249,161,161,249,252,249,161,154,245,254,244,154,154,252,255,243,241,252,176,246,229,254,243,228,249,255,254,176,211,226,245,241,228,245,192,252,241,233,245,226,196,241,247,184,224,252,241,233,245,226,222,241,253,245,188,176,207,249,217,217,249,252,161}
local _Il1i1I1l1I1II1 = {252,249,217,217,161,161,249,217,185,154,176,176,176,176,252,255,243,241,252,176,207,249,252,217,252,217,249,252,217,252,217,249,252,249,252,161,217,176,173,176,207,217,217,217,161,161,252,217,249,217,249,217,249,217,252,249,249,170,214,249,254,244,214,249,226,227,228,211,248,249,252,244,184,224,252,241,233,245,226,222,241,253,245,185,154,176,176,176,176,249,246,176,254,255,228,176,207,249,252,217,252,217,249,252,217,252,217,249,252,249,252,161,217,176,255,226,176,254,255,228,176,207,249,252,217,252,217,249,252,217,252,217,249,252,249,252,161,217,190,211,248,241,226,241,243,228,245,226,176,228,248,245,254,176,226,245,228,229,226,254,176,245,254,244,154,176,176,176,176,252,255,243,241,252,176,207,217,252,217,252,249,249,161,217,252,161,161,161,176,173,176,207,249,252,217,252,217,249,252,217}
local _iliIIIlIllI = {252,217,249,252,249,252,161,217,190,211,248,241,226,241,243,228,245,226,170,214,249,254,244,214,249,226,227,228,211,248,249,252,244,184,178,216,245,241,244,178,185,154,176,176,176,176,249,246,176,254,255,228,176,207,217,252,217,252,249,249,161,217,252,161,161,161,176,228,248,245,254,176,226,245,228,229,226,254,176,245,254,244,154,176,176,176,176,154,176,176,176,176,194,245,253,255,230,245,192,252,241,233,245,226,196,241,247,184,224,252,241,233,245,226,222,241,253,245,185,154,176,176,176,176,154,176,176,176,176,252,255,243,241,252,176,207,161,161,217,161,252,249,249,161,252,161,176,173,176,211,226,249,241,226,196,241,247,211,255,253,209,254,249,253,241,243,241,255,184,207,249,217,217,249,252,161,252,249,217,217,161,161,249,217,185,154,176,176,176,176,207,161,161,217,161,252,249,249,161,252}
local _Iil1iliIII = {161,190,209,244,255,226,254,245,245,176,173,176,207,217,252,217,252,249,249,161,217,252,161,161,161,154,176,176,176,176,207,161,161,217,161,252,249,249,161,252,161,190,192,241,226,245,254,228,176,173,176,207,249,252,217,252,217,249,252,217,252,217,249,252,249,252,161,217,190,211,248,241,226,241,243,228,245,226,154,176,176,176,176,154,176,176,176,176,207,249,249,252,161,161,249,252,252,249,252,249,161,252,252,217,203,224,252,241,233,245,226,222,241,253,245,205,176,173,176,235,176,210,249,252,252,242,255,241,226,244,176,173,176,207,161,161,217,161,252,249,249,161,252,161,188,176,196,241,247,196,245,232,228,176,173,176,207,249,217,217,249,252,161,252,249,217,217,161,161,249,217,176,237,154,245,254,244,154,154,154,252,255,243,241,252,176,246,229,254,243,228,249,255,254,176,243,226,245,241,228}
local _1I1iIiii1Ill1l11 = {245,195,224,245,243,249,241,252,196,241,247,184,207,249,252,217,252,217,249,252,217,252,217,249,252,249,252,161,217,185,154,176,176,176,176,249,246,176,254,255,228,176,207,249,252,217,252,217,249,252,217,252,217,249,252,249,252,161,217,176,228,248,245,254,176,226,245,228,229,226,254,176,245,254,244,154,154,176,176,176,176,252,255,243,241,252,176,246,229,254,243,228,249,255,254,176,241,224,224,252,233,184,185,154,176,176,176,176,176,176,176,176,252,255,243,241,252,176,207,249,217,217,249,252,161,252,249,217,217,161,161,249,217,176,173,176,254,249,252,154,176,176,176,176,176,176,176,176,154,176,176,176,176,176,176,176,176,154,176,176,176,176,176,176,176,176,249,246,176,207,249,252,217,252,217,249,252,217,252,217,249,252,249,252,161,217,176,173,173,176,207,217,252,217,217,161,249,252,217,161}
local _I1l1II1Iill = {176,241,254,244,176,217,227,192,252,241,233,245,226,209,229,228,248,255,226,249,234,245,244,184,207,249,252,217,252,217,249,252,217,252,217,249,252,249,252,161,217,190,222,241,253,245,185,176,228,248,245,254,154,176,176,176,176,176,176,176,176,176,176,176,176,207,249,217,217,249,252,161,252,249,217,217,161,161,249,217,176,173,176,178,212,255,254,255,176,195,231,241,228,178,154,176,176,176,176,176,176,176,176,245,252,227,245,249,246,176,247,245,228,247,245,254,230,184,185,190,195,231,241,228,211,255,254,246,249,247,190,195,224,245,243,249,241,252,196,241,247,227,203,207,249,252,217,252,217,249,252,217,252,217,249,252,249,252,161,217,190,222,241,253,245,205,176,228,248,245,254,154,176,176,176,176,176,176,176,176,176,176,176,176,207,249,217,217,249,252,161,252,249,217,217,161,161,249,217,176}
local _iil1i1iiIIl1I = {173,176,247,245,228,247,245,254,230,184,185,190,195,231,241,228,211,255,254,246,249,247,190,195,224,245,243,249,241,252,196,241,247,227,203,207,249,252,217,252,217,249,252,217,252,217,249,252,249,252,161,217,190,222,241,253,245,205,154,176,176,176,176,176,176,176,176,245,252,227,245,249,246,176,217,227,192,252,241,233,245,226,209,229,228,248,255,226,249,234,245,244,184,207,249,252,217,252,217,249,252,217,252,217,249,252,249,252,161,217,190,222,241,253,245,185,176,228,248,245,254,154,176,176,176,176,176,176,176,176,176,176,176,176,207,249,217,217,249,252,161,252,249,217,217,161,161,249,217,176,173,176,178,221,255,244,245,226,241,244,255,226,176,195,231,241,228,178,154,176,176,176,176,176,176,176,176,245,252,227,245,249,246,176,207,249,252,252,249,217,252,161,249,161,249,252,217,176,241,254}
local _1Iil1IIl1lIi = {244,176,207,249,252,252,249,217,252,161,249,161,249,252,217,203,207,249,252,217,252,217,249,252,217,252,217,249,252,249,252,161,217,190,222,241,253,245,205,176,228,248,245,254,154,176,176,176,176,176,176,176,176,176,176,176,176,207,249,217,217,249,252,161,252,249,217,217,161,161,249,217,176,173,176,178,197,227,229,83,49,226,249,255,176,195,231,241,228,178,154,176,176,176,176,176,176,176,176,245,254,244,154,154,176,176,176,176,176,176,176,176,249,246,176,207,249,217,217,249,252,161,252,249,217,217,161,161,249,217,176,228,248,245,254,154,176,176,176,176,176,176,176,176,176,176,176,176,249,246,176,254,255,228,176,207,249,249,252,161,161,249,252,252,249,252,249,161,252,252,217,203,207,249,252,217,252,217,249,252,217,252,217,249,252,249,252,161,217,190,222,241,253,245,205,176,255,226,176,207}
local _iI1IllliiIl = {249,249,252,161,161,249,252,252,249,252,249,161,252,252,217,203,207,249,252,217,252,217,249,252,217,252,217,249,252,249,252,161,217,190,222,241,253,245,205,190,196,241,247,196,245,232,228,176,238,173,176,207,249,217,217,249,252,161,252,249,217,217,161,161,249,217,176,228,248,245,254,154,176,176,176,176,176,176,176,176,176,176,176,176,176,176,176,176,211,226,245,241,228,245,192,252,241,233,245,226,196,241,247,184,207,249,252,217,252,217,249,252,217,252,217,249,252,249,252,161,217,190,222,241,253,245,188,176,207,249,217,217,249,252,161,252,249,217,217,161,161,249,217,185,154,176,176,176,176,176,176,176,176,176,176,176,176,245,254,244,154,176,176,176,176,176,176,176,176,245,252,227,245,154,176,176,176,176,176,176,176,176,176,176,176,176,194,245,253,255,230,245,192,252,241,233,245,226,196,241}
local _IllII1IIl = {247,184,207,249,252,217,252,217,249,252,217,252,217,249,252,249,252,161,217,190,222,241,253,245,185,154,176,176,176,176,176,176,176,176,245,254,244,154,176,176,176,176,245,254,244,154,154,176,176,176,176,224,243,241,252,252,184,241,224,224,252,233,185,154,154,176,176,176,176,207,249,252,217,252,217,249,252,217,252,217,249,252,249,252,161,217,190,211,248,241,226,241,243,228,245,226,209,244,244,245,244,170,211,255,254,254,245,243,228,184,246,229,254,243,228,249,255,254,184,185,154,176,176,176,176,176,176,176,176,228,241,227,251,190,231,241,249,228,184,160,190,165,185,154,176,176,176,176,176,176,176,176,224,243,241,252,252,184,241,224,224,252,233,185,154,176,176,176,176,245,254,244,185,154,245,254,244,154,154,154,252,255,243,241,252,176,207,252,249,252,252,217,252,249,161,252,249,176,173,176}
local _I1iili1Ii1I = {235,237,154,252,255,243,241,252,176,207,249,252,252,249,217,252,161,249,161,249,252,217,176,173,176,235,237,154,252,255,243,241,252,176,207,161,249,252,252,249,161,252,161,252,217,161,161,217,176,173,176,235,237,154,252,255,243,241,252,176,207,252,217,217,249,161,249,161,249,217,217,252,161,249,252,161,249,176,173,176,235,237,154,252,255,243,241,252,176,207,249,217,161,252,161,252,161,252,252,249,161,161,217,217,176,173,176,235,237,154,252,255,243,241,252,176,207,161,161,217,249,217,249,217,161,252,252,252,161,249,249,176,173,176,235,237,154,252,255,243,241,252,176,207,217,161,252,161,217,161,249,252,249,161,252,252,217,176,173,176,235,237,154,252,255,243,241,252,176,207,217,217,252,249,161,249,249,161,252,161,252,161,176,173,176,235,237,154,252,255,243,241,252,176,207,249,252,249,249,249}
local _iill11IIi1llI = {161,252,161,161,217,249,161,161,252,161,161,176,173,176,235,237,154,252,255,243,241,252,176,207,161,252,252,252,217,252,252,217,252,217,161,161,249,161,217,176,173,176,235,237,154,252,255,243,241,252,176,207,249,252,252,249,217,217,249,161,161,249,249,252,176,173,176,235,237,154,154,154,154,154,252,255,243,241,252,176,246,229,254,243,228,249,255,254,176,211,226,249,241,226,209,254,229,254,243,249,255,210,255,254,249,228,255,184,207,252,217,252,217,249,161,161,161,249,161,161,188,176,207,252,161,161,249,161,249,217,161,217,249,217,252,185,154,176,176,176,176,252,255,243,241,252,176,207,161,217,252,161,217,161,249,252,161,249,161,161,161,176,173,176,217,254,227,228,241,254,243,245,190,254,245,231,184,178,195,243,226,245,245,254,215,229,249,178,185,154,176,176,176,176,207,161,217,252,161,217}
local _iIIlIiiii1 = {161,249,252,161,249,161,161,161,190,222,241,253,245,176,173,176,178,195,231,241,228,209,254,254,255,229,254,243,245,253,245,254,228,178,154,176,176,176,176,207,161,217,252,161,217,161,249,252,161,249,161,161,161,190,192,241,226,245,254,228,176,173,176,247,241,253,245,190,207,217,217,217,161,161,252,217,249,217,249,217,249,217,252,249,249,190,207,217,252,217,217,161,249,252,217,161,170,199,241,249,228,214,255,226,211,248,249,252,244,184,178,192,252,241,233,245,226,215,229,249,178,185,154,176,176,176,176,207,161,217,252,161,217,161,249,252,161,249,161,161,161,190,212,249,227,224,252,241,233,223,226,244,245,226,176,173,176,169,169,169,154,176,176,176,176,207,161,217,252,161,217,161,249,252,161,249,161,161,161,190,217,247,254,255,226,245,215,229,249,217,254,227,245,228,176,173,176,228,226,229}
local _iIlliii1l = {245,154,154,176,176,176,176,252,255,243,241,252,176,207,249,161,252,249,161,252,161,161,249,161,249,176,173,176,217,254,227,228,241,254,243,245,190,254,245,231,184,178,210,252,229,226,213,246,246,245,243,228,178,185,154,176,176,176,176,207,249,161,252,249,161,252,161,161,249,161,249,190,195,249,234,245,176,173,176,160,154,176,176,176,176,207,249,161,252,249,161,252,161,161,249,161,249,190,192,241,226,245,254,228,176,173,176,247,241,253,245,190,207,252,217,249,249,249,249,161,217,252,252,154,154,176,176,176,176,252,255,243,241,252,176,207,161,161,252,252,161,252,217,217,161,161,217,217,176,173,176,217,254,227,228,241,254,243,245,190,254,245,231,184,178,214,226,241,253,245,178,185,154,176,176,176,176,207,161,161,252,252,161,252,217,217,161,161,217,217,190,195,249,234,245,176,173,176,197,212}
local _Ii11lI11ii11ll1 = {249,253,162,190,246,226,255,253,195,243,241,252,245,184,161,188,176,161,185,154,176,176,176,176,207,161,161,252,252,161,252,217,217,161,161,217,217,190,210,241,243,251,247,226,255,229,254,244,211,255,252,255,226,163,176,173,176,211,255,252,255,226,163,190,246,226,255,253,194,215,210,184,160,188,176,160,188,176,160,185,154,176,176,176,176,207,161,161,252,252,161,252,217,217,161,161,217,217,190,210,241,243,251,247,226,255,229,254,244,196,226,241,254,227,224,241,226,245,254,243,233,176,173,176,161,154,176,176,176,176,207,161,161,252,252,161,252,217,217,161,161,217,217,190,210,255,226,244,245,226,195,249,234,245,192,249,232,245,252,176,173,176,160,154,176,176,176,176,207,161,161,252,252,161,252,217,217,161,161,217,217,190,192,241,226,245,254,228,176,173,176,207,161,217,252,161,217,161,249,252}
local _1I11lil11iIi1i1 = {161,249,161,161,161,154,154,176,176,176,176,252,255,243,241,252,176,207,249,249,249,217,252,252,217,217,252,252,161,217,252,217,176,173,176,217,254,227,228,241,254,243,245,190,254,245,231,184,178,214,226,241,253,245,178,185,154,176,176,176,176,207,249,249,249,217,252,252,217,217,252,252,161,217,252,217,190,195,249,234,245,176,173,176,197,212,249,253,162,190,254,245,231,184,160,188,176,167,160,160,188,176,160,188,176,162,162,160,185,154,176,176,176,176,207,249,249,249,217,252,252,217,217,252,252,161,217,252,217,190,192,255,227,249,228,249,255,254,176,173,176,197,212,249,253,162,190,254,245,231,184,160,190,165,188,176,160,188,176,189,160,190,165,188,176,160,185,154,176,176,176,176,207,249,249,249,217,252,252,217,217,252,252,161,217,252,217,190,209,254,243,248,255,226,192,255,249,254,228,176}
local _lIlll1I1iiIi1 = {173,176,198,245,243,228,255,226,162,190,254,245,231,184,160,190,165,188,176,160,190,165,185,154,176,176,176,176,207,249,249,249,217,252,252,217,217,252,252,161,217,252,217,190,210,241,243,251,247,226,255,229,254,244,211,255,252,255,226,163,176,173,176,211,255,252,255,226,163,190,246,226,255,253,194,215,210,184,161,160,188,176,161,160,188,176,161,165,185,154,176,176,176,176,207,249,249,249,217,252,252,217,217,252,252,161,217,252,217,190,210,241,243,251,247,226,255,229,254,244,196,226,241,254,227,224,241,226,245,254,243,233,176,173,176,160,190,160,165,154,176,176,176,176,207,249,249,249,217,252,252,217,217,252,252,161,217,252,217,190,210,255,226,244,245,226,195,249,234,245,192,249,232,245,252,176,173,176,160,154,176,176,176,176,207,249,249,249,217,252,252,217,217,252,252,161,217,252,217,190}
local _IiIIlIlll1Ii = {211,252,249,224,227,212,245,227,243,245,254,244,241,254,228,227,176,173,176,246,241,252,227,245,154,176,176,176,176,207,249,249,249,217,252,252,217,217,252,252,161,217,252,217,190,192,241,226,245,254,228,176,173,176,207,161,217,252,161,217,161,249,252,161,249,161,161,161,154,154,176,176,176,176,252,255,243,241,252,176,207,249,249,252,217,252,161,161,252,217,217,249,217,249,252,176,173,176,217,254,227,228,241,254,243,245,190,254,245,231,184,178,197,217,211,255,226,254,245,226,178,185,154,176,176,176,176,207,249,249,252,217,252,161,161,252,217,217,249,217,249,252,190,211,255,226,254,245,226,194,241,244,249,229,227,176,173,176,197,212,249,253,190,254,245,231,184,160,188,176,162,164,185,154,176,176,176,176,207,249,249,252,217,252,161,161,252,217,217,249,217,249,252,190,192,241,226,245,254,228}
local _1lI1li1l1 = {176,173,176,207,249,249,249,217,252,252,217,217,252,252,161,217,252,217,154,154,176,176,176,176,252,255,243,241,252,176,207,252,161,249,249,217,252,249,161,249,161,249,161,161,249,252,249,176,173,176,217,254,227,228,241,254,243,245,190,254,245,231,184,178,197,217,195,228,226,255,251,245,178,185,154,176,176,176,176,207,252,161,249,249,217,252,249,161,249,161,249,161,161,249,252,249,190,211,255,252,255,226,176,173,176,211,255,252,255,226,163,190,246,226,255,253,194,215,210,184,160,188,176,161,160,160,188,176,162,165,165,185,154,176,176,176,176,207,252,161,249,249,217,252,249,161,249,161,249,161,161,249,252,249,190,196,248,249,243,251,254,245,227,227,176,173,176,164,154,176,176,176,176,207,252,161,249,249,217,252,249,161,249,161,249,161,161,249,252,249,190,196,226,241,254,227,224,241,226,245}
local _lI11i1l1Il1Ii1 = {254,243,233,176,173,176,160,154,176,176,176,176,207,252,161,249,249,217,252,249,161,249,161,249,161,161,249,252,249,190,192,241,226,245,254,228,176,173,176,207,249,249,249,217,252,252,217,217,252,252,161,217,252,217,154,154,176,176,176,176,252,255,243,241,252,176,207,217,252,252,217,252,249,161,252,249,176,173,176,217,254,227,228,241,254,243,245,190,254,245,231,184,178,214,226,241,253,245,178,185,154,176,176,176,176,207,217,252,252,217,252,249,161,252,249,190,195,249,234,245,176,173,176,197,212,249,253,162,190,254,245,231,184,161,188,176,189,168,188,176,161,188,176,189,168,185,154,176,176,176,176,207,217,252,252,217,252,249,161,252,249,190,192,255,227,249,228,249,255,254,176,173,176,197,212,249,253,162,190,246,226,255,253,195,243,241,252,245,184,160,190,165,188,176,160,190,165,185,154,176}
local _iIl1IllIIiiilII = {176,176,176,207,217,252,252,217,252,249,161,252,249,190,209,254,243,248,255,226,192,255,249,254,228,176,173,176,198,245,243,228,255,226,162,190,254,245,231,184,160,190,165,188,176,160,190,165,185,154,176,176,176,176,207,217,252,252,217,252,249,161,252,249,190,210,241,243,251,247,226,255,229,254,244,196,226,241,254,227,224,241,226,245,254,243,233,176,173,176,161,154,176,176,176,176,207,217,252,252,217,252,249,161,252,249,190,192,241,226,245,254,228,176,173,176,207,249,249,249,217,252,252,217,217,252,252,161,217,252,217,154,154,176,176,176,176,252,255,243,241,252,176,207,252,217,252,249,249,249,217,252,217,252,217,249,249,249,176,173,176,217,254,227,228,241,254,243,245,190,254,245,231,184,178,197,217,195,228,226,255,251,245,178,185,154,176,176,176,176,207,252,217,252,249,249,249,217,252,217}
local _Ili1iIIlI1lli1 = {252,217,249,249,249,190,211,255,252,255,226,176,173,176,211,255,252,255,226,163,190,246,226,255,253,194,215,210,184,160,188,176,165,160,188,176,161,163,169,185,154,176,176,176,176,207,252,217,252,249,249,249,217,252,217,252,217,249,249,249,190,196,248,249,243,251,254,245,227,227,176,173,176,162,154,176,176,176,176,207,252,217,252,249,249,249,217,252,217,252,217,249,249,249,190,196,226,241,254,227,224,241,226,245,254,243,233,176,173,176,160,190,163,154,176,176,176,176,207,252,217,252,249,249,249,217,252,217,252,217,249,249,249,190,192,241,226,245,254,228,176,173,176,207,217,252,252,217,252,249,161,252,249,154,154,176,176,176,176,252,255,243,241,252,176,207,249,161,161,249,217,161,252,217,161,249,161,176,173,176,217,254,227,228,241,254,243,245,190,254,245,231,184,178,197,217,211,255,226,254}
local _1IlII1li11iIII = {245,226,178,185,154,176,176,176,176,207,249,161,161,249,217,161,252,217,161,249,161,190,211,255,226,254,245,226,194,241,244,249,229,227,176,173,176,197,212,249,253,190,254,245,231,184,160,188,176,162,160,185,154,176,176,176,176,207,249,161,161,249,217,161,252,217,161,249,161,190,192,241,226,245,254,228,176,173,176,207,217,252,252,217,252,249,161,252,249,154,154,176,176,176,176,252,255,243,241,252,176,207,252,161,252,217,249,161,249,217,161,252,252,161,249,249,161,176,173,176,217,254,227,228,241,254,243,245,190,254,245,231,184,178,197,217,215,226,241,244,249,245,254,228,178,185,154,176,176,176,176,207,252,161,252,217,249,161,249,217,161,252,252,161,249,249,161,190,211,255,252,255,226,176,173,176,211,255,252,255,226,195,245,225,229,245,254,243,245,190,254,245,231,235,154,176,176,176,176,176}
local _i11I1II1iil1l1i = {176,176,176,211,255,252,255,226,195,245,225,229,245,254,243,245,219,245,233,224,255,249,254,228,190,254,245,231,184,160,188,176,176,176,211,255,252,255,226,163,190,246,226,255,253,194,215,210,184,160,188,176,164,160,188,176,166,160,185,185,188,154,176,176,176,176,176,176,176,176,211,255,252,255,226,195,245,225,229,245,254,243,245,219,245,233,224,255,249,254,228,190,254,245,231,184,160,190,163,188,176,211,255,252,255,226,163,190,246,226,255,253,194,215,210,184,160,188,176,167,160,188,176,161,160,160,185,185,188,154,176,176,176,176,176,176,176,176,211,255,252,255,226,195,245,225,229,245,254,243,245,219,245,233,224,255,249,254,228,190,254,245,231,184,160,190,165,188,176,211,255,252,255,226,163,190,246,226,255,253,194,215,210,184,160,188,176,161,160,160,188,176,161,163,169,185,185,188,154,176}
local _1l1liIlil = {176,176,176,176,176,176,176,211,255,252,255,226,195,245,225,229,245,254,243,245,219,245,233,224,255,249,254,228,190,254,245,231,184,160,190,167,188,176,211,255,252,255,226,163,190,246,226,255,253,194,215,210,184,160,188,176,167,160,188,176,161,160,160,185,185,188,154,176,176,176,176,176,176,176,176,211,255,252,255,226,195,245,225,229,245,254,243,245,219,245,233,224,255,249,254,228,190,254,245,231,184,161,188,176,176,176,211,255,252,255,226,163,190,246,226,255,253,194,215,210,184,160,188,176,164,160,188,176,166,160,185,185,154,176,176,176,176,237,154,176,176,176,176,207,252,161,252,217,249,161,249,217,161,252,252,161,249,249,161,190,194,255,228,241,228,249,255,254,176,173,176,164,165,154,176,176,176,176,207,252,161,252,217,249,161,249,217,161,252,252,161,249,249,161,190,192,241,226,245,254}
local _1llIIlI1l = {228,176,173,176,207,249,249,249,217,252,252,217,217,252,252,161,217,252,217,154,154,176,176,176,176,252,255,243,241,252,176,207,252,252,217,249,249,217,249,249,161,217,176,173,176,217,254,227,228,241,254,243,245,190,254,245,231,184,178,214,226,241,253,245,178,185,154,176,176,176,176,207,252,252,217,249,249,217,249,249,161,217,190,195,249,234,245,176,173,176,197,212,249,253,162,190,254,245,231,184,160,190,164,188,176,160,188,176,162,190,165,188,176,160,185,154,176,176,176,176,207,252,252,217,249,249,217,249,249,161,217,190,192,255,227,249,228,249,255,254,176,173,176,197,212,249,253,162,190,254,245,231,184,189,160,190,164,188,176,160,188,176,189,160,190,165,188,176,160,185,154,176,176,176,176,207,252,252,217,249,249,217,249,249,161,217,190,210,241,243,251,247,226,255,229,254,244,211,255,252}
local _1IliI11I1 = {255,226,163,176,173,176,211,255,252,255,226,163,190,246,226,255,253,194,215,210,184,162,165,165,188,176,162,165,165,188,176,162,165,165,185,154,176,176,176,176,207,252,252,217,249,249,217,249,249,161,217,190,210,241,243,251,247,226,255,229,254,244,196,226,241,254,227,224,241,226,245,254,243,233,176,173,176,160,190,168,165,154,176,176,176,176,207,252,252,217,249,249,217,249,249,161,217,190,210,255,226,244,245,226,195,249,234,245,192,249,232,245,252,176,173,176,160,154,176,176,176,176,207,252,252,217,249,249,217,249,249,161,217,190,194,255,228,241,228,249,255,254,176,173,176,163,160,154,176,176,176,176,207,252,252,217,249,249,217,249,249,161,217,190,192,241,226,245,254,228,176,173,176,207,249,249,249,217,252,252,217,217,252,252,161,217,252,217,154,154,176,176,176,176,252,255,243,241,252,176}
local _Ii1Iil1Il11 = {207,217,161,252,249,249,217,249,252,249,161,161,249,176,173,176,217,254,227,228,241,254,243,245,190,254,245,231,184,178,214,226,241,253,245,178,185,154,176,176,176,176,207,217,161,252,249,249,217,249,252,249,161,161,249,190,195,249,234,245,176,173,176,197,212,249,253,162,190,254,245,231,184,160,188,176,161,160,160,188,176,160,188,176,161,160,160,185,154,176,176,176,176,207,217,161,252,249,249,217,249,252,249,161,161,249,190,192,255,227,249,228,249,255,254,176,173,176,197,212,249,253,162,190,254,245,231,184,160,188,176,162,165,188,176,160,190,165,188,176,160,185,154,176,176,176,176,207,217,161,252,249,249,217,249,252,249,161,161,249,190,209,254,243,248,255,226,192,255,249,254,228,176,173,176,198,245,243,228,255,226,162,190,254,245,231,184,160,188,176,160,190,165,185,154,176,176,176,176,207}
local _1lIIIIIII1lIIII1 = {217,161,252,249,249,217,249,252,249,161,161,249,190,210,241,243,251,247,226,255,229,254,244,211,255,252,255,226,163,176,173,176,211,255,252,255,226,163,190,246,226,255,253,194,215,210,184,160,188,176,167,160,188,176,161,163,169,185,154,176,176,176,176,207,217,161,252,249,249,217,249,252,249,161,161,249,190,210,241,243,251,247,226,255,229,254,244,196,226,241,254,227,224,241,226,245,254,243,233,176,173,176,160,190,161,154,176,176,176,176,207,217,161,252,249,249,217,249,252,249,161,161,249,190,210,255,226,244,245,226,195,249,234,245,192,249,232,245,252,176,173,176,160,154,176,176,176,176,207,217,161,252,249,249,217,249,252,249,161,161,249,190,192,241,226,245,254,228,176,173,176,207,249,249,249,217,252,252,217,217,252,252,161,217,252,217,154,154,176,176,176,176,252,255,243,241,252,176,207,161}
local _1liIIiiiiI1I = {217,252,252,161,161,161,249,217,161,161,161,161,176,173,176,217,254,227,228,241,254,243,245,190,254,245,231,184,178,197,217,211,255,226,254,245,226,178,185,154,176,176,176,176,207,161,217,252,252,161,161,161,249,217,161,161,161,161,190,211,255,226,254,245,226,194,241,244,249,229,227,176,173,176,197,212,249,253,190,254,245,231,184,161,188,176,160,185,154,176,176,176,176,207,161,217,252,252,161,161,161,249,217,161,161,161,161,190,192,241,226,245,254,228,176,173,176,207,217,161,252,249,249,217,249,252,249,161,161,249,154,154,176,176,176,176,252,255,243,241,252,176,207,249,249,161,161,217,217,249,252,252,217,176,173,176,217,254,227,228,241,254,243,245,190,254,245,231,184,178,197,217,195,228,226,255,251,245,178,185,154,176,176,176,176,207,249,249,161,161,217,217,249,252,252,217,190,211,255,252}
local _IliI11iiIIli1 = {255,226,176,173,176,211,255,252,255,226,163,190,246,226,255,253,194,215,210,184,165,160,188,176,161,160,160,188,176,162,165,165,185,154,176,176,176,176,207,249,249,161,161,217,217,249,252,252,217,190,196,248,249,243,251,254,245,227,227,176,173,176,163,154,176,176,176,176,207,249,249,161,161,217,217,249,252,252,217,190,196,226,241,254,227,224,241,226,245,254,243,233,176,173,176,160,154,176,176,176,176,207,249,249,161,161,217,217,249,252,252,217,190,192,241,226,245,254,228,176,173,176,207,217,161,252,249,249,217,249,252,249,161,161,249,154,154,176,176,176,176,252,255,243,241,252,176,207,217,217,217,252,252,217,249,249,217,161,217,161,252,249,252,176,173,176,217,254,227,228,241,254,243,245,190,254,245,231,184,178,197,217,215,226,241,244,249,245,254,228,178,185,154,176,176,176,176,207,217,217}
local _li1iIllIIi1i = {217,252,252,217,249,249,217,161,217,161,252,249,252,190,211,255,252,255,226,176,173,176,211,255,252,255,226,195,245,225,229,245,254,243,245,190,254,245,231,235,154,176,176,176,176,176,176,176,176,211,255,252,255,226,195,245,225,229,245,254,243,245,219,245,233,224,255,249,254,228,190,254,245,231,184,160,188,176,176,176,211,255,252,255,226,163,190,246,226,255,253,194,215,210,184,160,188,176,167,160,188,176,162,160,160,185,185,188,154,176,176,176,176,176,176,176,176,211,255,252,255,226,195,245,225,229,245,254,243,245,219,245,233,224,255,249,254,228,190,254,245,231,184,160,190,165,188,176,211,255,252,255,226,163,190,246,226,255,253,194,215,210,184,165,160,188,176,161,160,160,188,176,162,165,165,185,185,188,154,176,176,176,176,176,176,176,176,211,255,252,255,226,195,245,225,229,245,254,243,245}
local _ililiI1IIi1I = {219,245,233,224,255,249,254,228,190,254,245,231,184,161,188,176,176,176,211,255,252,255,226,163,190,246,226,255,253,194,215,210,184,160,188,176,167,160,188,176,162,160,160,185,185,154,176,176,176,176,237,154,176,176,176,176,207,217,217,217,252,252,217,249,249,217,161,217,161,252,249,252,190,192,241,226,245,254,228,176,173,176,207,217,161,252,249,249,217,249,252,249,161,161,249,154,154,176,176,176,176,252,255,243,241,252,176,207,161,161,217,252,161,217,217,249,249,252,249,176,173,176,217,254,227,228,241,254,243,245,190,254,245,231,184,178,196,245,232,228,220,241,242,245,252,178,185,154,176,176,176,176,207,161,161,217,252,161,217,217,249,249,252,249,190,195,249,234,245,176,173,176,197,212,249,253,162,190,246,226,255,253,195,243,241,252,245,184,161,188,176,161,185,154,176,176,176,176,207,161}
local _1l1l1l1iiiIlii1 = {161,217,252,161,217,217,249,249,252,249,190,210,241,243,251,247,226,255,229,254,244,196,226,241,254,227,224,241,226,245,254,243,233,176,173,176,161,154,176,176,176,176,207,161,161,217,252,161,217,217,249,249,252,249,190,196,245,232,228,176,173,176,178,114,10,49,178,154,176,176,176,176,207,161,161,217,252,161,217,217,249,249,252,249,190,214,255,254,228,176,173,176,213,254,229,253,190,214,255,254,228,190,215,255,228,248,241,253,210,255,252,244,154,176,176,176,176,207,161,161,217,252,161,217,217,249,249,252,249,190,196,245,232,228,195,249,234,245,176,173,176,165,160,154,176,176,176,176,207,161,161,217,252,161,217,217,249,249,252,249,190,196,245,232,228,211,255,252,255,226,163,176,173,176,211,255,252,255,226,163,190,246,226,255,253,194,215,210,184,162,165,165,188,176,162,165,165,188,176,162}
local _liiii1iiIii = {165,165,185,154,176,176,176,176,207,161,161,217,252,161,217,217,249,249,252,249,190,192,241,226,245,254,228,176,173,176,207,217,161,252,249,249,217,249,252,249,161,161,249,154,154,176,176,176,176,252,255,243,241,252,176,207,252,217,249,249,217,249,249,252,252,176,173,176,217,254,227,228,241,254,243,245,190,254,245,231,184,178,214,226,241,253,245,178,185,154,176,176,176,176,207,252,217,249,249,217,249,249,252,252,190,195,249,234,245,176,173,176,197,212,249,253,162,190,254,245,231,184,161,188,176,189,161,165,165,188,176,161,188,176,189,163,160,185,154,176,176,176,176,207,252,217,249,249,217,249,249,252,252,190,192,255,227,249,228,249,255,254,176,173,176,197,212,249,253,162,190,254,245,231,184,160,188,176,161,163,165,188,176,160,188,176,161,165,185,154,176,176,176,176,207,252,217,249,249,217}
local _11Ii1llii = {249,249,252,252,190,210,241,243,251,247,226,255,229,254,244,196,226,241,254,227,224,241,226,245,254,243,233,176,173,176,161,154,176,176,176,176,207,252,217,249,249,217,249,249,252,252,190,192,241,226,245,254,228,176,173,176,207,249,249,249,217,252,252,217,217,252,252,161,217,252,217,154,154,176,176,176,176,252,255,243,241,252,176,207,217,252,161,252,252,249,249,252,217,249,176,173,176,217,254,227,228,241,254,243,245,190,254,245,231,184,178,214,226,241,253,245,178,185,154,176,176,176,176,207,217,252,161,252,252,249,249,252,217,249,190,195,249,234,245,176,173,176,197,212,249,253,162,190,254,245,231,184,161,188,176,160,188,176,160,188,176,162,185,154,176,176,176,176,207,217,252,161,252,252,249,249,252,217,249,190,192,255,227,249,228,249,255,254,176,173,176,197,212,249,253,162,190,254,245,231}
local _iIllIiil1i = {184,160,188,176,160,188,176,160,188,176,164,160,185,154,176,176,176,176,207,217,252,161,252,252,249,249,252,217,249,190,210,241,243,251,247,226,255,229,254,244,211,255,252,255,226,163,176,173,176,211,255,252,255,226,163,190,246,226,255,253,194,215,210,184,160,188,176,161,160,160,188,176,162,165,165,185,154,176,176,176,176,207,217,252,161,252,252,249,249,252,217,249,190,210,241,243,251,247,226,255,229,254,244,196,226,241,254,227,224,241,226,245,254,243,233,176,173,176,160,190,163,154,176,176,176,176,207,217,252,161,252,252,249,249,252,217,249,190,210,255,226,244,245,226,195,249,234,245,192,249,232,245,252,176,173,176,160,154,176,176,176,176,207,217,252,161,252,252,249,249,252,217,249,190,192,241,226,245,254,228,176,173,176,207,252,217,249,249,217,249,249,252,252,154,154,176,176,176,176,252}
local _lI11IiliII = {255,243,241,252,176,207,217,249,249,161,252,252,161,252,249,161,249,217,249,161,252,249,176,173,176,217,254,227,228,241,254,243,245,190,254,245,231,184,178,197,217,215,226,241,244,249,245,254,228,178,185,154,176,176,176,176,207,217,249,249,161,252,252,161,252,249,161,249,217,249,161,252,249,190,211,255,252,255,226,176,173,176,211,255,252,255,226,195,245,225,229,245,254,243,245,190,254,245,231,235,154,176,176,176,176,176,176,176,176,211,255,252,255,226,195,245,225,229,245,254,243,245,219,245,233,224,255,249,254,228,190,254,245,231,184,160,188,176,176,176,211,255,252,255,226,163,190,246,226,255,253,194,215,210,184,160,188,176,161,160,160,188,176,162,165,165,185,185,188,154,176,176,176,176,176,176,176,176,211,255,252,255,226,195,245,225,229,245,254,243,245,219,245,233,224,255,249,254,228,190}
local _liIil11ilii1 = {254,245,231,184,160,190,165,188,176,211,255,252,255,226,163,190,246,226,255,253,194,215,210,184,161,160,160,188,176,161,165,160,188,176,162,165,165,185,185,188,154,176,176,176,176,176,176,176,176,211,255,252,255,226,195,245,225,229,245,254,243,245,219,245,233,224,255,249,254,228,190,254,245,231,184,161,188,176,176,176,211,255,252,255,226,163,190,246,226,255,253,194,215,210,184,160,188,176,161,160,160,188,176,162,165,165,185,185,154,176,176,176,176,237,154,176,176,176,176,207,217,249,249,161,252,252,161,252,249,161,249,217,249,161,252,249,190,192,241,226,245,254,228,176,173,176,207,217,252,161,252,252,249,249,252,217,249,154,154,176,176,176,176,252,255,243,241,252,176,207,161,249,217,252,161,249,161,161,217,161,161,161,176,173,176,217,254,227,228,241,254,243,245,190,254,245,231,184,178,196}
local _i1iilllII = {245,232,228,220,241,242,245,252,178,185,154,176,176,176,176,207,161,249,217,252,161,249,161,161,217,161,161,161,190,195,249,234,245,176,173,176,197,212,249,253,162,190,254,245,231,184,161,188,176,160,188,176,160,188,176,163,165,185,154,176,176,176,176,207,161,249,217,252,161,249,161,161,217,161,161,161,190,210,241,243,251,247,226,255,229,254,244,196,226,241,254,227,224,241,226,245,254,243,233,176,173,176,161,154,176,176,176,176,207,161,249,217,252,161,249,161,161,217,161,161,161,190,196,245,232,228,176,173,176,178,114,10,49,176,209,198,217,195,223,176,212,213,176,178,176,190,190,176,207,252,217,252,217,249,161,161,161,249,161,161,170,229,224,224,245,226,184,185,176,190,190,176,178,176,114,10,49,178,154,176,176,176,176,207,161,249,217,252,161,249,161,161,217,161,161,161,190,214,255,254}
local _ii1IlII1ii1l = {228,176,173,176,213,254,229,253,190,214,255,254,228,190,215,255,228,248,241,253,210,255,252,244,154,176,176,176,176,207,161,249,217,252,161,249,161,161,217,161,161,161,190,196,245,232,228,195,249,234,245,176,173,176,162,166,154,176,176,176,176,207,161,249,217,252,161,249,161,161,217,161,161,161,190,196,245,232,228,211,255,252,255,226,163,176,173,176,211,255,252,255,226,163,190,246,226,255,253,194,215,210,184,162,165,165,188,176,162,165,165,188,176,162,165,165,185,154,176,176,176,176,207,161,249,217,252,161,249,161,161,217,161,161,161,190,196,245,232,228,200,209,252,249,247,254,253,245,254,228,176,173,176,213,254,229,253,190,196,245,232,228,200,209,252,249,247,254,253,245,254,228,190,220,245,246,228,154,176,176,176,176,207,161,249,217,252,161,249,161,161,217,161,161,161,190,196,245,232,228}
local _ii11l1lII11 = {195,228,226,255,251,245,196,226,241,254,227,224,241,226,245,254,243,233,176,173,176,160,154,176,176,176,176,207,161,249,217,252,161,249,161,161,217,161,161,161,190,196,245,232,228,195,228,226,255,251,245,211,255,252,255,226,163,176,173,176,211,255,252,255,226,163,190,246,226,255,253,194,215,210,184,160,188,176,160,188,176,160,185,154,176,176,176,176,207,161,249,217,252,161,249,161,161,217,161,161,161,190,192,241,226,245,254,228,176,173,176,207,252,217,249,249,217,249,249,252,252,154,154,176,176,176,176,252,255,243,241,252,176,207,252,161,217,161,161,249,217,161,249,249,252,161,217,249,161,176,173,176,217,254,227,228,241,254,243,245,190,254,245,231,184,178,197,217,215,226,241,244,249,245,254,228,178,185,154,176,176,176,176,207,252,161,217,161,161,249,217,161,249,249,252,161,217,249,161,190}
local _iiiI11lll = {211,255,252,255,226,176,173,176,211,255,252,255,226,195,245,225,229,245,254,243,245,190,254,245,231,235,154,176,176,176,176,176,176,176,176,211,255,252,255,226,195,245,225,229,245,254,243,245,219,245,233,224,255,249,254,228,190,254,245,231,184,160,188,176,176,176,211,255,252,255,226,163,190,246,226,255,253,194,215,210,184,161,160,160,188,176,161,165,160,188,176,162,165,165,185,185,188,154,176,176,176,176,176,176,176,176,211,255,252,255,226,195,245,225,229,245,254,243,245,219,245,233,224,255,249,254,228,190,254,245,231,184,160,190,165,188,176,211,255,252,255,226,163,190,246,226,255,253,194,215,210,184,162,165,165,188,176,162,165,165,188,176,162,165,165,185,185,188,154,176,176,176,176,176,176,176,176,211,255,252,255,226,195,245,225,229,245,254,243,245,219,245,233,224,255,249,254,228,190,254}
local _i1iliIiiilIl = {245,231,184,161,188,176,176,176,211,255,252,255,226,163,190,246,226,255,253,194,215,210,184,161,160,160,188,176,161,165,160,188,176,162,165,165,185,185,154,176,176,176,176,237,154,176,176,176,176,207,252,161,217,161,161,249,217,161,249,249,252,161,217,249,161,190,192,241,226,245,254,228,176,173,176,207,161,249,217,252,161,249,161,161,217,161,161,161,154,154,176,176,176,176,252,255,243,241,252,176,207,252,161,252,252,217,217,252,161,252,217,249,176,173,176,217,254,227,228,241,254,243,245,190,254,245,231,184,178,196,245,232,228,220,241,242,245,252,178,185,154,176,176,176,176,207,252,161,252,252,217,217,252,161,252,217,249,190,195,249,234,245,176,173,176,197,212,249,253,162,190,254,245,231,184,161,188,176,160,188,176,161,188,176,189,168,160,185,154,176,176,176,176,207,252,161,252,252,217,217}
local _1llliI111liiIIl = {252,161,252,217,249,190,192,255,227,249,228,249,255,254,176,173,176,197,212,249,253,162,190,254,245,231,184,160,188,176,160,188,176,160,188,176,166,165,185,154,176,176,176,176,207,252,161,252,252,217,217,252,161,252,217,249,190,210,241,243,251,247,226,255,229,254,244,196,226,241,254,227,224,241,226,245,254,243,233,176,173,176,161,154,176,176,176,176,207,252,161,252,252,217,217,252,161,252,217,249,190,196,245,232,228,176,173,176,207,252,161,161,249,161,249,217,161,217,249,217,252,154,176,176,176,176,207,252,161,252,252,217,217,252,161,252,217,249,190,214,255,254,228,176,173,176,213,254,229,253,190,214,255,254,228,190,215,255,228,248,241,253,154,176,176,176,176,207,252,161,252,252,217,217,252,161,252,217,249,190,196,245,232,228,195,249,234,245,176,173,176,162,160,154,176,176,176,176,207,252}
local _i1iilIll11iIll = {161,252,252,217,217,252,161,252,217,249,190,196,245,232,228,211,255,252,255,226,163,176,173,176,211,255,252,255,226,163,190,246,226,255,253,194,215,210,184,162,165,165,188,176,162,165,165,188,176,162,165,165,185,154,176,176,176,176,207,252,161,252,252,217,217,252,161,252,217,249,190,196,245,232,228,200,209,252,249,247,254,253,245,254,228,176,173,176,213,254,229,253,190,196,245,232,228,200,209,252,249,247,254,253,245,254,228,190,220,245,246,228,154,176,176,176,176,207,252,161,252,252,217,217,252,161,252,217,249,190,196,245,232,228,201,209,252,249,247,254,253,245,254,228,176,173,176,213,254,229,253,190,196,245,232,228,201,209,252,249,247,254,253,245,254,228,190,196,255,224,154,176,176,176,176,207,252,161,252,252,217,217,252,161,252,217,249,190,196,245,232,228,199,226,241,224,224,245,244,176}
local _IIIlIlll1IIii = {173,176,228,226,229,245,154,176,176,176,176,207,252,161,252,252,217,217,252,161,252,217,249,190,196,245,232,228,195,228,226,255,251,245,196,226,241,254,227,224,241,226,245,254,243,233,176,173,176,160,190,167,154,176,176,176,176,207,252,161,252,252,217,217,252,161,252,217,249,190,196,245,232,228,195,228,226,255,251,245,211,255,252,255,226,163,176,173,176,211,255,252,255,226,163,190,246,226,255,253,194,215,210,184,160,188,176,160,188,176,160,185,154,176,176,176,176,207,252,161,252,252,217,217,252,161,252,217,249,190,192,241,226,245,254,228,176,173,176,207,252,217,249,249,217,249,249,252,252,154,154,176,176,176,176,252,255,243,241,252,176,207,161,252,249,252,161,217,217,161,161,249,161,217,217,161,252,176,173,176,217,254,227,228,241,254,243,245,190,254,245,231,184,178,214,226,241,253,245,178}
local _11Ii1i1iiI = {185,154,176,176,176,176,207,161,252,249,252,161,217,217,161,161,249,161,217,217,161,252,190,195,249,234,245,176,173,176,197,212,249,253,162,190,254,245,231,184,160,188,176,160,188,176,160,188,176,164,185,154,176,176,176,176,207,161,252,249,252,161,217,217,161,161,249,161,217,217,161,252,190,192,255,227,249,228,249,255,254,176,173,176,197,212,249,253,162,190,254,245,231,184,160,188,176,160,188,176,161,188,176,189,161,160,185,154,176,176,176,176,207,161,252,249,252,161,217,217,161,161,249,161,217,217,161,252,190,210,241,243,251,247,226,255,229,254,244,211,255,252,255,226,163,176,173,176,211,255,252,255,226,163,190,246,226,255,253,194,215,210,184,160,188,176,161,160,160,188,176,162,165,165,185,154,176,176,176,176,207,161,252,249,252,161,217,217,161,161,249,161,217,217,161,252,190,210,255,226}
local _ii1II1iI1Ii = {244,245,226,195,249,234,245,192,249,232,245,252,176,173,176,160,154,176,176,176,176,207,161,252,249,252,161,217,217,161,161,249,161,217,217,161,252,190,192,241,226,245,254,228,176,173,176,207,252,217,249,249,217,249,249,252,252,154,154,176,176,176,176,252,255,243,241,252,176,207,161,249,217,217,161,249,252,217,217,249,161,161,176,173,176,217,254,227,228,241,254,243,245,190,254,245,231,184,178,197,217,211,255,226,254,245,226,178,185,154,176,176,176,176,207,161,249,217,217,161,249,252,217,217,249,161,161,190,211,255,226,254,245,226,194,241,244,249,229,227,176,173,176,197,212,249,253,190,254,245,231,184,161,188,176,160,185,154,176,176,176,176,207,161,249,217,217,161,249,252,217,217,249,161,161,190,192,241,226,245,254,228,176,173,176,207,161,252,249,252,161,217,217,161,161,249,161,217,217,161}
local _IIill1l1II1l1l = {252,154,154,176,176,176,176,207,217,161,161,161,217,249,161,249,249,249,252,249,217,217,170,211,226,245,241,228,245,184,207,249,161,252,249,161,252,161,161,249,161,249,188,176,196,231,245,245,254,217,254,246,255,190,254,245,231,184,160,190,165,185,188,176,235,195,249,234,245,176,173,176,161,168,237,185,170,192,252,241,233,184,185,154,176,176,176,176,207,217,161,161,161,217,249,161,249,249,249,252,249,217,217,170,211,226,245,241,228,245,184,207,161,161,252,252,161,252,217,217,161,161,217,217,188,176,196,231,245,245,254,217,254,246,255,190,254,245,231,184,160,190,165,185,188,176,235,210,241,243,251,247,226,255,229,254,244,196,226,241,254,227,224,241,226,245,254,243,233,176,173,176,160,190,164,237,185,170,192,252,241,233,184,185,154,176,176,176,176,207,217,161,161,161,217,249,161,249,249,249}
local _i1llliil1Illl11 = {252,249,217,217,170,211,226,245,241,228,245,184,207,249,249,249,217,252,252,217,217,252,252,161,217,252,217,188,176,196,231,245,245,254,217,254,246,255,190,254,245,231,184,160,190,169,188,176,213,254,229,253,190,213,241,227,249,254,247,195,228,233,252,245,190,210,241,243,251,188,176,213,254,229,253,190,213,241,227,249,254,247,212,249,226,245,243,228,249,255,254,190,223,229,228,185,188,176,235,154,176,176,176,176,176,176,176,176,192,255,227,249,228,249,255,254,176,173,176,197,212,249,253,162,190,254,245,231,184,160,190,165,188,176,160,188,176,160,190,165,188,176,160,185,154,176,176,176,176,237,185,170,192,252,241,233,184,185,154,154,176,176,176,176,207,217,161,161,161,217,249,161,249,249,249,252,249,217,217,170,211,226,245,241,228,245,184,207,252,252,217,249,249,217,249,249,161,217,188,176}
local _IlI11111ll1llI1 = {196,231,245,245,254,217,254,246,255,190,254,245,231,184,161,190,165,188,176,213,254,229,253,190,213,241,227,249,254,247,195,228,233,252,245,190,220,249,254,245,241,226,185,188,176,235,154,176,176,176,176,176,176,176,176,192,255,227,249,228,249,255,254,176,173,176,197,212,249,253,162,190,254,245,231,184,161,190,164,188,176,160,188,176,189,160,190,165,188,176,160,185,154,176,176,176,176,237,185,170,192,252,241,233,184,185,154,154,176,176,176,176,207,217,161,161,161,217,249,161,249,249,249,252,249,217,217,170,211,226,245,241,228,245,184,207,252,161,252,217,249,161,249,217,161,252,252,161,249,249,161,188,176,196,231,245,245,254,217,254,246,255,190,254,245,231,184,167,188,176,213,254,229,253,190,213,241,227,249,254,247,195,228,233,252,245,190,220,249,254,245,241,226,185,188,176,235,154,176,176}
local _1II1ilI1II11 = {176,176,176,176,176,176,194,255,228,241,228,249,255,254,176,173,176,207,252,161,252,217,249,161,249,217,161,252,252,161,249,249,161,190,194,255,228,241,228,249,255,254,176,187,176,163,166,160,154,176,176,176,176,237,185,170,192,252,241,233,184,185,154,154,176,176,176,176,207,217,161,161,161,217,249,161,249,249,249,252,249,217,217,170,211,226,245,241,228,245,184,207,252,161,249,249,217,252,249,161,249,161,249,161,161,249,252,249,188,176,196,231,245,245,254,217,254,246,255,190,254,245,231,184,163,190,165,188,176,213,254,229,253,190,213,241,227,249,254,247,195,228,233,252,245,190,195,249,254,245,188,176,213,254,229,253,190,213,241,227,249,254,247,212,249,226,245,243,228,249,255,254,190,217,254,223,229,228,188,176,162,188,176,228,226,229,245,185,188,176,235,154,176,176,176,176,176,176,176,176}
local _l1I1i11iill1 = {196,226,241,254,227,224,241,226,245,254,243,233,176,173,176,160,190,166,154,176,176,176,176,237,185,170,192,252,241,233,184,185,154,176,176,176,176,207,217,161,161,161,217,249,161,249,249,249,252,249,217,217,170,211,226,245,241,228,245,184,207,249,249,161,161,217,217,249,252,252,217,188,176,196,231,245,245,254,217,254,246,255,190,254,245,231,184,163,190,165,188,176,213,254,229,253,190,213,241,227,249,254,247,195,228,233,252,245,190,195,249,254,245,188,176,213,254,229,253,190,213,241,227,249,254,247,212,249,226,245,243,228,249,255,254,190,217,254,223,229,228,188,176,162,188,176,228,226,229,245,185,188,176,235,154,176,176,176,176,176,176,176,176,196,226,241,254,227,224,241,226,245,254,243,233,176,173,176,160,190,164,154,176,176,176,176,237,185,170,192,252,241,233,184,185,154,154,176,176,176}
local _iII1lIiliiIiIIIi = {176,207,217,161,161,161,217,249,161,249,249,249,252,249,217,217,170,211,226,245,241,228,245,184,207,161,252,249,252,161,217,217,161,161,249,161,217,217,161,252,188,176,196,231,245,245,254,217,254,246,255,190,254,245,231,184,167,188,176,213,254,229,253,190,213,241,227,249,254,247,195,228,233,252,245,190,220,249,254,245,241,226,185,188,176,235,154,176,176,176,176,176,176,176,176,195,249,234,245,176,173,176,197,212,249,253,162,190,254,245,231,184,161,188,176,160,188,176,160,188,176,164,185,154,176,176,176,176,237,185,170,192,252,241,233,184,185,154,154,176,176,176,176,228,241,227,251,190,244,245,252,241,233,184,167,188,176,246,229,254,243,228,249,255,254,184,185,154,176,176,176,176,176,176,176,176,207,217,161,161,161,217,249,161,249,249,249,252,249,217,217,170,211,226,245,241,228,245,184,207}
local _IiiiiI1iil11 = {249,249,249,217,252,252,217,217,252,252,161,217,252,217,188,176,196,231,245,245,254,217,254,246,255,190,254,245,231,184,160,190,167,188,176,213,254,229,253,190,213,241,227,249,254,247,195,228,233,252,245,190,210,241,243,251,188,176,213,254,229,253,190,213,241,227,249,254,247,212,249,226,245,243,228,249,255,254,190,217,254,185,188,176,235,154,176,176,176,176,176,176,176,176,176,176,176,176,192,255,227,249,228,249,255,254,176,173,176,197,212,249,253,162,190,254,245,231,184,160,190,165,188,176,160,188,176,189,160,190,165,188,176,160,185,188,154,176,176,176,176,176,176,176,176,176,176,176,176,195,249,234,245,176,173,176,197,212,249,253,162,190,254,245,231,184,160,188,176,167,160,160,188,176,160,188,176,160,185,154,176,176,176,176,176,176,176,176,237,185,170,192,252,241,233,184,185,154,176,176}
local _1l1Iliiiii1 = {176,176,176,176,176,176,207,217,161,161,161,217,249,161,249,249,249,252,249,217,217,170,211,226,245,241,228,245,184,207,249,161,252,249,161,252,161,161,249,161,249,188,176,196,231,245,245,254,217,254,246,255,190,254,245,231,184,160,190,167,185,188,176,235,195,249,234,245,176,173,176,160,237,185,170,192,252,241,233,184,185,154,176,176,176,176,176,176,176,176,207,217,161,161,161,217,249,161,249,249,249,252,249,217,217,170,211,226,245,241,228,245,184,207,161,161,252,252,161,252,217,217,161,161,217,217,188,176,196,231,245,245,254,217,254,246,255,190,254,245,231,184,160,190,167,185,188,176,235,210,241,243,251,247,226,255,229,254,244,196,226,241,254,227,224,241,226,245,254,243,233,176,173,176,161,237,185,170,192,252,241,233,184,185,154,154,176,176,176,176,176,176,176,176,228,241,227,251,190,231}
local _iIiIli1ilIi = {241,249,228,184,160,190,168,185,154,176,176,176,176,176,176,176,176,207,161,217,252,161,217,161,249,252,161,249,161,161,161,170,212,245,227,228,226,255,233,184,185,154,176,176,176,176,176,176,176,176,207,249,161,252,249,161,252,161,161,249,161,249,170,212,245,227,228,226,255,233,184,185,154,176,176,176,176,245,254,244,185,154,245,254,244,154,154,154,154,154,154,252,255,243,241,252,176,246,229,254,243,228,249,255,254,176,215,245,228,192,252,241,233,245,226,194,255,255,228,192,241,226,228,184,207,249,252,217,252,217,249,252,217,252,217,249,252,249,252,161,217,185,154,176,176,176,176,249,246,176,207,249,252,217,252,217,249,252,217,252,217,249,252,249,252,161,217,176,241,254,244,176,207,249,252,217,252,217,249,252,217,252,217,249,252,249,252,161,217,190,211,248,241,226,241,243,228,245,226,176}
local _Ii1II1II111lI = {228,248,245,254,154,176,176,176,176,176,176,176,176,226,245,228,229,226,254,176,207,249,252,217,252,217,249,252,217,252,217,249,252,249,252,161,217,190,211,248,241,226,241,243,228,245,226,170,214,249,254,244,214,249,226,227,228,211,248,249,252,244,184,178,216,229,253,241,254,255,249,244,194,255,255,228,192,241,226,228,178,185,154,176,176,176,176,245,254,244,154,176,176,176,176,226,245,228,229,226,254,176,254,249,252,154,245,254,244,154,154,252,255,243,241,252,176,246,229,254,243,228,249,255,254,176,219,249,252,252,192,252,241,233,245,226,184,207,252,161,252,252,217,217,161,217,161,249,161,217,249,249,161,185,154,176,176,176,176,249,246,176,254,255,228,176,207,252,161,252,252,217,217,161,217,161,249,161,217,249,249,161,176,255,226,176,254,255,228,176,207,252,161,252,252,217,217,161,217,161}
local _liIlI1I1il = {249,161,217,249,249,161,190,211,248,241,226,241,243,228,245,226,176,228,248,245,254,176,226,245,228,229,226,254,176,246,241,252,227,245,176,245,254,244,154,176,176,176,176,252,255,243,241,252,176,207,161,217,249,161,249,252,252,217,217,161,176,173,176,207,252,161,252,252,217,217,161,217,161,249,161,217,249,249,161,190,211,248,241,226,241,243,228,245,226,170,214,249,254,244,214,249,226,227,228,211,248,249,252,244,223,246,211,252,241,227,227,184,178,216,229,253,241,254,255,249,244,178,185,154,176,176,176,176,249,246,176,207,161,217,249,161,249,252,252,217,217,161,176,228,248,245,254,154,176,176,176,176,176,176,176,176,207,161,217,249,161,249,252,252,217,217,161,190,216,245,241,252,228,248,176,173,176,160,154,176,176,176,176,176,176,176,176,226,245,228,229,226,254,176,228,226,229,245,154,176}
local _iiiI1lIIIlii1I = {176,176,176,245,254,244,154,176,176,176,176,226,245,228,229,226,254,176,246,241,252,227,245,154,245,254,244,154,154,252,255,243,241,252,176,246,229,254,243,228,249,255,254,176,220,255,255,224,219,249,252,252,192,252,241,233,245,226,184,207,252,161,252,252,217,217,161,217,161,249,161,217,249,249,161,185,154,176,176,176,176,249,246,176,254,255,228,176,207,252,161,252,252,217,217,161,217,161,249,161,217,249,249,161,176,228,248,245,254,176,226,245,228,229,226,254,176,246,241,252,227,245,176,245,254,244,154,176,176,176,176,207,161,161,217,249,217,249,217,161,252,252,252,161,249,249,203,207,252,161,252,252,217,217,161,217,161,249,161,217,249,249,161,190,222,241,253,245,205,176,173,176,228,226,229,245,154,176,176,176,176,228,241,227,251,190,227,224,241,231,254,184,246,229,254,243,228,249,255,254}
local _liIl1IliIilI1 = {184,185,154,176,176,176,176,176,176,176,176,231,248,249,252,245,176,207,161,161,217,249,217,249,217,161,252,252,252,161,249,249,203,207,252,161,252,252,217,217,161,217,161,249,161,217,249,249,161,190,222,241,253,245,205,176,241,254,244,176,207,252,161,252,252,217,217,161,217,161,249,161,217,249,249,161,176,241,254,244,176,207,252,161,252,252,217,217,161,217,161,249,161,217,249,249,161,190,192,241,226,245,254,228,176,244,255,154,176,176,176,176,176,176,176,176,176,176,176,176,249,246,176,207,252,161,252,252,217,217,161,217,161,249,161,217,249,249,161,190,211,248,241,226,241,243,228,245,226,176,228,248,245,254,176,219,249,252,252,192,252,241,233,245,226,184,207,252,161,252,252,217,217,161,217,161,249,161,217,249,249,161,185,176,245,254,244,154,176,176,176,176,176,176,176,176,176,176,176,176}
local _I1IIIlIII1IIilii = {228,241,227,251,190,231,241,249,228,184,161,185,154,176,176,176,176,176,176,176,176,245,254,244,154,176,176,176,176,245,254,244,185,154,176,176,176,176,226,245,228,229,226,254,176,228,226,229,245,154,245,254,244,154,154,252,255,243,241,252,176,246,229,254,243,228,249,255,254,176,197,254,252,255,255,224,219,249,252,252,192,252,241,233,245,226,184,207,252,161,252,252,217,217,161,217,161,249,161,217,249,249,161,185,154,176,176,176,176,249,246,176,254,255,228,176,207,252,161,252,252,217,217,161,217,161,249,161,217,249,249,161,176,228,248,245,254,176,226,245,228,229,226,254,176,246,241,252,227,245,176,245,254,244,154,176,176,176,176,207,161,161,217,249,217,249,217,161,252,252,252,161,249,249,203,207,252,161,252,252,217,217,161,217,161,249,161,217,249,249,161,190,222,241,253,245,205,176,173,176}
local _1iiiiIIlIlI = {254,249,252,154,176,176,176,176,226,245,228,229,226,254,176,228,226,229,245,154,245,254,244,154,154,252,255,243,241,252,176,246,229,254,243,228,249,255,254,176,217,254,230,249,227,249,242,252,245,218,241,249,252,192,252,241,233,245,226,184,207,252,161,252,252,217,217,161,217,161,249,161,217,249,249,161,185,154,176,176,176,176,249,246,176,254,255,228,176,207,252,161,252,252,217,217,161,217,161,249,161,217,249,249,161,176,255,226,176,254,255,228,176,207,252,161,252,252,217,217,161,217,161,249,161,217,249,249,161,190,211,248,241,226,241,243,228,245,226,176,228,248,245,254,176,226,245,228,229,226,254,176,246,241,252,227,245,176,245,254,244,154,154,176,176,176,176,249,246,176,207,249,217,161,252,161,252,161,252,252,249,161,161,217,217,203,207,252,161,252,252,217,217,161,217,161,249,161,217,249}
local _lliII1lllliiII1 = {249,161,190,222,241,253,245,205,176,228,248,245,254,154,176,176,176,176,176,176,176,176,252,255,243,241,252,176,207,161,161,161,249,161,217,217,217,252,161,252,252,161,252,252,176,173,176,207,249,217,161,252,161,252,161,252,252,249,161,161,217,217,203,207,252,161,252,252,217,217,161,217,161,249,161,217,249,249,161,190,222,241,253,245,205,154,176,176,176,176,176,176,176,176,249,246,176,207,161,161,161,249,161,217,217,217,252,161,252,252,161,252,252,190,207,249,252,217,217,217,217,217,217,161,249,217,176,241,254,244,176,207,161,161,161,249,161,217,217,217,252,161,252,252,161,252,252,190,207,249,252,217,217,217,217,217,217,161,249,217,190,192,241,226,245,254,228,176,228,248,245,254,176,207,161,161,161,249,161,217,217,217,252,161,252,252,161,252,252,190,207,249,252,217,217,217,217,217,217,161}
local _11ii1ll1i1llill = {249,217,170,212,245,227,228,226,255,233,184,185,176,245,254,244,154,176,176,176,176,176,176,176,176,249,246,176,207,161,161,161,249,161,217,217,217,252,161,252,252,161,252,252,190,252,255,255,224,176,228,248,245,254,176,228,241,227,251,190,243,241,254,243,245,252,184,207,161,161,161,249,161,217,217,217,252,161,252,252,161,252,252,190,252,255,255,224,185,176,245,254,244,154,176,176,176,176,245,254,244,154,154,176,176,176,176,252,255,243,241,252,176,207,161,217,252,161,249,252,217,252,249,252,249,249,176,173,176,207,252,161,252,252,217,217,161,217,161,249,161,217,249,249,161,190,211,248,241,226,241,243,228,245,226,170,214,249,254,244,214,249,226,227,228,211,248,249,252,244,184,178,216,229,253,241,254,255,249,244,194,255,255,228,192,241,226,228,178,185,154,176,176,176,176,249,246,176,254,255}
local _iiiii1l1i = {228,176,207,161,217,252,161,249,252,217,252,249,252,249,249,176,228,248,245,254,176,226,245,228,229,226,254,176,246,241,252,227,245,176,245,254,244,154,154,176,176,176,176,252,255,243,241,252,176,207,217,249,249,249,252,217,252,161,252,217,161,252,176,173,176,207,161,217,252,161,249,252,217,252,249,252,249,249,190,192,255,227,249,228,249,255,254,154,176,176,176,176,207,249,217,161,252,161,252,161,252,252,249,161,161,217,217,203,207,252,161,252,252,217,217,161,217,161,249,161,217,249,249,161,190,222,241,253,245,205,176,173,176,235,176,207,217,249,249,249,252,217,252,161,252,217,161,252,176,173,176,207,217,249,249,249,252,217,252,161,252,217,161,252,188,176,207,249,252,217,217,217,217,217,217,161,249,217,176,173,176,254,249,252,188,176,252,255,255,224,176,173,176,254,249,252,176,237,154,154}
local _1iiIi111l = {176,176,176,176,252,255,243,241,252,176,207,217,252,249,252,252,161,252,249,252,161,217,161,217,249,249,176,173,176,207,161,217,252,161,249,252,217,252,249,252,249,249,190,192,255,227,249,228,249,255,254,154,176,176,176,176,252,255,243,241,252,176,207,161,252,161,249,249,252,161,217,249,217,252,161,252,161,176,173,176,168,154,154,176,176,176,176,252,255,243,241,252,176,207,249,252,217,217,217,217,217,217,161,249,217,176,173,176,217,254,227,228,241,254,243,245,190,254,245,231,184,178,221,255,244,245,252,178,188,176,207,249,217,252,249,161,252,252,252,161,249,185,154,176,176,176,176,207,249,252,217,217,217,217,217,217,161,249,217,190,222,241,253,245,176,173,176,178,217,254,230,249,227,249,242,252,245,218,241,249,252,207,178,176,190,190,176,207,252,161,252,252,217,217,161,217,161,249,161,217}
local _llII11Il1lil1ii = {249,249,161,190,222,241,253,245,154,154,176,176,176,176,252,255,243,241,252,176,207,161,161,161,161,252,161,161,161,249,249,217,161,161,176,173,176,235,154,176,176,176,176,176,176,176,176,210,241,227,245,176,176,173,176,217,254,227,228,241,254,243,245,190,254,245,231,184,178,192,241,226,228,178,188,176,207,249,252,217,217,217,217,217,217,161,249,217,185,188,154,176,176,176,176,176,176,176,176,194,255,255,246,176,176,173,176,217,254,227,228,241,254,243,245,190,254,245,231,184,178,192,241,226,228,178,188,176,207,249,252,217,217,217,217,217,217,161,249,217,185,188,154,176,176,176,176,176,176,176,176,199,241,252,252,161,176,173,176,217,254,227,228,241,254,243,245,190,254,245,231,184,178,192,241,226,228,178,188,176,207,249,252,217,217,217,217,217,217,161,249,217,185,188,154,176,176,176,176,176}
local _Ii111III1Il1 = {176,176,176,199,241,252,252,162,176,173,176,217,254,227,228,241,254,243,245,190,254,245,231,184,178,192,241,226,228,178,188,176,207,249,252,217,217,217,217,217,217,161,249,217,185,188,154,176,176,176,176,176,176,176,176,199,241,252,252,163,176,173,176,217,254,227,228,241,254,243,245,190,254,245,231,184,178,192,241,226,228,178,188,176,207,249,252,217,217,217,217,217,217,161,249,217,185,188,154,176,176,176,176,176,176,176,176,199,241,252,252,164,176,173,176,217,254,227,228,241,254,243,245,190,254,245,231,184,178,192,241,226,228,178,188,176,207,249,252,217,217,217,217,217,217,161,249,217,185,154,176,176,176,176,237,154,154,176,176,176,176,207,161,161,161,161,252,161,161,161,249,249,217,161,161,190,210,241,227,245,190,195,249,234,245,176,173,176,198,245,243,228,255,226,163,190,254,245,231,184}
local _1iI1ii11I = {207,161,252,161,249,249,252,161,217,249,217,252,161,252,161,188,176,160,190,165,188,176,207,161,252,161,249,249,252,161,217,249,217,252,161,252,161,185,154,176,176,176,176,207,161,161,161,161,252,161,161,161,249,249,217,161,161,190,210,241,227,245,190,192,255,227,249,228,249,255,254,176,173,176,207,217,252,249,252,252,161,252,249,252,161,217,161,217,249,249,176,189,176,198,245,243,228,255,226,163,190,254,245,231,184,160,188,176,163,188,176,160,185,154,176,176,176,176,207,161,161,161,161,252,161,161,161,249,249,217,161,161,190,210,241,227,245,190,209,254,243,248,255,226,245,244,176,173,176,228,226,229,245,171,176,207,161,161,161,161,252,161,161,161,249,249,217,161,161,190,210,241,227,245,190,211,241,254,211,255,252,252,249,244,245,176,173,176,228,226,229,245,154,176,176,176,176,207,161,161}
local _I11I1li1l = {161,161,252,161,161,161,249,249,217,161,161,190,210,241,227,245,190,196,226,241,254,227,224,241,226,245,254,243,233,176,173,176,161,171,176,207,161,161,161,161,252,161,161,161,249,249,217,161,161,190,210,241,227,245,190,211,241,227,228,195,248,241,244,255,231,176,173,176,246,241,252,227,245,154,154,176,176,176,176,207,161,161,161,161,252,161,161,161,249,249,217,161,161,190,194,255,255,246,190,195,249,234,245,176,173,176,198,245,243,228,255,226,163,190,254,245,231,184,207,161,252,161,249,249,252,161,217,249,217,252,161,252,161,188,176,160,190,165,188,176,207,161,252,161,249,249,252,161,217,249,217,252,161,252,161,185,154,176,176,176,176,207,161,161,161,161,252,161,161,161,249,249,217,161,161,190,194,255,255,246,190,192,255,227,249,228,249,255,254,176,173,176,207,161,161,161,161,252,161,161}
local _1IlIIillI1 = {161,249,249,217,161,161,190,210,241,227,245,190,192,255,227,249,228,249,255,254,176,187,176,198,245,243,228,255,226,163,190,254,245,231,184,160,188,176,207,161,252,161,249,249,252,161,217,249,217,252,161,252,161,188,176,160,185,154,176,176,176,176,207,161,161,161,161,252,161,161,161,249,249,217,161,161,190,194,255,255,246,190,209,254,243,248,255,226,245,244,176,173,176,228,226,229,245,171,176,207,161,161,161,161,252,161,161,161,249,249,217,161,161,190,194,255,255,246,190,211,241,254,211,255,252,252,249,244,245,176,173,176,228,226,229,245,154,176,176,176,176,207,161,161,161,161,252,161,161,161,249,249,217,161,161,190,194,255,255,246,190,196,226,241,254,227,224,241,226,245,254,243,233,176,173,176,161,171,176,207,161,161,161,161,252,161,161,161,249,249,217,161,161,190,194,255,255,246,190,211}
local _1llI11i11l = {241,227,228,195,248,241,244,255,231,176,173,176,246,241,252,227,245,154,154,176,176,176,176,252,255,243,241,252,176,207,217,249,249,161,252,252,252,252,217,249,249,217,217,252,161,249,176,173,176,235,154,176,176,176,176,176,176,176,176,235,176,227,249,234,245,176,173,176,198,245,243,228,255,226,163,190,254,245,231,184,160,190,165,188,176,207,161,252,161,249,249,252,161,217,249,217,252,161,252,161,188,176,207,161,252,161,249,249,252,161,217,249,217,252,161,252,161,185,188,176,224,255,227,249,228,249,255,254,176,173,176,207,161,161,161,161,252,161,161,161,249,249,217,161,161,190,210,241,227,245,190,192,255,227,249,228,249,255,254,176,187,176,198,245,243,228,255,226,163,190,254,245,231,184,176,207,161,252,161,249,249,252,161,217,249,217,252,161,252,161,191,162,188,176,207,161,252,161,249,249}
local _iIIiIllIiI = {252,161,217,249,217,252,161,252,161,191,162,188,176,160,185,176,237,188,154,176,176,176,176,176,176,176,176,235,176,227,249,234,245,176,173,176,198,245,243,228,255,226,163,190,254,245,231,184,160,190,165,188,176,207,161,252,161,249,249,252,161,217,249,217,252,161,252,161,188,176,207,161,252,161,249,249,252,161,217,249,217,252,161,252,161,185,188,176,224,255,227,249,228,249,255,254,176,173,176,207,161,161,161,161,252,161,161,161,249,249,217,161,161,190,210,241,227,245,190,192,255,227,249,228,249,255,254,176,187,176,198,245,243,228,255,226,163,190,254,245,231,184,189,207,161,252,161,249,249,252,161,217,249,217,252,161,252,161,191,162,188,176,207,161,252,161,249,249,252,161,217,249,217,252,161,252,161,191,162,188,176,160,185,176,237,188,154,176,176,176,176,176,176,176,176,235,176,227,249,234}
local _lliI1l11i = {245,176,173,176,198,245,243,228,255,226,163,190,254,245,231,184,207,161,252,161,249,249,252,161,217,249,217,252,161,252,161,188,176,207,161,252,161,249,249,252,161,217,249,217,252,161,252,161,188,176,160,190,165,185,188,176,224,255,227,249,228,249,255,254,176,173,176,207,161,161,161,161,252,161,161,161,249,249,217,161,161,190,210,241,227,245,190,192,255,227,249,228,249,255,254,176,187,176,198,245,243,228,255,226,163,190,254,245,231,184,160,188,176,207,161,252,161,249,249,252,161,217,249,217,252,161,252,161,191,162,188,176,176,207,161,252,161,249,249,252,161,217,249,217,252,161,252,161,191,162,185,176,237,188,154,176,176,176,176,176,176,176,176,235,176,227,249,234,245,176,173,176,198,245,243,228,255,226,163,190,254,245,231,184,207,161,252,161,249,249,252,161,217,249,217,252,161,252,161,188}
local _II111I1II = {176,207,161,252,161,249,249,252,161,217,249,217,252,161,252,161,188,176,160,190,165,185,188,176,224,255,227,249,228,249,255,254,176,173,176,207,161,161,161,161,252,161,161,161,249,249,217,161,161,190,210,241,227,245,190,192,255,227,249,228,249,255,254,176,187,176,198,245,243,228,255,226,163,190,254,245,231,184,160,188,176,207,161,252,161,249,249,252,161,217,249,217,252,161,252,161,191,162,188,176,189,207,161,252,161,249,249,252,161,217,249,217,252,161,252,161,191,162,185,176,237,154,176,176,176,176,237,154,154,176,176,176,176,246,255,226,176,249,188,176,243,255,254,246,249,247,176,249,254,176,249,224,241,249,226,227,184,207,217,249,249,161,252,252,252,252,217,249,249,217,217,252,161,249,185,176,244,255,154,176,176,176,176,176,176,176,176,252,255,243,241,252,176,207,249,249,161,161,249,252}
local _111iI1liiIi = {161,252,249,161,161,161,161,217,217,217,176,173,176,207,161,161,161,161,252,161,161,161,249,249,217,161,161,203,178,199,241,252,252,178,176,190,190,176,249,205,154,176,176,176,176,176,176,176,176,207,249,249,161,161,249,252,161,252,249,161,161,161,161,217,217,217,190,195,249,234,245,176,173,176,243,255,254,246,249,247,190,227,249,234,245,171,176,207,249,249,161,161,249,252,161,252,249,161,161,161,161,217,217,217,190,192,255,227,249,228,249,255,254,176,173,176,243,255,254,246,249,247,190,224,255,227,249,228,249,255,254,154,176,176,176,176,176,176,176,176,207,249,249,161,161,249,252,161,252,249,161,161,161,161,217,217,217,190,209,254,243,248,255,226,245,244,176,173,176,228,226,229,245,171,176,207,249,249,161,161,249,252,161,252,249,161,161,161,161,217,217,217,190,211,241,254,211,255,252,252}
local _11iliiiiIi1li = {249,244,245,176,173,176,228,226,229,245,154,176,176,176,176,176,176,176,176,207,249,249,161,161,249,252,161,252,249,161,161,161,161,217,217,217,190,196,226,241,254,227,224,241,226,245,254,243,233,176,173,176,161,171,176,207,249,249,161,161,249,252,161,252,249,161,161,161,161,217,217,217,190,211,241,227,228,195,248,241,244,255,231,176,173,176,246,241,252,227,245,154,176,176,176,176,245,254,244,154,154,176,176,176,176,252,255,243,241,252,176,207,161,217,249,252,217,161,252,252,217,161,176,173,176,207,161,161,161,161,252,161,161,161,249,249,217,161,161,190,210,241,227,245,190,192,255,227,249,228,249,255,254,176,187,176,198,245,243,228,255,226,163,190,254,245,231,184,160,188,176,207,161,252,161,249,249,252,161,217,249,217,252,161,252,161,191,162,188,176,160,185,154,176,176,176,176,207,161,217}
local _iIllil1i1lI = {252,161,249,252,217,252,249,252,249,249,190,211,214,226,241,253,245,176,173,176,211,214,226,241,253,245,190,254,245,231,184,207,161,217,249,252,217,161,252,252,217,161,185,154,154,176,176,176,176,252,255,243,241,252,176,207,217,252,252,249,161,249,161,252,249,161,161,161,176,173,176,228,241,227,251,190,227,224,241,231,254,184,246,229,254,243,228,249,255,254,184,185,154,176,176,176,176,176,176,176,176,252,255,243,241,252,176,207,161,252,249,217,217,217,217,217,252,217,217,249,161,252,176,173,176,207,161,161,161,161,252,161,161,161,249,249,217,161,161,190,210,241,227,245,190,192,255,227,249,228,249,255,254,176,187,176,198,245,243,228,255,226,163,190,254,245,231,184,160,188,176,207,161,252,161,249,249,252,161,217,249,217,252,161,252,161,191,162,188,176,160,185,154,176,176,176,176,176,176,176}
local _i1i1IlIiii1l = {176,231,248,249,252,245,176,207,249,217,161,252,161,252,161,252,252,249,161,161,217,217,203,207,252,161,252,252,217,217,161,217,161,249,161,217,249,249,161,190,222,241,253,245,205,176,241,254,244,176,207,252,161,252,252,217,217,161,217,161,249,161,217,249,249,161,190,192,241,226,245,254,228,176,241,254,244,176,207,252,161,252,252,217,217,161,217,161,249,161,217,249,249,161,190,211,248,241,226,241,243,228,245,226,176,241,254,244,176,207,252,161,252,252,217,217,161,217,161,249,161,217,249,249,161,190,211,248,241,226,241,243,228,245,226,190,192,241,226,245,254,228,176,244,255,154,176,176,176,176,176,176,176,176,176,176,176,176,252,255,243,241,252,176,207,161,217,217,252,161,252,217,217,252,161,249,161,161,249,176,173,176,207,252,161,252,252,217,217,161,217,161,249,161,217,249,249,161,190,211}
local _1ilII1IiiIIil11 = {248,241,226,241,243,228,245,226,170,214,249,254,244,214,249,226,227,228,211,248,249,252,244,184,178,216,229,253,241,254,255,249,244,194,255,255,228,192,241,226,228,178,185,154,176,176,176,176,176,176,176,176,176,176,176,176,249,246,176,207,161,217,217,252,161,252,217,217,252,161,249,161,161,249,176,241,254,244,176,184,207,161,217,217,252,161,252,217,217,252,161,249,161,161,249,190,192,255,227,249,228,249,255,254,176,189,176,207,161,252,249,217,217,217,217,217,252,217,217,249,161,252,185,190,221,241,247,254,249,228,229,244,245,176,174,176,184,207,161,252,161,249,249,252,161,217,249,217,252,161,252,161,191,162,185,176,189,176,161,176,228,248,245,254,154,176,176,176,176,176,176,176,176,176,176,176,176,176,176,176,176,207,161,217,217,252,161,252,217,217,252,161,249,161,161,249,190,211,214,226}
local _11iIiliil1ilIIl = {241,253,245,176,173,176,211,214,226,241,253,245,190,254,245,231,184,207,161,252,249,217,217,217,217,217,252,217,217,249,161,252,185,154,176,176,176,176,176,176,176,176,176,176,176,176,245,254,244,154,176,176,176,176,176,176,176,176,176,176,176,176,228,241,227,251,190,231,241,249,228,184,160,190,162,185,154,176,176,176,176,176,176,176,176,245,254,244,154,176,176,176,176,245,254,244,185,154,154,176,176,176,176,207,249,217,161,252,161,252,161,252,252,249,161,161,217,217,203,207,252,161,252,252,217,217,161,217,161,249,161,217,249,249,161,190,222,241,253,245,205,190,207,249,252,217,217,217,217,217,217,161,249,217,176,173,176,207,249,252,217,217,217,217,217,217,161,249,217,154,176,176,176,176,207,249,217,161,252,161,252,161,252,252,249,161,161,217,217,203,207,252,161,252,252,217,217,161,217,161}
local _iII1l1l1IIIII1lI = {249,161,217,249,249,161,190,222,241,253,245,205,190,252,255,255,224,176,173,176,207,217,252,252,249,161,249,161,252,249,161,161,161,154,176,176,176,176,226,245,228,229,226,254,176,228,226,229,245,154,245,254,244,154,154,252,255,243,241,252,176,246,229,254,243,228,249,255,254,176,217,254,230,249,227,249,242,252,245,197,254,250,241,249,252,192,252,241,233,245,226,184,207,252,161,252,252,217,217,161,217,161,249,161,217,249,249,161,185,154,176,176,176,176,249,246,176,254,255,228,176,207,252,161,252,252,217,217,161,217,161,249,161,217,249,249,161,176,255,226,176,254,255,228,176,207,249,217,161,252,161,252,161,252,252,249,161,161,217,217,203,207,252,161,252,252,217,217,161,217,161,249,161,217,249,249,161,190,222,241,253,245,205,176,228,248,245,254,176,226,245,228,229,226,254,176,246,241,252,227}
local _iIil1l111I1l1l = {245,176,245,254,244,154,176,176,176,176,252,255,243,241,252,176,207,161,161,161,249,161,217,217,217,252,161,252,252,161,252,252,176,173,176,207,249,217,161,252,161,252,161,252,252,249,161,161,217,217,203,207,252,161,252,252,217,217,161,217,161,249,161,217,249,249,161,190,222,241,253,245,205,154,176,176,176,176,249,246,176,207,161,161,161,249,161,217,217,217,252,161,252,252,161,252,252,190,207,249,252,217,217,217,217,217,217,161,249,217,176,241,254,244,176,207,161,161,161,249,161,217,217,217,252,161,252,252,161,252,252,190,207,249,252,217,217,217,217,217,217,161,249,217,190,192,241,226,245,254,228,176,228,248,245,254,176,207,161,161,161,249,161,217,217,217,252,161,252,252,161,252,252,190,207,249,252,217,217,217,217,217,217,161,249,217,170,212,245,227,228,226,255,233,184,185,176,245,254,244}
local _1lil1iII1iiI1IlI = {154,176,176,176,176,249,246,176,207,161,161,161,249,161,217,217,217,252,161,252,252,161,252,252,190,252,255,255,224,176,228,248,245,254,176,228,241,227,251,190,243,241,254,243,245,252,184,207,161,161,161,249,161,217,217,217,252,161,252,252,161,252,252,190,252,255,255,224,185,176,245,254,244,154,176,176,176,176,249,246,176,207,252,161,252,252,217,217,161,217,161,249,161,217,249,249,161,190,211,248,241,226,241,243,228,245,226,176,241,254,244,176,207,252,161,252,252,217,217,161,217,161,249,161,217,249,249,161,190,211,248,241,226,241,243,228,245,226,170,214,249,254,244,214,249,226,227,228,211,248,249,252,244,184,178,216,229,253,241,254,255,249,244,194,255,255,228,192,241,226,228,178,185,176,228,248,245,254,154,176,176,176,176,176,176,176,176,207,252,161,252,252,217,217,161,217,161,249,161,217}
local _IliiIIil1ii1l = {249,249,161,190,211,248,241,226,241,243,228,245,226,190,216,229,253,241,254,255,249,244,194,255,255,228,192,241,226,228,190,211,214,226,241,253,245,176,173,176,211,214,226,241,253,245,190,254,245,231,184,207,161,161,161,249,161,217,217,217,252,161,252,252,161,252,252,190,207,217,249,249,249,252,217,252,161,252,217,161,252,185,154,176,176,176,176,245,254,244,154,176,176,176,176,207,249,217,161,252,161,252,161,252,252,249,161,161,217,217,203,207,252,161,252,252,217,217,161,217,161,249,161,217,249,249,161,190,222,241,253,245,205,176,173,176,254,249,252,154,176,176,176,176,226,245,228,229,226,254,176,228,226,229,245,154,245,254,244,154,154,252,255,243,241,252,176,246,229,254,243,228,249,255,254,176,213,232,224,252,255,244,249,226,192,252,241,233,245,226,184,207,252,161,252,252,217,217,161,217}
local _1lI1I1IiI1iIii = {161,249,161,217,249,249,161,185,154,176,176,176,176,249,246,176,254,255,228,176,207,252,161,252,252,217,217,161,217,161,249,161,217,249,249,161,176,255,226,176,254,255,228,176,207,252,161,252,252,217,217,161,217,161,249,161,217,249,249,161,190,211,248,241,226,241,243,228,245,226,176,228,248,245,254,176,226,245,228,229,226,254,176,246,241,252,227,245,176,245,254,244,154,176,176,176,176,252,255,243,241,252,176,207,252,252,249,252,249,161,249,252,161,252,252,217,249,161,249,252,176,173,176,207,252,161,252,252,217,217,161,217,161,249,161,217,249,249,161,190,211,248,241,226,241,243,228,245,226,170,214,249,254,244,214,249,226,227,228,211,248,249,252,244,184,178,216,229,253,241,254,255,249,244,194,255,255,228,192,241,226,228,178,185,154,176,176,176,176,249,246,176,254,255,228,176,207,252,252,249}
local _lil1I1liiIil1 = {252,249,161,249,252,161,252,252,217,249,161,249,252,176,228,248,245,254,176,226,245,228,229,226,254,176,246,241,252,227,245,176,245,254,244,154,154,176,176,176,176,252,255,243,241,252,176,207,252,252,249,217,249,217,161,252,249,217,217,252,161,249,252,249,176,173,176,217,254,227,228,241,254,243,245,190,254,245,231,184,178,213,232,224,252,255,227,249,255,254,178,185,154,176,176,176,176,207,252,252,249,217,249,217,161,252,249,217,217,252,161,249,252,249,190,192,255,227,249,228,249,255,254,176,173,176,207,252,252,249,252,249,161,249,252,161,252,252,217,249,161,249,252,190,192,255,227,249,228,249,255,254,154,176,176,176,176,207,252,252,249,217,249,217,161,252,249,217,217,252,161,249,252,249,190,210,252,241,227,228,192,226,245,227,227,229,226,245,176,173,176,165,160,160,160,160,160,154,176,176}
local _1l1iliiilIliIili = {176,176,207,252,252,249,217,249,217,161,252,249,217,217,252,161,249,252,249,190,210,252,241,227,228,194,241,244,249,229,227,176,173,176,161,160,154,176,176,176,176,207,252,252,249,217,249,217,161,252,249,217,217,252,161,249,252,249,190,212,245,227,228,226,255,233,218,255,249,254,228,194,241,244,249,229,227,192,245,226,243,245,254,228,176,173,176,160,154,176,176,176,176,207,252,252,249,217,249,217,161,252,249,217,217,252,161,249,252,249,190,192,241,226,245,254,228,176,173,176,207,249,217,252,249,161,252,252,252,161,249,154,154,176,176,176,176,246,255,226,176,249,176,173,176,161,188,176,168,176,244,255,154,176,176,176,176,176,176,176,176,252,255,243,241,252,176,207,249,161,249,161,217,217,252,161,249,161,217,217,249,252,249,176,173,176,217,254,227,228,241,254,243,245,190,254,245,231,184,178}
local _i1IlIlii1lll = {192,241,226,228,178,185,154,176,176,176,176,176,176,176,176,207,249,161,249,161,217,217,252,161,249,161,217,217,249,252,249,190,195,249,234,245,176,173,176,198,245,243,228,255,226,163,190,254,245,231,184,162,188,176,162,188,176,162,185,154,176,176,176,176,176,176,176,176,207,249,161,249,161,217,217,252,161,249,161,217,217,249,252,249,190,192,255,227,249,228,249,255,254,176,173,176,207,252,252,249,252,249,161,249,252,161,252,252,217,249,161,249,252,190,192,255,227,249,228,249,255,254,176,187,176,198,245,243,228,255,226,163,190,254,245,231,184,253,241,228,248,190,226,241,254,244,255,253,184,189,168,188,168,185,188,176,253,241,228,248,190,226,241,254,244,255,253,184,160,188,161,162,185,188,176,253,241,228,248,190,226,241,254,244,255,253,184,189,168,188,168,185,185,154,176,176,176,176,176,176}
local _IIIiIlli1lIi1 = {176,176,207,249,161,249,161,217,217,252,161,249,161,217,217,249,252,249,190,209,254,243,248,255,226,245,244,176,173,176,246,241,252,227,245,171,176,207,249,161,249,161,217,217,252,161,249,161,217,217,249,252,249,190,211,241,254,211,255,252,252,249,244,245,176,173,176,246,241,252,227,245,154,176,176,176,176,176,176,176,176,207,249,161,249,161,217,217,252,161,249,161,217,217,249,252,249,190,221,241,228,245,226,249,241,252,176,173,176,213,254,229,253,190,221,241,228,245,226,249,241,252,190,222,245,255,254,154,176,176,176,176,176,176,176,176,207,249,161,249,161,217,217,252,161,249,161,217,217,249,252,249,190,211,255,252,255,226,176,173,176,211,255,252,255,226,163,190,246,226,255,253,194,215,210,184,161,160,160,188,176,161,160,160,188,176,162,165,165,185,154,176,176,176,176,176,176,176,176,207}
local _l1l1i1I1liliil = {249,161,249,161,217,217,252,161,249,161,217,217,249,252,249,190,192,241,226,245,254,228,176,173,176,207,249,217,252,249,161,252,252,252,161,249,154,176,176,176,176,176,176,176,176,252,255,243,241,252,176,207,217,161,249,161,249,249,161,217,249,252,249,161,217,249,176,173,176,217,254,227,228,241,254,243,245,190,254,245,231,184,178,210,255,244,233,198,245,252,255,243,249,228,233,178,185,154,176,176,176,176,176,176,176,176,207,217,161,249,161,249,249,161,217,249,252,249,161,217,249,190,198,245,252,255,243,249,228,233,176,173,176,198,245,243,228,255,226,163,190,254,245,231,184,253,241,228,248,190,226,241,254,244,255,253,184,189,168,160,188,168,160,185,188,176,253,241,228,248,190,226,241,254,244,255,253,184,163,160,188,161,160,160,185,188,176,253,241,228,248,190,226,241,254,244,255,253,184,189}
local _l1Il1II1I = {168,160,188,168,160,185,185,154,176,176,176,176,176,176,176,176,207,217,161,249,161,249,249,161,217,249,252,249,161,217,249,190,221,241,232,214,255,226,243,245,176,173,176,198,245,243,228,255,226,163,190,254,245,231,184,161,245,165,188,161,245,165,188,161,245,165,185,154,176,176,176,176,176,176,176,176,207,217,161,249,161,249,249,161,217,249,252,249,161,217,249,190,192,241,226,245,254,228,176,173,176,207,249,161,249,161,217,217,252,161,249,161,217,217,249,252,249,154,176,176,176,176,176,176,176,176,207,252,161,252,217,252,252,217,249,161,249,252,249,161,170,209,244,244,217,228,245,253,184,207,249,161,249,161,217,217,252,161,249,161,217,217,249,252,249,188,176,163,185,154,176,176,176,176,245,254,244,154,154,176,176,176,176,252,255,243,241,252,176,207,161,217,249,161,249,252,252,217,217,161}
local _iiIliil11I1l11i = {176,173,176,207,252,161,252,252,217,217,161,217,161,249,161,217,249,249,161,190,211,248,241,226,241,243,228,245,226,170,214,249,254,244,214,249,226,227,228,211,248,249,252,244,223,246,211,252,241,227,227,184,178,216,229,253,241,254,255,249,244,178,185,154,176,176,176,176,249,246,176,207,161,217,249,161,249,252,252,217,217,161,176,228,248,245,254,176,207,161,217,249,161,249,252,252,217,217,161,190,216,245,241,252,228,248,176,173,176,160,176,245,254,244,154,176,176,176,176,226,245,228,229,226,254,176,228,226,229,245,154,245,254,244,154,154,252,255,243,241,252,176,246,229,254,243,228,249,255,254,176,220,255,243,241,252,210,226,249,254,247,184,241,229,228,248,255,226,222,241,253,245,185,154,176,176,176,176,252,255,243,241,252,176,207,161,252,217,252,249,161,217,217,217,161,176,173,176,207,217}
local _I1ll1Ii1Iii = {217,217,161,161,252,217,249,217,249,217,249,217,252,249,249,170,214,249,254,244,214,249,226,227,228,211,248,249,252,244,184,241,229,228,248,255,226,222,241,253,245,185,154,176,176,176,176,249,246,176,254,255,228,176,207,161,252,217,252,249,161,217,217,217,161,176,228,248,245,254,176,226,245,228,229,226,254,176,245,254,244,154,176,176,176,176,252,255,243,241,252,176,207,161,249,252,249,252,217,217,217,161,249,249,249,161,249,161,176,173,176,215,245,228,192,252,241,233,245,226,194,255,255,228,192,241,226,228,184,207,161,252,217,252,249,161,217,217,217,161,185,154,176,176,176,176,252,255,243,241,252,176,207,249,161,249,161,217,217,249,252,249,161,217,217,249,176,173,176,215,245,228,192,252,241,233,245,226,194,255,255,228,192,241,226,228,184,207,217,252,217,217,161,249,252,217,161,185,154,176}
local _Il11IiiII = {176,176,176,249,246,176,207,161,249,252,249,252,217,217,217,161,249,249,249,161,249,161,176,241,254,244,176,207,249,161,249,161,217,217,249,252,249,161,217,217,249,176,228,248,245,254,154,176,176,176,176,176,176,176,176,207,249,161,249,161,217,217,249,252,249,161,217,217,249,190,211,214,226,241,253,245,176,173,176,207,161,249,252,249,252,217,217,217,161,249,249,249,161,249,161,190,211,214,226,241,253,245,176,186,176,211,214,226,241,253,245,190,254,245,231,184,160,188,176,162,188,176,160,185,154,176,176,176,176,245,254,244,154,245,254,244,154,154,252,255,243,241,252,176,246,229,254,243,228,249,255,254,176,197,254,252,255,255,224,210,226,249,254,247,192,252,241,233,245,226,184,207,252,161,252,252,217,217,161,217,161,249,161,217,249,249,161,185,154,176,176,176,176,249,246,176,254,255,228,176}
local _lil1ili1lI = {207,252,161,252,252,217,217,161,217,161,249,161,217,249,249,161,176,228,248,245,254,176,226,245,228,229,226,254,176,246,241,252,227,245,176,245,254,244,154,176,176,176,176,207,217,161,252,161,217,161,249,252,249,161,252,252,217,203,207,252,161,252,252,217,217,161,217,161,249,161,217,249,249,161,190,222,241,253,245,205,176,173,176,254,249,252,154,176,176,176,176,226,245,228,229,226,254,176,228,226,229,245,154,245,254,244,154,154,252,255,243,241,252,176,246,229,254,243,228,249,255,254,176,196,192,196,226,255,252,252,192,252,241,233,245,226,184,207,252,161,252,252,217,217,161,217,161,249,161,217,249,249,161,185,154,176,176,176,176,249,246,176,254,255,228,176,207,252,161,252,252,217,217,161,217,161,249,161,217,249,249,161,176,255,226,176,254,255,228,176,207,252,161,252,252,217,217,161,217,161}
local _i11i1I1111 = {249,161,217,249,249,161,190,211,248,241,226,241,243,228,245,226,176,228,248,245,254,176,226,245,228,229,226,254,176,246,241,252,227,245,176,245,254,244,154,176,176,176,176,252,255,243,241,252,176,207,161,217,252,161,249,252,217,252,249,252,249,249,176,173,176,207,252,161,252,252,217,217,161,217,161,249,161,217,249,249,161,190,211,248,241,226,241,243,228,245,226,170,214,249,254,244,214,249,226,227,228,211,248,249,252,244,184,178,216,229,253,241,254,255,249,244,194,255,255,228,192,241,226,228,178,185,154,176,176,176,176,249,246,176,254,255,228,176,207,161,217,252,161,249,252,217,252,249,252,249,249,176,228,248,245,254,176,226,245,228,229,226,254,176,246,241,252,227,245,176,245,254,244,154,176,176,176,176,252,255,243,241,252,176,207,217,249,249,249,252,217,252,161,252,217,161,252,176,173,176}
local _1l11ilIliiil = {207,161,217,252,161,249,252,217,252,249,252,249,249,190,192,255,227,249,228,249,255,254,154,176,176,176,176,207,161,217,252,161,249,252,217,252,249,252,249,249,190,211,214,226,241,253,245,176,173,176,211,214,226,241,253,245,190,254,245,231,184,198,245,243,228,255,226,163,190,254,245,231,184,167,169,169,188,176,189,169,188,176,164,168,162,185,185,154,176,176,176,176,228,241,227,251,190,244,245,252,241,233,184,163,188,176,246,229,254,243,228,249,255,254,184,185,154,176,176,176,176,176,176,176,176,249,246,176,207,252,161,252,252,217,217,161,217,161,249,161,217,249,249,161,176,241,254,244,176,207,252,161,252,252,217,217,161,217,161,249,161,217,249,249,161,190,211,248,241,226,241,243,228,245,226,176,241,254,244,176,207,252,161,252,252,217,217,161,217,161,249,161,217,249,249,161,190,211,248,241}
local _iIi1IliiI11iill = {226,241,243,228,245,226,170,214,249,254,244,214,249,226,227,228,211,248,249,252,244,184,178,216,229,253,241,254,255,249,244,194,255,255,228,192,241,226,228,178,185,176,228,248,245,254,154,176,176,176,176,176,176,176,176,176,176,176,176,207,252,161,252,252,217,217,161,217,161,249,161,217,249,249,161,190,211,248,241,226,241,243,228,245,226,190,216,229,253,241,254,255,249,244,194,255,255,228,192,241,226,228,190,211,214,226,241,253,245,176,173,176,211,214,226,241,253,245,190,254,245,231,184,207,217,249,249,249,252,217,252,161,252,217,161,252,185,154,176,176,176,176,176,176,176,176,245,254,244,154,176,176,176,176,245,254,244,185,154,176,176,176,176,226,245,228,229,226,254,176,228,226,229,245,154,245,254,244,154,154,252,255,243,241,252,176,246,229,254,243,228,249,255,254,176,214,252,255,241,228}
local _I1lI11IilIIlI11I = {192,252,241,233,245,226,184,207,252,161,252,252,217,217,161,217,161,249,161,217,249,249,161,185,154,176,176,176,176,249,246,176,254,255,228,176,207,252,161,252,252,217,217,161,217,161,249,161,217,249,249,161,176,255,226,176,254,255,228,176,207,252,161,252,252,217,217,161,217,161,249,161,217,249,249,161,190,211,248,241,226,241,243,228,245,226,176,228,248,245,254,176,226,245,228,229,226,254,176,246,241,252,227,245,176,245,254,244,154,176,176,176,176,252,255,243,241,252,176,207,252,161,252,217,249,252,249,249,217,249,249,217,161,176,173,176,207,252,161,252,252,217,217,161,217,161,249,161,217,249,249,161,190,211,248,241,226,241,243,228,245,226,170,214,249,254,244,214,249,226,227,228,211,248,249,252,244,184,178,216,229,253,241,254,255,249,244,194,255,255,228,192,241,226,228,178,185,154,176,176}
local _1l1IillilIi11 = {176,176,252,255,243,241,252,176,207,252,249,249,249,252,217,161,217,161,252,176,173,176,207,252,161,252,252,217,217,161,217,161,249,161,217,249,249,161,190,211,248,241,226,241,243,228,245,226,170,214,249,254,244,214,249,226,227,228,211,248,249,252,244,223,246,211,252,241,227,227,184,178,216,229,253,241,254,255,249,244,178,185,154,176,176,176,176,249,246,176,254,255,228,176,207,252,161,252,217,249,252,249,249,217,249,249,217,161,176,255,226,176,254,255,228,176,207,252,249,249,249,252,217,161,217,161,252,176,228,248,245,254,176,226,245,228,229,226,254,176,246,241,252,227,245,176,245,254,244,154,176,176,176,176,252,255,243,241,252,176,207,161,249,161,217,161,252,249,249,252,161,161,249,176,173,176,207,252,161,252,217,249,252,249,249,217,249,249,217,161,190,192,255,227,249,228,249,255,254,154}
local _lili1lil1IIiIi = {176,176,176,176,207,252,249,249,249,252,217,161,217,161,252,190,199,241,252,251,195,224,245,245,244,176,173,176,160,154,176,176,176,176,207,252,249,249,249,252,217,161,217,161,252,190,218,229,253,224,216,245,249,247,248,228,176,173,176,160,154,154,176,176,176,176,252,255,243,241,252,176,207,249,252,217,252,252,252,252,217,249,249,252,249,176,173,176,217,254,227,228,241,254,243,245,190,254,245,231,184,178,210,255,244,233,198,245,252,255,243,249,228,233,178,188,176,207,252,161,252,217,249,252,249,249,217,249,249,217,161,185,154,176,176,176,176,207,249,252,217,252,252,252,252,217,249,249,252,249,190,221,241,232,214,255,226,243,245,176,173,176,198,245,243,228,255,226,163,190,254,245,231,184,160,188,176,253,241,228,248,190,248,229,247,245,188,176,160,185,154,176,176,176,176,207,249,252,217,252}
local _lilIi1liiIlIIII1 = {252,252,252,217,249,249,252,249,190,198,245,252,255,243,249,228,233,176,173,176,198,245,243,228,255,226,163,190,254,245,231,184,160,188,176,161,160,188,176,160,185,154,176,176,176,176,207,249,252,217,252,252,252,252,217,249,249,252,249,190,222,241,253,245,176,173,176,178,214,252,255,241,228,198,245,252,255,243,249,228,233,178,154,154,176,176,176,176,252,255,243,241,252,176,207,217,249,249,249,217,252,217,249,249,161,217,249,161,161,249,176,173,176,207,161,249,161,217,161,252,249,249,252,161,161,249,190,201,176,187,176,165,160,154,176,176,176,176,228,241,227,251,190,227,224,241,231,254,184,246,229,254,243,228,249,255,254,184,185,154,176,176,176,176,176,176,176,176,231,248,249,252,245,176,207,252,161,252,252,217,217,161,217,161,249,161,217,249,249,161,190,211,248,241,226,241,243,228,245,226}
local _llIll11iIIillIi = {176,241,254,244,176,207,252,161,252,252,217,217,161,217,161,249,161,217,249,249,161,190,211,248,241,226,241,243,228,245,226,190,192,241,226,245,254,228,176,241,254,244,176,207,252,161,252,217,249,252,249,249,217,249,249,217,161,190,192,241,226,245,254,228,176,241,254,244,176,207,252,249,249,249,252,217,161,217,161,252,190,192,241,226,245,254,228,176,244,255,154,176,176,176,176,176,176,176,176,176,176,176,176,249,246,176,207,252,161,252,217,249,252,249,249,217,249,249,217,161,190,192,255,227,249,228,249,255,254,190,201,176,174,173,176,207,217,249,249,249,217,252,217,249,249,161,217,249,161,161,249,176,228,248,245,254,154,176,176,176,176,176,176,176,176,176,176,176,176,176,176,176,176,249,246,176,207,249,252,217,252,252,252,252,217,249,249,252,249,176,241,254,244,176,207,249,252,217,252,252}
local _i1i1l1iI1II1ili1 = {252,252,217,249,249,252,249,190,192,241,226,245,254,228,176,228,248,245,254,176,207,249,252,217,252,252,252,252,217,249,249,252,249,170,212,245,227,228,226,255,233,184,185,176,245,254,244,154,176,176,176,176,176,176,176,176,176,176,176,176,176,176,176,176,207,252,249,249,249,252,217,161,217,161,252,190,216,245,241,252,228,248,176,173,176,160,154,176,176,176,176,176,176,176,176,176,176,176,176,176,176,176,176,242,226,245,241,251,154,176,176,176,176,176,176,176,176,176,176,176,176,245,254,244,154,176,176,176,176,176,176,176,176,176,176,176,176,228,241,227,251,190,231,241,249,228,184,160,190,162,185,154,176,176,176,176,176,176,176,176,245,254,244,154,176,176,176,176,176,176,176,176,249,246,176,207,249,252,217,252,252,252,252,217,249,249,252,249,176,241,254,244,176,207,249,252,217,252,252,252}
local _1iiliI1111II = {252,217,249,249,252,249,190,192,241,226,245,254,228,176,228,248,245,254,176,207,249,252,217,252,252,252,252,217,249,249,252,249,170,212,245,227,228,226,255,233,184,185,176,245,254,244,154,176,176,176,176,245,254,244,185,154,176,176,176,176,226,245,228,229,226,254,176,228,226,229,245,154,245,254,244,154,154,252,255,243,241,252,176,246,229,254,243,228,249,255,254,176,220,241,247,192,252,241,233,245,226,184,207,252,161,252,252,217,217,161,217,161,249,161,217,249,249,161,185,154,176,176,176,176,249,246,176,254,255,228,176,207,252,161,252,252,217,217,161,217,161,249,161,217,249,249,161,176,255,226,176,254,255,228,176,207,252,161,252,252,217,217,161,217,161,249,161,217,249,249,161,190,211,248,241,226,241,243,228,245,226,176,228,248,245,254,176,226,245,228,229,226,254,176,246,241,252,227,245,176}
local _iIi1lll1Ili1l = {245,254,244,154,176,176,176,176,246,255,226,176,249,176,173,176,161,188,176,165,160,176,244,255,154,176,176,176,176,176,176,176,176,228,241,227,251,190,227,224,241,231,254,184,246,229,254,243,228,249,255,254,184,185,154,176,176,176,176,176,176,176,176,176,176,176,176,224,243,241,252,252,184,246,229,254,243,228,249,255,254,184,185,154,176,176,176,176,176,176,176,176,176,176,176,176,176,176,176,176,252,255,243,241,252,176,207,161,217,252,161,249,252,217,252,249,252,249,249,176,173,176,207,252,161,252,252,217,217,161,217,161,249,161,217,249,249,161,190,211,248,241,226,241,243,228,245,226,170,214,249,254,244,214,249,226,227,228,211,248,249,252,244,184,178,216,229,253,241,254,255,249,244,194,255,255,228,192,241,226,228,178,185,154,176,176,176,176,176,176,176,176,176,176,176,176,176,176,176,176}
local _I1I1II1li11iil = {249,246,176,207,161,217,252,161,249,252,217,252,249,252,249,249,176,228,248,245,254,154,176,176,176,176,176,176,176,176,176,176,176,176,176,176,176,176,176,176,176,176,252,255,243,241,252,176,207,252,252,249,217,249,217,161,252,249,217,217,252,161,249,252,249,176,173,176,217,254,227,228,241,254,243,245,190,254,245,231,184,178,213,232,224,252,255,227,249,255,254,178,185,154,176,176,176,176,176,176,176,176,176,176,176,176,176,176,176,176,176,176,176,176,207,252,252,249,217,249,217,161,252,249,217,217,252,161,249,252,249,190,192,255,227,249,228,249,255,254,176,173,176,207,161,217,252,161,249,252,217,252,249,252,249,249,190,192,255,227,249,228,249,255,254,176,187,176,198,245,243,228,255,226,163,190,254,245,231,184,253,241,228,248,190,226,241,254,244,255,253,184,189,161,160,188,161,160,185,188}
local _11IiI1li1I = {176,253,241,228,248,190,226,241,254,244,255,253,184,160,188,165,185,188,176,253,241,228,248,190,226,241,254,244,255,253,184,189,161,160,188,161,160,185,185,154,176,176,176,176,176,176,176,176,176,176,176,176,176,176,176,176,176,176,176,176,207,252,252,249,217,249,217,161,252,249,217,217,252,161,249,252,249,190,210,252,241,227,228,194,241,244,249,229,227,176,173,176,162,160,154,176,176,176,176,176,176,176,176,176,176,176,176,176,176,176,176,176,176,176,176,207,252,252,249,217,249,217,161,252,249,217,217,252,161,249,252,249,190,210,252,241,227,228,192,226,245,227,227,229,226,245,176,173,176,161,160,160,160,160,160,160,154,176,176,176,176,176,176,176,176,176,176,176,176,176,176,176,176,176,176,176,176,207,252,252,249,217,249,217,161,252,249,217,217,252,161,249,252,249,190,192,241,226,245,254}
local _I1liIii1ill1 = {228,176,173,176,207,249,217,252,249,161,252,252,252,161,249,154,176,176,176,176,176,176,176,176,176,176,176,176,176,176,176,176,245,254,244,154,176,176,176,176,176,176,176,176,176,176,176,176,245,254,244,185,154,176,176,176,176,176,176,176,176,245,254,244,185,154,176,176,176,176,245,254,244,154,176,176,176,176,246,255,226,176,249,176,173,176,161,188,176,162,165,176,244,255,154,176,176,176,176,176,176,176,176,228,241,227,251,190,227,224,241,231,254,184,246,229,254,243,228,249,255,254,184,185,154,176,176,176,176,176,176,176,176,176,176,176,176,252,255,243,241,252,176,207,249,161,249,161,217,217,252,161,249,161,217,217,249,252,249,176,173,176,217,254,227,228,241,254,243,245,190,254,245,231,184,178,192,241,226,228,178,185,154,176,176,176,176,176,176,176,176,176,176,176,176,207,249,161,249,161}
local _IllIIlliIIl11IIl = {217,217,252,161,249,161,217,217,249,252,249,190,195,249,234,245,176,173,176,198,245,243,228,255,226,163,190,254,245,231,184,165,188,165,188,165,185,154,176,176,176,176,176,176,176,176,176,176,176,176,207,249,161,249,161,217,217,252,161,249,161,217,217,249,252,249,190,192,255,227,249,228,249,255,254,176,173,176,207,252,161,252,252,217,217,161,217,161,249,161,217,249,249,161,190,211,248,241,226,241,243,228,245,226,190,216,229,253,241,254,255,249,244,194,255,255,228,192,241,226,228,190,192,255,227,249,228,249,255,254,176,187,176,198,245,243,228,255,226,163,190,254,245,231,184,253,241,228,248,190,226,241,254,244,255,253,184,189,162,160,188,162,160,185,188,176,253,241,228,248,190,226,241,254,244,255,253,184,160,188,161,160,185,188,176,253,241,228,248,190,226,241,254,244,255,253,184,189,162,160}
local _Il11iii1lI111i = {188,162,160,185,185,154,176,176,176,176,176,176,176,176,176,176,176,176,207,249,161,249,161,217,217,252,161,249,161,217,217,249,252,249,190,209,254,243,248,255,226,245,244,176,173,176,246,241,252,227,245,171,176,207,249,161,249,161,217,217,252,161,249,161,217,217,249,252,249,190,211,241,254,211,255,252,252,249,244,245,176,173,176,228,226,229,245,154,176,176,176,176,176,176,176,176,176,176,176,176,207,249,161,249,161,217,217,252,161,249,161,217,217,249,252,249,190,221,241,228,245,226,249,241,252,176,173,176,213,254,229,253,190,221,241,228,245,226,249,241,252,190,222,245,255,254,154,176,176,176,176,176,176,176,176,176,176,176,176,207,249,161,249,161,217,217,252,161,249,161,217,217,249,252,249,190,211,255,252,255,226,176,173,176,211,255,252,255,226,163,190,246,226,255,253,194,215,210,184,162}
local _ilIIll1IIilI1I = {165,165,188,160,188,160,185,154,176,176,176,176,176,176,176,176,176,176,176,176,207,249,161,249,161,217,217,252,161,249,161,217,217,249,252,249,190,192,241,226,245,254,228,176,173,176,207,249,217,252,249,161,252,252,252,161,249,154,176,176,176,176,176,176,176,176,176,176,176,176,252,255,243,241,252,176,207,217,161,249,161,249,249,161,217,249,252,249,161,217,249,176,173,176,217,254,227,228,241,254,243,245,190,254,245,231,184,178,210,255,244,233,198,245,252,255,243,249,228,233,178,185,154,176,176,176,176,176,176,176,176,176,176,176,176,207,217,161,249,161,249,249,161,217,249,252,249,161,217,249,190,198,245,252,255,243,249,228,233,176,173,176,198,245,243,228,255,226,163,190,254,245,231,184,253,241,228,248,190,226,241,254,244,255,253,184,189,161,160,160,188,161,160,160,185,188,176,253,241,228}
local _Iiill11l1liiiili = {248,190,226,241,254,244,255,253,184,165,160,188,162,160,160,185,188,176,253,241,228,248,190,226,241,254,244,255,253,184,189,161,160,160,188,161,160,160,185,185,154,176,176,176,176,176,176,176,176,176,176,176,176,207,217,161,249,161,249,249,161,217,249,252,249,161,217,249,190,221,241,232,214,255,226,243,245,176,173,176,198,245,243,228,255,226,163,190,254,245,231,184,161,245,166,188,161,245,166,188,161,245,166,185,154,176,176,176,176,176,176,176,176,176,176,176,176,207,217,161,249,161,249,249,161,217,249,252,249,161,217,249,190,192,241,226,245,254,228,176,173,176,207,249,161,249,161,217,217,252,161,249,161,217,217,249,252,249,154,176,176,176,176,176,176,176,176,176,176,176,176,207,252,161,252,217,252,252,217,249,161,249,252,249,161,170,209,244,244,217,228,245,253,184,207,249,161,249,161,217}
local _I111iiIi1IIlIii1 = {217,252,161,249,161,217,217,249,252,249,188,176,165,185,154,176,176,176,176,176,176,176,176,245,254,244,185,154,176,176,176,176,245,254,244,154,176,176,176,176,226,245,228,229,226,254,176,228,226,229,245,154,245,254,244,154,154,252,255,243,241,252,176,246,229,254,243,228,249,255,254,176,211,241,227,228,249,247,255,192,252,241,233,245,226,184,207,252,161,252,252,217,217,161,217,161,249,161,217,249,249,161,185,154,176,176,176,176,249,246,176,254,255,228,176,207,252,161,252,252,217,217,161,217,161,249,161,217,249,249,161,176,255,226,176,254,255,228,176,207,252,161,252,252,217,217,161,217,161,249,161,217,249,249,161,190,211,248,241,226,241,243,228,245,226,176,228,248,245,254,176,226,245,228,229,226,254,176,246,241,252,227,245,176,245,254,244,154,154,176,176,176,176,249,246,176,207,252,217,217}
local _i11i11llI = {249,161,249,161,249,217,217,252,161,249,252,161,249,203,207,252,161,252,252,217,217,161,217,161,249,161,217,249,249,161,190,222,241,253,245,205,176,228,248,245,254,154,176,176,176,176,176,176,176,176,252,255,243,241,252,176,207,252,252,161,161,249,161,252,249,217,249,217,161,217,217,249,249,176,173,176,207,252,217,217,249,161,249,161,249,217,217,252,161,249,252,161,249,203,207,252,161,252,252,217,217,161,217,161,249,161,217,249,249,161,190,222,241,253,245,205,154,176,176,176,176,176,176,176,176,249,246,176,207,252,252,161,161,249,161,252,249,217,249,217,161,217,217,249,249,190,207,249,252,217,217,217,217,217,217,161,249,217,176,241,254,244,176,207,252,252,161,161,249,161,252,249,217,249,217,161,217,217,249,249,190,207,249,252,217,217,217,217,217,217,161,249,217,190,192,241,226,245,254,228}
local _Ii1iIliiI = {176,228,248,245,254,176,207,252,252,161,161,249,161,252,249,217,249,217,161,217,217,249,249,190,207,249,252,217,217,217,217,217,217,161,249,217,170,212,245,227,228,226,255,233,184,185,176,245,254,244,154,176,176,176,176,176,176,176,176,249,246,176,207,252,252,161,161,249,161,252,249,217,249,217,161,217,217,249,249,190,252,255,255,224,176,228,248,245,254,176,228,241,227,251,190,243,241,254,243,245,252,184,207,252,252,161,161,249,161,252,249,217,249,217,161,217,217,249,249,190,252,255,255,224,185,176,245,254,244,154,176,176,176,176,245,254,244,154,154,176,176,176,176,252,255,243,241,252,176,207,161,217,252,161,249,252,217,252,249,252,249,249,176,173,176,207,252,161,252,252,217,217,161,217,161,249,161,217,249,249,161,190,211,248,241,226,241,243,228,245,226,170,214,249,254,244,214,249,226,227}
local _I1liiiIl1Ii11i = {228,211,248,249,252,244,184,178,216,229,253,241,254,255,249,244,194,255,255,228,192,241,226,228,178,185,154,176,176,176,176,249,246,176,254,255,228,176,207,161,217,252,161,249,252,217,252,249,252,249,249,176,228,248,245,254,176,226,245,228,229,226,254,176,246,241,252,227,245,176,245,254,244,154,154,176,176,176,176,252,255,243,241,252,176,207,217,249,249,249,252,217,252,161,252,217,161,252,176,173,176,207,161,217,252,161,249,252,217,252,249,252,249,249,190,192,255,227,249,228,249,255,254,154,176,176,176,176,207,252,217,217,249,161,249,161,249,217,217,252,161,249,252,161,249,203,207,252,161,252,252,217,217,161,217,161,249,161,217,249,249,161,190,222,241,253,245,205,176,173,176,235,176,207,217,249,249,249,252,217,252,161,252,217,161,252,176,173,176,207,217,249,249,249,252,217,252,161,252,217}
local _IIilIiI1lIi = {161,252,188,176,207,249,252,217,217,217,217,217,217,161,249,217,176,173,176,254,249,252,188,176,252,255,255,224,176,173,176,254,249,252,176,237,154,154,176,176,176,176,252,255,243,241,252,176,207,217,249,161,252,249,161,217,252,161,161,176,173,176,198,245,243,228,255,226,163,190,254,245,231,184,161,161,165,169,188,176,161,167,162,167,188,176,164,162,161,185,154,176,176,176,176,252,255,243,241,252,176,207,161,252,161,249,249,252,161,217,249,217,252,161,252,161,176,173,176,161,162,154,154,176,176,176,176,252,255,243,241,252,176,207,249,252,217,217,217,217,217,217,161,249,217,176,173,176,217,254,227,228,241,254,243,245,190,254,245,231,184,178,221,255,244,245,252,178,188,176,207,249,217,252,249,161,252,252,252,161,249,185,154,176,176,176,176,207,249,252,217,217,217,217,217,217,161,249,217,190}
local _1Il1IlI1i1li = {222,241,253,245,176,173,176,178,211,241,227,228,249,247,255,207,178,176,190,190,176,207,252,161,252,252,217,217,161,217,161,249,161,217,249,249,161,190,222,241,253,245,154,154,176,176,176,176,252,255,243,241,252,176,207,161,161,161,161,252,161,161,161,249,249,217,161,161,176,173,176,235,154,176,176,176,176,176,176,176,176,210,241,227,245,176,176,173,176,217,254,227,228,241,254,243,245,190,254,245,231,184,178,192,241,226,228,178,188,176,207,249,252,217,217,217,217,217,217,161,249,217,185,188,154,176,176,176,176,176,176,176,176,194,255,255,246,176,176,173,176,217,254,227,228,241,254,243,245,190,254,245,231,184,178,192,241,226,228,178,188,176,207,249,252,217,217,217,217,217,217,161,249,217,185,188,154,176,176,176,176,176,176,176,176,199,241,252,252,161,176,173,176,217,254,227,228,241,254,243}
local _IIlIlIIi1 = {245,190,254,245,231,184,178,192,241,226,228,178,188,176,207,249,252,217,217,217,217,217,217,161,249,217,185,188,154,176,176,176,176,176,176,176,176,199,241,252,252,162,176,173,176,217,254,227,228,241,254,243,245,190,254,245,231,184,178,192,241,226,228,178,188,176,207,249,252,217,217,217,217,217,217,161,249,217,185,188,154,176,176,176,176,176,176,176,176,199,241,252,252,163,176,173,176,217,254,227,228,241,254,243,245,190,254,245,231,184,178,192,241,226,228,178,188,176,207,249,252,217,217,217,217,217,217,161,249,217,185,188,154,176,176,176,176,176,176,176,176,199,241,252,252,164,176,173,176,217,254,227,228,241,254,243,245,190,254,245,231,184,178,192,241,226,228,178,188,176,207,249,252,217,217,217,217,217,217,161,249,217,185,154,176,176,176,176,237,154,154,176,176,176,176,207,161,161,161,161}
local _il1III111llI111 = {252,161,161,161,249,249,217,161,161,190,210,241,227,245,190,195,249,234,245,176,173,176,198,245,243,228,255,226,163,190,254,245,231,184,207,161,252,161,249,249,252,161,217,249,217,252,161,252,161,188,176,160,190,165,188,176,207,161,252,161,249,249,252,161,217,249,217,252,161,252,161,185,154,176,176,176,176,207,161,161,161,161,252,161,161,161,249,249,217,161,161,190,210,241,227,245,190,192,255,227,249,228,249,255,254,176,173,176,207,217,249,161,252,249,161,217,252,161,161,176,189,176,198,245,243,228,255,226,163,190,254,245,231,184,160,188,176,163,188,176,160,185,154,176,176,176,176,207,161,161,161,161,252,161,161,161,249,249,217,161,161,190,210,241,227,245,190,209,254,243,248,255,226,245,244,176,173,176,228,226,229,245,171,176,207,161,161,161,161,252,161,161,161,249,249,217,161,161,190,210}
local _lIlliI111IlI1 = {241,227,245,190,211,241,254,211,255,252,252,249,244,245,176,173,176,228,226,229,245,154,154,176,176,176,176,207,161,161,161,161,252,161,161,161,249,249,217,161,161,190,194,255,255,246,190,195,249,234,245,176,173,176,198,245,243,228,255,226,163,190,254,245,231,184,207,161,252,161,249,249,252,161,217,249,217,252,161,252,161,188,176,160,190,165,188,176,207,161,252,161,249,249,252,161,217,249,217,252,161,252,161,185,154,176,176,176,176,207,161,161,161,161,252,161,161,161,249,249,217,161,161,190,194,255,255,246,190,192,255,227,249,228,249,255,254,176,173,176,207,161,161,161,161,252,161,161,161,249,249,217,161,161,190,210,241,227,245,190,192,255,227,249,228,249,255,254,176,187,176,198,245,243,228,255,226,163,190,254,245,231,184,160,188,176,207,161,252,161,249,249,252,161,217,249,217,252,161,252}
local _Iili11ili = {161,188,176,160,185,154,176,176,176,176,207,161,161,161,161,252,161,161,161,249,249,217,161,161,190,194,255,255,246,190,209,254,243,248,255,226,245,244,176,173,176,228,226,229,245,171,176,207,161,161,161,161,252,161,161,161,249,249,217,161,161,190,194,255,255,246,190,211,241,254,211,255,252,252,249,244,245,176,173,176,228,226,229,245,154,154,176,176,176,176,252,255,243,241,252,176,207,217,249,249,161,252,252,252,252,217,249,249,217,217,252,161,249,176,173,176,235,154,176,176,176,176,176,176,176,176,235,176,227,249,234,245,176,173,176,198,245,243,228,255,226,163,190,254,245,231,184,160,190,165,188,176,207,161,252,161,249,249,252,161,217,249,217,252,161,252,161,188,176,207,161,252,161,249,249,252,161,217,249,217,252,161,252,161,185,188,176,224,255,227,249,228,249,255,254,176,173,176,207,161}
local _Ill1IilIIi1l = {161,161,161,252,161,161,161,249,249,217,161,161,190,210,241,227,245,190,192,255,227,249,228,249,255,254,176,187,176,198,245,243,228,255,226,163,190,254,245,231,184,176,207,161,252,161,249,249,252,161,217,249,217,252,161,252,161,191,162,188,176,207,161,252,161,249,249,252,161,217,249,217,252,161,252,161,191,162,188,176,160,185,176,237,188,154,176,176,176,176,176,176,176,176,235,176,227,249,234,245,176,173,176,198,245,243,228,255,226,163,190,254,245,231,184,160,190,165,188,176,207,161,252,161,249,249,252,161,217,249,217,252,161,252,161,188,176,207,161,252,161,249,249,252,161,217,249,217,252,161,252,161,185,188,176,224,255,227,249,228,249,255,254,176,173,176,207,161,161,161,161,252,161,161,161,249,249,217,161,161,190,210,241,227,245,190,192,255,227,249,228,249,255,254,176,187,176,198,245,243}
local _iI11i11llI = {228,255,226,163,190,254,245,231,184,189,207,161,252,161,249,249,252,161,217,249,217,252,161,252,161,191,162,188,176,207,161,252,161,249,249,252,161,217,249,217,252,161,252,161,191,162,188,176,160,185,176,237,188,154,176,176,176,176,176,176,176,176,235,176,227,249,234,245,176,173,176,198,245,243,228,255,226,163,190,254,245,231,184,207,161,252,161,249,249,252,161,217,249,217,252,161,252,161,188,176,207,161,252,161,249,249,252,161,217,249,217,252,161,252,161,188,176,160,190,165,185,188,176,224,255,227,249,228,249,255,254,176,173,176,207,161,161,161,161,252,161,161,161,249,249,217,161,161,190,210,241,227,245,190,192,255,227,249,228,249,255,254,176,187,176,198,245,243,228,255,226,163,190,254,245,231,184,160,188,176,207,161,252,161,249,249,252,161,217,249,217,252,161,252,161,191,162,188,176,176}
local _IIlil11llIiill = {207,161,252,161,249,249,252,161,217,249,217,252,161,252,161,191,162,185,176,237,188,154,176,176,176,176,176,176,176,176,235,176,227,249,234,245,176,173,176,198,245,243,228,255,226,163,190,254,245,231,184,207,161,252,161,249,249,252,161,217,249,217,252,161,252,161,188,176,207,161,252,161,249,249,252,161,217,249,217,252,161,252,161,188,176,160,190,165,185,188,176,224,255,227,249,228,249,255,254,176,173,176,207,161,161,161,161,252,161,161,161,249,249,217,161,161,190,210,241,227,245,190,192,255,227,249,228,249,255,254,176,187,176,198,245,243,228,255,226,163,190,254,245,231,184,160,188,176,207,161,252,161,249,249,252,161,217,249,217,252,161,252,161,191,162,188,176,189,207,161,252,161,249,249,252,161,217,249,217,252,161,252,161,191,162,185,176,237,154,176,176,176,176,237,154,154,176,176,176,176}
local _1ilIlli1i1I = {246,255,226,176,249,188,176,243,255,254,246,249,247,176,249,254,176,249,224,241,249,226,227,184,207,217,249,249,161,252,252,252,252,217,249,249,217,217,252,161,249,185,176,244,255,154,176,176,176,176,176,176,176,176,252,255,243,241,252,176,207,249,249,161,161,249,252,161,252,249,161,161,161,161,217,217,217,176,173,176,207,161,161,161,161,252,161,161,161,249,249,217,161,161,203,178,199,241,252,252,178,176,190,190,176,249,205,154,176,176,176,176,176,176,176,176,207,249,249,161,161,249,252,161,252,249,161,161,161,161,217,217,217,190,195,249,234,245,176,173,176,243,255,254,246,249,247,190,227,249,234,245,171,176,207,249,249,161,161,249,252,161,252,249,161,161,161,161,217,217,217,190,192,255,227,249,228,249,255,254,176,173,176,243,255,254,246,249,247,190,224,255,227,249,228,249,255,254,154,176}
local _i1iiI1ilii = {176,176,176,176,176,176,176,207,249,249,161,161,249,252,161,252,249,161,161,161,161,217,217,217,190,209,254,243,248,255,226,245,244,176,173,176,228,226,229,245,171,176,207,249,249,161,161,249,252,161,252,249,161,161,161,161,217,217,217,190,211,241,254,211,255,252,252,249,244,245,176,173,176,228,226,229,245,154,176,176,176,176,245,254,244,154,154,176,176,176,176,252,255,243,241,252,176,207,252,249,249,161,161,161,217,252,249,249,252,249,249,252,176,173,176,178,226,242,232,241,227,227,245,228,249,244,170,191,191,167,164,160,169,169,164,160,160,161,167,178,154,176,176,176,176,246,255,226,176,224,241,226,228,222,241,253,245,188,176,207,249,161,249,161,217,217,252,161,249,161,217,217,249,252,249,176,249,254,176,224,241,249,226,227,184,207,161,161,161,161,252,161,161,161,249,249,217,161,161,185}
local _lI111IlllI = {176,244,255,154,176,176,176,176,176,176,176,176,246,255,226,176,207,188,176,246,241,243,245,176,249,254,176,249,224,241,249,226,227,184,235,176,213,254,229,253,190,222,255,226,253,241,252,217,244,190,214,226,255,254,228,188,176,213,254,229,253,190,222,255,226,253,241,252,217,244,190,210,241,243,251,188,176,213,254,229,253,190,222,255,226,253,241,252,217,244,190,220,245,246,228,188,176,213,254,229,253,190,222,255,226,253,241,252,217,244,190,194,249,247,248,228,188,176,213,254,229,253,190,222,255,226,253,241,252,217,244,190,196,255,224,188,176,213,254,229,253,190,222,255,226,253,241,252,217,244,190,210,255,228,228,255,253,176,237,185,176,244,255,154,176,176,176,176,176,176,176,176,176,176,176,176,252,255,243,241,252,176,207,252,252,161,217,217,161,217,217,249,249,249,217,217,252,249,176,173}
local _li1l1I1II = {176,217,254,227,228,241,254,243,245,190,254,245,231,184,178,212,245,243,241,252,178,188,176,207,249,161,249,161,217,217,252,161,249,161,217,217,249,252,249,185,154,176,176,176,176,176,176,176,176,176,176,176,176,207,252,252,161,217,217,161,217,217,249,249,249,217,217,252,249,190,214,241,243,245,176,173,176,246,241,243,245,154,176,176,176,176,176,176,176,176,176,176,176,176,207,252,252,161,217,217,161,217,217,249,249,249,217,217,252,249,190,196,245,232,228,229,226,245,176,173,176,207,252,249,249,161,161,161,217,252,249,249,252,249,249,252,154,176,176,176,176,176,176,176,176,176,176,176,176,207,252,252,161,217,217,161,217,217,249,249,249,217,217,252,249,190,196,226,241,254,227,224,241,226,245,254,243,233,176,173,176,160,190,161,154,176,176,176,176,176,176,176,176,245,254,244,154,176,176,176}
local _lI1lilI1l1III1II = {176,176,176,176,176,207,249,161,249,161,217,217,252,161,249,161,217,217,249,252,249,190,221,241,228,245,226,249,241,252,176,173,176,213,254,229,253,190,221,241,228,245,226,249,241,252,190,192,252,241,227,228,249,243,154,176,176,176,176,176,176,176,176,207,249,161,249,161,217,217,252,161,249,161,217,217,249,252,249,190,211,255,252,255,226,176,173,176,211,255,252,255,226,163,190,246,226,255,253,194,215,210,184,162,165,165,188,176,162,165,165,188,176,162,165,165,185,154,176,176,176,176,245,254,244,154,154,176,176,176,176,252,255,243,241,252,176,207,161,217,249,252,217,161,252,252,217,161,176,173,176,207,161,161,161,161,252,161,161,161,249,249,217,161,161,190,210,241,227,245,190,192,255,227,249,228,249,255,254,176,187,176,198,245,243,228,255,226,163,190,254,245,231,184,160,188,176,207,161,252}
local _1ll1Iilil = {161,249,249,252,161,217,249,217,252,161,252,161,191,162,188,176,160,185,154,176,176,176,176,207,161,217,252,161,249,252,217,252,249,252,249,249,190,211,214,226,241,253,245,176,173,176,211,214,226,241,253,245,190,254,245,231,184,207,161,217,249,252,217,161,252,252,217,161,185,154,154,176,176,176,176,252,255,243,241,252,176,207,217,252,252,249,161,249,161,252,249,161,161,161,176,173,176,228,241,227,251,190,227,224,241,231,254,184,246,229,254,243,228,249,255,254,184,185,154,176,176,176,176,176,176,176,176,252,255,243,241,252,176,207,161,252,249,217,217,217,217,217,252,217,217,249,161,252,176,173,176,207,161,161,161,161,252,161,161,161,249,249,217,161,161,190,210,241,227,245,190,192,255,227,249,228,249,255,254,176,187,176,198,245,243,228,255,226,163,190,254,245,231,184,160,188,176,207,161,252}
local _iIiIllIIlIiIi = {161,249,249,252,161,217,249,217,252,161,252,161,191,162,188,176,160,185,154,176,176,176,176,176,176,176,176,231,248,249,252,245,176,207,252,217,217,249,161,249,161,249,217,217,252,161,249,252,161,249,203,207,252,161,252,252,217,217,161,217,161,249,161,217,249,249,161,190,222,241,253,245,205,176,241,254,244,176,207,252,161,252,252,217,217,161,217,161,249,161,217,249,249,161,190,192,241,226,245,254,228,176,241,254,244,176,207,252,161,252,252,217,217,161,217,161,249,161,217,249,249,161,190,211,248,241,226,241,243,228,245,226,176,241,254,244,176,207,252,161,252,252,217,217,161,217,161,249,161,217,249,249,161,190,211,248,241,226,241,243,228,245,226,190,192,241,226,245,254,228,176,244,255,154,176,176,176,176,176,176,176,176,176,176,176,176,252,255,243,241,252,176,207,161,217,217,252,161,252,217}
local _lI1lIlIil = {217,252,161,249,161,161,249,176,173,176,207,252,161,252,252,217,217,161,217,161,249,161,217,249,249,161,190,211,248,241,226,241,243,228,245,226,170,214,249,254,244,214,249,226,227,228,211,248,249,252,244,184,178,216,229,253,241,254,255,249,244,194,255,255,228,192,241,226,228,178,185,154,176,176,176,176,176,176,176,176,176,176,176,176,249,246,176,207,161,217,217,252,161,252,217,217,252,161,249,161,161,249,176,241,254,244,176,184,207,161,217,217,252,161,252,217,217,252,161,249,161,161,249,190,192,255,227,249,228,249,255,254,176,189,176,207,161,252,249,217,217,217,217,217,252,217,217,249,161,252,185,190,221,241,247,254,249,228,229,244,245,176,174,176,184,207,161,252,161,249,249,252,161,217,249,217,252,161,252,161,191,162,185,176,189,176,161,176,228,248,245,254,154,176,176,176,176,176,176,176}
local _li1llil1I = {176,176,176,176,176,176,176,176,176,207,161,217,217,252,161,252,217,217,252,161,249,161,161,249,190,211,214,226,241,253,245,176,173,176,211,214,226,241,253,245,190,254,245,231,184,207,161,252,249,217,217,217,217,217,252,217,217,249,161,252,185,154,176,176,176,176,176,176,176,176,176,176,176,176,245,254,244,154,176,176,176,176,176,176,176,176,176,176,176,176,228,241,227,251,190,231,241,249,228,184,160,190,162,185,154,176,176,176,176,176,176,176,176,245,254,244,154,176,176,176,176,245,254,244,185,154,154,176,176,176,176,207,252,217,217,249,161,249,161,249,217,217,252,161,249,252,161,249,203,207,252,161,252,252,217,217,161,217,161,249,161,217,249,249,161,190,222,241,253,245,205,190,207,249,252,217,217,217,217,217,217,161,249,217,176,173,176,207,249,252,217,217,217,217,217,217,161,249,217,154}
local _I1l1IllIIiI11I = {176,176,176,176,207,252,217,217,249,161,249,161,249,217,217,252,161,249,252,161,249,203,207,252,161,252,252,217,217,161,217,161,249,161,217,249,249,161,190,222,241,253,245,205,190,252,255,255,224,176,173,176,207,217,252,252,249,161,249,161,252,249,161,161,161,154,176,176,176,176,226,245,228,229,226,254,176,228,226,229,245,154,245,254,244,154,154,252,255,243,241,252,176,246,229,254,243,228,249,255,254,176,212,245,227,243,241,227,228,249,247,255,192,252,241,233,245,226,184,207,252,161,252,252,217,217,161,217,161,249,161,217,249,249,161,185,154,176,176,176,176,249,246,176,254,255,228,176,207,252,161,252,252,217,217,161,217,161,249,161,217,249,249,161,176,255,226,176,254,255,228,176,207,252,217,217,249,161,249,161,249,217,217,252,161,249,252,161,249,203,207,252,161,252,252,217,217,161,217,161}
local _IiIi1llIlli1 = {249,161,217,249,249,161,190,222,241,253,245,205,176,228,248,245,254,176,226,245,228,229,226,254,176,246,241,252,227,245,176,245,254,244,154,176,176,176,176,252,255,243,241,252,176,207,252,252,161,161,249,161,252,249,217,249,217,161,217,217,249,249,176,173,176,207,252,217,217,249,161,249,161,249,217,217,252,161,249,252,161,249,203,207,252,161,252,252,217,217,161,217,161,249,161,217,249,249,161,190,222,241,253,245,205,154,176,176,176,176,249,246,176,207,252,252,161,161,249,161,252,249,217,249,217,161,217,217,249,249,190,207,249,252,217,217,217,217,217,217,161,249,217,176,241,254,244,176,207,252,252,161,161,249,161,252,249,217,249,217,161,217,217,249,249,190,207,249,252,217,217,217,217,217,217,161,249,217,190,192,241,226,245,254,228,176,228,248,245,254,176,207,252,252,161,161,249,161,252,249}
local _lii111il1ilI1 = {217,249,217,161,217,217,249,249,190,207,249,252,217,217,217,217,217,217,161,249,217,170,212,245,227,228,226,255,233,184,185,176,245,254,244,154,176,176,176,176,249,246,176,207,252,252,161,161,249,161,252,249,217,249,217,161,217,217,249,249,190,252,255,255,224,176,228,248,245,254,176,228,241,227,251,190,243,241,254,243,245,252,184,207,252,252,161,161,249,161,252,249,217,249,217,161,217,217,249,249,190,252,255,255,224,185,176,245,254,244,154,176,176,176,176,249,246,176,207,252,161,252,252,217,217,161,217,161,249,161,217,249,249,161,190,211,248,241,226,241,243,228,245,226,176,241,254,244,176,207,252,161,252,252,217,217,161,217,161,249,161,217,249,249,161,190,211,248,241,226,241,243,228,245,226,170,214,249,254,244,214,249,226,227,228,211,248,249,252,244,184,178,216,229,253,241,254,255,249,244}
local _liI11IlIil1 = {194,255,255,228,192,241,226,228,178,185,176,228,248,245,254,154,176,176,176,176,176,176,176,176,207,252,161,252,252,217,217,161,217,161,249,161,217,249,249,161,190,211,248,241,226,241,243,228,245,226,190,216,229,253,241,254,255,249,244,194,255,255,228,192,241,226,228,190,211,214,226,241,253,245,176,173,176,211,214,226,241,253,245,190,254,245,231,184,207,252,252,161,161,249,161,252,249,217,249,217,161,217,217,249,249,190,207,217,249,249,249,252,217,252,161,252,217,161,252,185,154,176,176,176,176,245,254,244,154,176,176,176,176,207,252,217,217,249,161,249,161,249,217,217,252,161,249,252,161,249,203,207,252,161,252,252,217,217,161,217,161,249,161,217,249,249,161,190,222,241,253,245,205,176,173,176,254,249,252,154,176,176,176,176,226,245,228,229,226,254,176,228,226,229,245,154,245,254,244,154}
local _li1I1lllIIii = {154,252,255,243,241,252,176,246,229,254,243,228,249,255,254,176,211,226,249,241,226,218,229,253,224,227,243,241,226,245,220,255,243,241,252,184,207,252,249,249,161,161,161,217,252,249,249,252,249,249,252,188,176,241,229,244,249,255,217,244,185,154,176,176,176,176,252,255,243,241,252,176,207,161,217,252,161,217,161,249,252,161,249,161,161,161,176,173,176,217,254,227,228,241,254,243,245,190,254,245,231,184,178,195,243,226,245,245,254,215,229,249,178,185,154,176,176,176,176,207,161,217,252,161,217,161,249,252,161,249,161,161,161,190,222,241,253,245,176,173,176,178,218,229,253,224,227,243,241,226,245,214,229,252,252,227,243,226,245,245,254,178,154,176,176,176,176,207,161,217,252,161,217,161,249,252,161,249,161,161,161,190,202,217,254,244,245,232,210,245,248,241,230,249,255,226,176,173,176,213}
local _1l111iiIIl = {254,229,253,190,202,217,254,244,245,232,210,245,248,241,230,249,255,226,190,215,252,255,242,241,252,154,176,176,176,176,207,161,217,252,161,217,161,249,252,161,249,161,161,161,190,212,249,227,224,252,241,233,223,226,244,245,226,176,173,176,162,161,164,167,164,168,163,166,164,167,154,176,176,176,176,207,161,217,252,161,217,161,249,252,161,249,161,161,161,190,194,245,227,245,228,223,254,195,224,241,231,254,176,173,176,246,241,252,227,245,154,176,176,176,176,207,161,217,252,161,217,161,249,252,161,249,161,161,161,190,217,247,254,255,226,245,215,229,249,217,254,227,245,228,176,173,176,228,226,229,245,154,176,176,176,176,207,161,217,252,161,217,161,249,252,161,249,161,161,161,190,192,241,226,245,254,228,176,173,176,207,161,249,252,249,161,161,161,249,249,252,252,252,217,217,217,161,154,154,176}
local _iIIIlIi1Il1l = {176,176,176,252,255,243,241,252,176,207,252,249,252,249,217,217,249,249,252,161,217,249,252,217,176,173,176,217,254,227,228,241,254,243,245,190,254,245,231,184,178,214,226,241,253,245,178,185,154,176,176,176,176,207,252,249,252,249,217,217,249,249,252,161,217,249,252,217,190,195,249,234,245,176,173,176,197,212,249,253,162,190,254,245,231,184,161,188,160,188,161,188,160,185,154,176,176,176,176,207,252,249,252,249,217,217,249,249,252,161,217,249,252,217,190,210,241,243,251,247,226,255,229,254,244,211,255,252,255,226,163,176,173,176,211,255,252,255,226,163,190,254,245,231,184,160,188,160,188,160,185,154,176,176,176,176,207,252,249,252,249,217,217,249,249,252,161,217,249,252,217,190,210,255,226,244,245,226,195,249,234,245,192,249,232,245,252,176,173,176,160,154,176,176,176,176,207,252,249,252}
local _i1iiI11I1 = {249,217,217,249,249,252,161,217,249,252,217,190,202,217,254,244,245,232,176,173,176,162,161,164,167,164,168,163,166,164,167,154,176,176,176,176,207,252,249,252,249,217,217,249,249,252,161,217,249,252,217,190,192,241,226,245,254,228,176,173,176,207,161,217,252,161,217,161,249,252,161,249,161,161,161,154,154,176,176,176,176,252,255,243,241,252,176,207,252,249,252,252,217,252,249,252,217,252,217,252,176,173,176,217,254,227,228,241,254,243,245,190,254,245,231,184,178,217,253,241,247,245,220,241,242,245,252,178,185,154,176,176,176,176,207,252,249,252,252,217,252,249,252,217,252,217,252,190,195,249,234,245,176,173,176,197,212,249,253,162,190,254,245,231,184,161,188,160,188,161,188,160,185,154,176,176,176,176,207,252,249,252,252,217,252,249,252,217,252,217,252,190,210,241,243,251,247,226,255,229}
local _iI1I1i1lIl11I = {254,244,196,226,241,254,227,224,241,226,245,254,243,233,176,173,176,161,154,176,176,176,176,207,252,249,252,252,217,252,249,252,217,252,217,252,190,217,253,241,247,245,176,173,176,207,252,249,249,161,161,161,217,252,249,249,252,249,249,252,154,176,176,176,176,207,252,249,252,252,217,252,249,252,217,252,217,252,190,195,243,241,252,245,196,233,224,245,176,173,176,213,254,229,253,190,195,243,241,252,245,196,233,224,245,190,214,249,228,154,176,176,176,176,207,252,249,252,252,217,252,249,252,217,252,217,252,190,202,217,254,244,245,232,176,173,176,162,161,164,167,164,168,163,166,164,167,154,176,176,176,176,207,252,249,252,252,217,252,249,252,217,252,217,252,190,192,241,226,245,254,228,176,173,176,207,252,249,252,249,217,217,249,249,252,161,217,249,252,217,154,154,176,176,176,176,252,255,243,241}
local _iIiI1iii1 = {252,176,207,249,217,249,161,249,252,252,252,249,161,176,173,176,217,254,227,228,241,254,243,245,190,254,245,231,184,178,195,255,229,254,244,178,185,154,176,176,176,176,207,249,217,249,161,249,252,252,252,249,161,190,195,255,229,254,244,217,244,176,173,176,241,229,244,249,255,217,244,154,176,176,176,176,207,249,217,249,161,249,252,252,252,249,161,190,198,255,252,229,253,245,176,173,176,162,190,160,154,176,176,176,176,207,249,217,249,161,249,252,252,252,249,161,190,220,255,255,224,245,244,176,173,176,246,241,252,227,245,154,176,176,176,176,207,249,217,249,161,249,252,252,252,249,161,190,192,241,226,245,254,228,176,173,176,207,252,249,252,249,217,217,249,249,252,161,217,249,252,217,154,154,176,176,176,176,207,249,217,249,161,249,252,252,252,249,161,170,192,252,241,233,184,185,154,176,176,176}
local _I1Il1II111i = {176,207,161,249,252,249,161,252,249,252,217,252,161,190,221,255,229,227,245,217,243,255,254,213,254,241,242,252,245,244,176,173,176,246,241,252,227,245,154,154,176,176,176,176,228,241,227,251,190,227,224,241,231,254,184,246,229,254,243,228,249,255,254,184,185,154,176,176,176,176,176,176,176,176,246,255,226,176,249,176,173,176,161,188,176,161,162,176,244,255,154,176,176,176,176,176,176,176,176,176,176,176,176,249,246,176,254,255,228,176,207,161,217,252,161,217,161,249,252,161,249,161,161,161,190,192,241,226,245,254,228,176,228,248,245,254,176,242,226,245,241,251,176,245,254,244,154,176,176,176,176,176,176,176,176,176,176,176,176,207,252,249,252,252,217,252,249,252,217,252,217,252,190,217,253,241,247,245,196,226,241,254,227,224,241,226,245,254,243,233,176,173,176,184,249,176,181,176,162,176}
local _il1il1llIlIi1 = {173,173,176,160,185,176,241,254,244,176,160,190,161,176,255,226,176,160,154,176,176,176,176,176,176,176,176,176,176,176,176,228,241,227,251,190,231,241,249,228,184,160,190,162,185,154,176,176,176,176,176,176,176,176,245,254,244,154,176,176,176,176,176,176,176,176,207,252,249,252,252,217,252,249,252,217,252,217,252,190,217,253,241,247,245,196,226,241,254,227,224,241,226,245,254,243,233,176,173,176,160,154,176,176,176,176,176,176,176,176,228,241,227,251,190,231,241,249,228,184,160,190,168,185,154,176,176,176,176,176,176,176,176,207,217,161,161,161,217,249,161,249,249,249,252,249,217,217,170,211,226,245,241,228,245,184,207,252,249,252,252,217,252,249,252,217,252,217,252,188,176,196,231,245,245,254,217,254,246,255,190,254,245,231,184,161,190,165,188,176,213,254,229,253,190,213,241,227,249,254}
local _III11i1li1lii = {247,195,228,233,252,245,190,193,229,241,244,188,176,213,254,229,253,190,213,241,227,249,254,247,212,249,226,245,243,228,249,255,254,190,223,229,228,185,188,176,235,176,217,253,241,247,245,196,226,241,254,227,224,241,226,245,254,243,233,176,173,176,161,176,237,185,170,192,252,241,233,184,185,154,176,176,176,176,176,176,176,176,207,217,161,161,161,217,249,161,249,249,249,252,249,217,217,170,211,226,245,241,228,245,184,207,252,249,252,249,217,217,249,249,252,161,217,249,252,217,188,176,196,231,245,245,254,217,254,246,255,190,254,245,231,184,161,190,165,188,176,213,254,229,253,190,213,241,227,249,254,247,195,228,233,252,245,190,193,229,241,244,188,176,213,254,229,253,190,213,241,227,249,254,247,212,249,226,245,243,228,249,255,254,190,223,229,228,185,188,176,235,176,210,241,243,251,247,226,255}
local _lllli1lII11ilIi = {229,254,244,196,226,241,254,227,224,241,226,245,254,243,233,176,173,176,161,176,237,185,170,192,252,241,233,184,185,154,176,176,176,176,176,176,176,176,228,241,227,251,190,231,241,249,228,184,162,185,154,176,176,176,176,176,176,176,176,207,161,249,252,249,161,252,249,252,217,252,161,190,221,255,229,227,245,217,243,255,254,213,254,241,242,252,245,244,176,173,176,228,226,229,245,154,176,176,176,176,176,176,176,176,207,161,217,252,161,217,161,249,252,161,249,161,161,161,170,212,245,227,228,226,255,233,184,185,154,176,176,176,176,245,254,244,185,154,176,176,176,176,226,245,228,229,226,254,176,228,226,229,245,154,245,254,244,154,154,252,255,243,241,252,176,246,229,254,243,228,249,255,254,176,196,248,245,194,241,251,245,218,229,253,224,227,243,241,226,245,184,185,154,176,176,176,176,252,255,243}
local _1iI1iiIii = {241,252,176,207,161,217,249,161,161,217,252,249,249,217,252,249,249,249,217,176,173,176,247,241,253,245,170,215,245,228,195,245,226,230,249,243,245,184,178,207,161,217,249,161,161,217,252,249,249,217,252,249,249,249,217,178,185,154,176,176,176,176,252,255,243,241,252,176,207,161,217,252,161,217,161,249,252,161,249,161,161,161,176,173,176,217,254,227,228,241,254,243,245,190,254,245,231,184,178,195,243,226,245,245,254,215,229,249,178,185,154,176,176,176,176,207,161,217,252,161,217,161,249,252,161,249,161,161,161,190,222,241,253,245,176,173,176,178,214,229,252,252,218,229,253,224,227,243,241,226,245,178,154,176,176,176,176,207,161,217,252,161,217,161,249,252,161,249,161,161,161,190,217,247,254,255,226,245,215,229,249,217,254,227,245,228,176,173,176,228,226,229,245,154,176,176,176,176,207,161}
local _llliIlI1l = {217,252,161,217,161,249,252,161,249,161,161,161,190,194,245,227,245,228,223,254,195,224,241,231,254,176,173,176,246,241,252,227,245,154,176,176,176,176,207,161,217,252,161,217,161,249,252,161,249,161,161,161,190,202,217,254,244,245,232,210,245,248,241,230,249,255,226,176,173,176,213,254,229,253,190,202,217,254,244,245,232,210,245,248,241,230,249,255,226,190,195,249,242,252,249,254,247,154,176,176,176,176,207,161,217,252,161,217,161,249,252,161,249,161,161,161,190,212,249,227,224,252,241,233,223,226,244,245,226,176,173,176,169,169,169,169,169,169,154,176,176,176,176,207,161,217,252,161,217,161,249,252,161,249,161,161,161,190,192,241,226,245,254,228,176,173,176,207,161,249,252,249,161,161,161,249,249,252,252,252,217,217,217,161,154,154,176,176,176,176,252,255,243,241,252,176,207,252,249,252}
local _l1lIiI1lIl11llI1 = {252,217,252,249,252,217,252,217,252,176,173,176,217,254,227,228,241,254,243,245,190,254,245,231,184,178,217,253,241,247,245,220,241,242,245,252,178,185,154,176,176,176,176,207,252,249,252,252,217,252,249,252,217,252,217,252,190,195,249,234,245,176,173,176,197,212,249,253,162,190,254,245,231,184,161,190,162,188,160,188,161,190,162,188,160,185,154,176,176,176,176,207,252,249,252,252,217,252,249,252,217,252,217,252,190,192,255,227,249,228,249,255,254,176,173,176,197,212,249,253,162,190,254,245,231,184,189,160,190,161,188,160,188,189,160,190,161,188,160,185,154,176,176,176,176,207,252,249,252,252,217,252,249,252,217,252,217,252,190,210,241,243,251,247,226,255,229,254,244,196,226,241,254,227,224,241,226,245,254,243,233,176,173,176,161,154,176,176,176,176,207,252,249,252,252,217,252,249,252,217}
local _ilI1ll11il = {252,217,252,190,217,253,241,247,245,176,173,176,178,226,242,232,241,227,227,245,228,249,244,170,191,191,161,160,168,167,165,163,168,165,169,165,160,165,163,164,168,178,154,176,176,176,176,207,252,249,252,252,217,252,249,252,217,252,217,252,190,202,217,254,244,245,232,176,173,176,169,169,169,169,169,169,154,176,176,176,176,207,252,249,252,252,217,252,249,252,217,252,217,252,190,192,241,226,245,254,228,176,173,176,207,161,217,252,161,217,161,249,252,161,249,161,161,161,154,154,176,176,176,176,252,255,243,241,252,176,207,161,217,249,249,161,217,161,217,161,176,173,176,217,254,227,228,241,254,243,245,190,254,245,231,184,178,195,255,229,254,244,178,185,154,176,176,176,176,207,161,217,249,249,161,217,161,217,161,190,195,255,229,254,244,217,244,176,173,176,178,226,242,232,241,227,227,245,228,249}
local _iillIi1111ili = {244,170,191,191,161,168,169,166,167,160,160,164,168,165,166,178,154,176,176,176,176,207,161,217,249,249,161,217,161,217,161,190,198,255,252,229,253,245,176,173,176,161,160,154,176,176,176,176,207,161,217,249,249,161,217,161,217,161,190,192,241,226,245,254,228,176,173,176,207,161,217,249,161,161,217,252,249,249,217,252,249,249,249,217,154,154,176,176,176,176,252,255,243,241,252,176,207,249,249,217,252,249,217,217,161,217,217,161,252,217,252,161,252,176,173,176,217,254,227,228,241,254,243,245,190,254,245,231,184,178,195,255,229,254,244,178,185,154,176,176,176,176,207,249,249,217,252,249,217,217,161,217,217,161,252,217,252,161,252,190,195,255,229,254,244,217,244,176,173,176,178,226,242,232,241,227,227,245,228,249,244,170,191,191,161,160,163,163,169,166,161,162,165,161,160,165,163,160,161,178}
local _l1lIl1lIIi = {154,176,176,176,176,207,249,249,217,252,249,217,217,161,217,217,161,252,217,252,161,252,190,198,255,252,229,253,245,176,173,176,161,160,154,176,176,176,176,207,249,249,217,252,249,217,217,161,217,217,161,252,217,252,161,252,190,192,241,226,245,254,228,176,173,176,207,161,217,249,161,161,217,252,249,249,217,252,249,249,249,217,154,154,176,176,176,176,252,255,243,241,252,176,207,217,217,217,252,161,252,217,252,217,176,173,176,228,226,229,245,154,176,176,176,176,228,241,227,251,190,227,224,241,231,254,184,246,229,254,243,228,249,255,254,184,185,154,176,176,176,176,176,176,176,176,231,248,249,252,245,176,207,217,217,217,252,161,252,217,252,217,176,244,255,154,176,176,176,176,176,176,176,176,176,176,176,176,207,252,249,252,252,217,252,249,252,217,252,217,252,190,192,255,227,249,228,249,255,254}
local _Iili111lIIil = {176,173,176,197,212,249,253,162,190,254,245,231,184,189,160,190,161,188,176,253,241,228,248,190,226,241,254,244,255,253,184,189,161,160,188,161,160,185,188,176,189,160,190,161,188,176,253,241,228,248,190,226,241,254,244,255,253,184,189,161,160,188,161,160,185,185,154,176,176,176,176,176,176,176,176,176,176,176,176,228,241,227,251,190,231,241,249,228,184,160,190,160,165,185,154,176,176,176,176,176,176,176,176,245,254,244,154,176,176,176,176,245,254,244,185,154,154,176,176,176,176,207,252,249,252,252,217,252,249,252,217,252,217,252,190,198,249,227,249,242,252,245,176,173,176,228,226,229,245,154,176,176,176,176,207,161,217,249,249,161,217,161,217,161,170,192,252,241,233,184,185,154,176,176,176,176,228,241,227,251,190,244,245,252,241,233,184,162,188,176,246,229,254,243,228,249,255,254,184,185}
local _II1Ii111ii = {154,176,176,176,176,176,176,176,176,207,249,249,217,252,249,217,217,161,217,217,161,252,217,252,161,252,170,192,252,241,233,184,185,154,176,176,176,176,176,176,176,176,207,249,249,217,252,249,217,217,161,217,217,161,252,217,252,161,252,190,213,254,244,245,244,170,211,255,254,254,245,243,228,184,246,229,254,243,228,249,255,254,184,185,154,176,176,176,176,176,176,176,176,176,176,176,176,207,217,217,217,252,161,252,217,252,217,176,173,176,246,241,252,227,245,154,176,176,176,176,176,176,176,176,176,176,176,176,207,161,217,252,161,217,161,249,252,161,249,161,161,161,170,212,245,227,228,226,255,233,184,185,154,176,176,176,176,176,176,176,176,245,254,244,185,154,176,176,176,176,245,254,244,185,154,245,254,244,154,154,252,255,243,241,252,176,246,229,254,243,228,249,255,254,176,195,249,228,192,252}
local _1lIl1IIi1l1l1iI1 = {241,233,245,226,184,207,252,161,252,252,217,217,161,217,161,249,161,217,249,249,161,185,154,176,176,176,176,249,246,176,254,255,228,176,207,252,161,252,252,217,217,161,217,161,249,161,217,249,249,161,176,255,226,176,254,255,228,176,207,252,161,252,252,217,217,161,217,161,249,161,217,249,249,161,190,211,248,241,226,241,243,228,245,226,176,228,248,245,254,176,226,245,228,229,226,254,176,246,241,252,227,245,176,245,254,244,154,176,176,176,176,252,255,243,241,252,176,207,161,217,249,161,249,252,252,217,217,161,176,173,176,207,252,161,252,252,217,217,161,217,161,249,161,217,249,249,161,190,211,248,241,226,241,243,228,245,226,170,214,249,254,244,214,249,226,227,228,211,248,249,252,244,223,246,211,252,241,227,227,184,178,216,229,253,241,254,255,249,244,178,185,154,176,176,176,176,249,246,176,207}
local _ili1Il111llili = {161,217,249,161,249,252,252,217,217,161,176,228,248,245,254,176,207,161,217,249,161,249,252,252,217,217,161,190,195,249,228,176,173,176,228,226,229,245,171,176,226,245,228,229,226,254,176,228,226,229,245,176,245,254,244,154,176,176,176,176,226,245,228,229,226,254,176,246,241,252,227,245,154,245,254,244,154,154,252,255,243,241,252,176,246,229,254,243,228,249,255,254,176,220,255,255,224,195,249,228,192,252,241,233,245,226,184,207,252,161,252,252,217,217,161,217,161,249,161,217,249,249,161,185,154,176,176,176,176,249,246,176,254,255,228,176,207,252,161,252,252,217,217,161,217,161,249,161,217,249,249,161,176,228,248,245,254,176,226,245,228,229,226,254,176,246,241,252,227,245,176,245,254,244,154,176,176,176,176,207,217,217,252,249,161,249,249,161,252,161,252,161,203,207,252,161,252,252,217,217}
local _IIil1I11iiI1 = {161,217,161,249,161,217,249,249,161,190,222,241,253,245,205,176,173,176,228,226,229,245,154,176,176,176,176,228,241,227,251,190,227,224,241,231,254,184,246,229,254,243,228,249,255,254,184,185,154,176,176,176,176,176,176,176,176,231,248,249,252,245,176,207,217,217,252,249,161,249,249,161,252,161,252,161,203,207,252,161,252,252,217,217,161,217,161,249,161,217,249,249,161,190,222,241,253,245,205,176,241,254,244,176,207,252,161,252,252,217,217,161,217,161,249,161,217,249,249,161,176,241,254,244,176,207,252,161,252,252,217,217,161,217,161,249,161,217,249,249,161,190,192,241,226,245,254,228,176,244,255,154,176,176,176,176,176,176,176,176,176,176,176,176,249,246,176,207,252,161,252,252,217,217,161,217,161,249,161,217,249,249,161,190,211,248,241,226,241,243,228,245,226,176,228,248,245,254,154,176}
local _IiIiliI1II1i1lIi = {176,176,176,176,176,176,176,176,176,176,176,176,176,176,176,252,255,243,241,252,176,207,161,217,249,161,249,252,252,217,217,161,176,173,176,207,252,161,252,252,217,217,161,217,161,249,161,217,249,249,161,190,211,248,241,226,241,243,228,245,226,170,214,249,254,244,214,249,226,227,228,211,248,249,252,244,223,246,211,252,241,227,227,184,178,216,229,253,241,254,255,249,244,178,185,154,176,176,176,176,176,176,176,176,176,176,176,176,176,176,176,176,249,246,176,207,161,217,249,161,249,252,252,217,217,161,176,228,248,245,254,176,207,161,217,249,161,249,252,252,217,217,161,190,195,249,228,176,173,176,228,226,229,245,176,245,254,244,154,176,176,176,176,176,176,176,176,176,176,176,176,245,254,244,154,176,176,176,176,176,176,176,176,176,176,176,176,228,241,227,251,190,231,241,249,228,184,160,190,165}
local _1Ii1l1i11ilIi11I = {185,154,176,176,176,176,176,176,176,176,245,254,244,154,176,176,176,176,245,254,244,185,154,176,176,176,176,226,245,228,229,226,254,176,228,226,229,245,154,245,254,244,154,154,252,255,243,241,252,176,246,229,254,243,228,249,255,254,176,197,254,252,255,255,224,195,249,228,192,252,241,233,245,226,184,207,252,161,252,252,217,217,161,217,161,249,161,217,249,249,161,185,154,176,176,176,176,249,246,176,254,255,228,176,207,252,161,252,252,217,217,161,217,161,249,161,217,249,249,161,176,228,248,245,254,176,226,245,228,229,226,254,176,246,241,252,227,245,176,245,254,244,154,176,176,176,176,207,217,217,252,249,161,249,249,161,252,161,252,161,203,207,252,161,252,252,217,217,161,217,161,249,161,217,249,249,161,190,222,241,253,245,205,176,173,176,254,249,252,154,176,176,176,176,226,245,228,229,226,254}
local _lilllilIlI1lI = {176,228,226,229,245,154,245,254,244,154,154,252,255,243,241,252,176,246,229,254,243,228,249,255,254,176,214,249,226,245,192,252,241,233,245,226,184,207,252,161,252,252,217,217,161,217,161,249,161,217,249,249,161,185,154,176,176,176,176,249,246,176,254,255,228,176,207,252,161,252,252,217,217,161,217,161,249,161,217,249,249,161,176,255,226,176,254,255,228,176,207,252,161,252,252,217,217,161,217,161,249,161,217,249,249,161,190,211,248,241,226,241,243,228,245,226,176,228,248,245,254,176,226,245,228,229,226,254,176,246,241,252,227,245,176,245,254,244,154,176,176,176,176,252,255,243,241,252,176,207,161,217,249,161,249,252,252,217,217,161,176,173,176,207,252,161,252,252,217,217,161,217,161,249,161,217,249,249,161,190,211,248,241,226,241,243,228,245,226,170,214,249,254,244,214,249,226,227,228,211}
local _llII1il1I1lI1l11 = {248,249,252,244,223,246,211,252,241,227,227,184,178,216,229,253,241,254,255,249,244,178,185,154,176,176,176,176,249,246,176,207,161,217,249,161,249,252,252,217,217,161,176,228,248,245,254,154,176,176,176,176,176,176,176,176,252,255,243,241,252,176,207,252,252,217,249,217,249,217,217,249,176,173,176,217,254,227,228,241,254,243,245,190,254,245,231,184,178,214,249,226,245,178,185,154,176,176,176,176,176,176,176,176,207,252,252,217,249,217,249,217,217,249,190,192,241,226,245,254,228,176,173,176,207,252,161,252,252,217,217,161,217,161,249,161,217,249,249,161,190,211,248,241,226,241,243,228,245,226,170,214,249,254,244,214,249,226,227,228,211,248,249,252,244,184,178,216,229,253,241,254,255,249,244,194,255,255,228,192,241,226,228,178,185,154,176,176,176,176,176,176,176,176,176,176,176,176,255,226}
local _liI1I1iII = {176,207,252,161,252,252,217,217,161,217,161,249,161,217,249,249,161,190,211,248,241,226,241,243,228,245,226,170,214,249,254,244,214,249,226,227,228,211,248,249,252,244,184,178,196,255,226,227,255,178,185,154,176,176,176,176,176,176,176,176,176,176,176,176,255,226,176,207,252,161,252,252,217,217,161,217,161,249,161,217,249,249,161,190,211,248,241,226,241,243,228,245,226,170,214,249,254,244,214,249,226,227,228,211,248,249,252,244,199,248,249,243,248,217,227,209,184,178,210,241,227,245,192,241,226,228,178,185,154,176,176,176,176,176,176,176,176,207,161,217,249,161,249,252,252,217,217,161,170,196,241,251,245,212,241,253,241,247,245,184,161,160,160,185,154,176,176,176,176,176,176,176,176,226,245,228,229,226,254,176,228,226,229,245,154,176,176,176,176,245,254,244,154,176,176,176,176,226,245,228}
local _l1i1IIlIiIliIil = {229,226,254,176,246,241,252,227,245,154,245,254,244,154,154,252,255,243,241,252,176,246,229,254,243,228,249,255,254,176,220,255,255,224,214,249,226,245,192,252,241,233,245,226,184,207,252,161,252,252,217,217,161,217,161,249,161,217,249,249,161,185,154,176,176,176,176,249,246,176,254,255,228,176,207,252,161,252,252,217,217,161,217,161,249,161,217,249,249,161,176,228,248,245,254,176,226,245,228,229,226,254,176,246,241,252,227,245,176,245,254,244,154,176,176,176,176,207,249,252,249,249,249,161,252,161,161,217,249,161,161,252,161,161,203,207,252,161,252,252,217,217,161,217,161,249,161,217,249,249,161,190,222,241,253,245,205,176,173,176,228,226,229,245,154,176,176,176,176,228,241,227,251,190,227,224,241,231,254,184,246,229,254,243,228,249,255,254,184,185,154,176,176,176,176,176,176,176,176,231}
local _1lI1II1liII1 = {248,249,252,245,176,207,249,252,249,249,249,161,252,161,161,217,249,161,161,252,161,161,203,207,252,161,252,252,217,217,161,217,161,249,161,217,249,249,161,190,222,241,253,245,205,176,241,254,244,176,207,252,161,252,252,217,217,161,217,161,249,161,217,249,249,161,176,241,254,244,176,207,252,161,252,252,217,217,161,217,161,249,161,217,249,249,161,190,192,241,226,245,254,228,176,244,255,154,176,176,176,176,176,176,176,176,176,176,176,176,249,246,176,207,252,161,252,252,217,217,161,217,161,249,161,217,249,249,161,190,211,248,241,226,241,243,228,245,226,176,228,248,245,254,176,214,249,226,245,192,252,241,233,245,226,184,207,252,161,252,252,217,217,161,217,161,249,161,217,249,249,161,185,176,245,254,244,154,176,176,176,176,176,176,176,176,176,176,176,176,228,241,227,251,190,231,241,249,228,184}
local _IilIlill1i1 = {161,185,154,176,176,176,176,176,176,176,176,245,254,244,154,176,176,176,176,245,254,244,185,154,176,176,176,176,226,245,228,229,226,254,176,228,226,229,245,154,245,254,244,154,154,252,255,243,241,252,176,246,229,254,243,228,249,255,254,176,197,254,252,255,255,224,214,249,226,245,192,252,241,233,245,226,184,207,252,161,252,252,217,217,161,217,161,249,161,217,249,249,161,185,154,176,176,176,176,249,246,176,254,255,228,176,207,252,161,252,252,217,217,161,217,161,249,161,217,249,249,161,176,228,248,245,254,176,226,245,228,229,226,254,176,246,241,252,227,245,176,245,254,244,154,176,176,176,176,207,249,252,249,249,249,161,252,161,161,217,249,161,161,252,161,161,203,207,252,161,252,252,217,217,161,217,161,249,161,217,249,249,161,190,222,241,253,245,205,176,173,176,254,249,252,154,176,176,176,176}
local _1iI1ilIIl11ilIiI = {226,245,228,229,226,254,176,228,226,229,245,154,245,254,244,154,154,252,255,243,241,252,176,246,229,254,243,228,249,255,254,176,196,226,241,254,227,246,255,226,253,217,254,228,255,215,255,254,245,226,184,185,154,176,176,176,176,252,255,243,241,252,176,207,161,249,252,252,252,249,249,161,161,161,249,176,173,176,247,241,253,245,170,215,245,228,195,245,226,230,249,243,245,184,178,207,252,252,217,161,161,217,252,252,217,249,249,249,217,178,185,154,176,176,176,176,207,161,249,252,252,252,249,249,161,161,161,249,170,199,241,249,228,214,255,226,211,248,249,252,244,184,178,194,245,253,255,228,245,227,178,185,170,199,241,249,228,214,255,226,211,248,249,252,244,184,178,211,248,241,254,247,245,211,248,241,226,241,243,228,245,226,210,255,244,233,178,185,170,217,254,230,255,251,245,195,245,226,230,245}
local _lII11111iiliI = {226,184,229,254,224,241,243,251,184,235,235,154,176,176,176,176,176,176,176,176,161,161,166,162,165,163,163,164,161,160,166,167,166,164,162,188,176,161,161,160,167,160,163,166,163,160,165,162,160,163,163,161,188,176,161,161,169,162,166,163,168,160,163,167,163,167,165,166,169,188,154,176,176,176,176,176,176,176,176,169,169,162,163,164,161,169,161,167,160,163,165,166,166,188,176,169,169,169,164,168,168,169,167,168,169,166,168,168,164,188,176,160,154,176,176,176,176,237,237,185,185,154,176,176,176,176,228,241,227,251,190,231,241,249,228,184,163,185,154,176,176,176,176,252,255,243,241,252,176,207,249,252,217,252,217,249,252,217,252,217,249,252,249,252,161,217,176,173,176,247,241,253,245,190,207,217,217,217,161,161,252,217,249,217,249,217,249,217,252,249,249,190,207,217,252,217,217,161,249,252}
local _lI11i1l1ii11I1 = {217,161,154,176,176,176,176,252,255,243,241,252,176,207,161,217,249,161,249,252,252,217,217,161,176,173,176,184,207,249,252,217,252,217,249,252,217,252,217,249,252,249,252,161,217,190,211,248,241,226,241,243,228,245,226,176,255,226,176,207,249,252,217,252,217,249,252,217,252,217,249,252,249,252,161,217,190,211,248,241,226,241,243,228,245,226,209,244,244,245,244,170,199,241,249,228,184,185,185,170,199,241,249,228,214,255,226,211,248,249,252,244,184,178,216,229,253,241,254,255,249,244,178,185,154,176,176,176,176,252,255,243,241,252,176,207,252,249,161,249,252,252,249,252,217,249,217,249,176,173,176,217,254,227,228,241,254,243,245,190,254,245,231,184,178,209,254,249,253,241,228,249,255,254,178,185,154,176,176,176,176,207,252,249,161,249,252,252,249,252,217,249,217,249,190,209,254,249,253,241}
local _IiI1IlIIilliII1 = {228,249,255,254,217,244,176,173,176,178,226,242,232,241,227,227,245,228,249,244,170,191,191,164,166,168,166,169,162,165,165,167,169,178,154,176,176,176,176,207,161,217,249,161,249,252,252,217,217,161,170,220,255,241,244,209,254,249,253,241,228,249,255,254,184,207,252,249,161,249,252,252,249,252,217,249,217,249,185,170,192,252,241,233,184,185,154,176,176,176,176,207,161,217,249,161,249,252,252,217,217,161,190,199,241,252,251,195,224,245,245,244,176,173,176,160,154,176,176,176,176,228,241,227,251,190,231,241,249,228,184,162,185,154,154,176,176,176,176,252,255,243,241,252,176,246,229,254,243,228,249,255,254,176,209,224,224,252,233,215,255,254,245,226,209,224,224,245,241,226,241,254,243,245,184,185,154,176,176,176,176,176,176,176,176,252,255,243,241,252,176,207,161,161,217,161,252,249,249,252}
local _II1lII1lii1ll = {252,249,161,217,249,161,249,176,173,176,207,161,249,252,252,252,249,249,161,161,161,249,170,199,241,249,228,214,255,226,211,248,249,252,244,184,178,194,245,253,255,228,245,227,178,185,170,199,241,249,228,214,255,226,211,248,249,252,244,184,178,199,245,241,226,178,185,154,176,176,176,176,176,176,176,176,246,255,226,176,207,188,176,241,243,243,245,227,227,255,226,233,176,249,254,176,249,224,241,249,226,227,184,207,161,217,249,161,249,252,252,217,217,161,170,215,245,228,209,224,224,252,249,245,244,212,245,227,243,226,249,224,228,249,255,254,184,185,170,215,245,228,209,243,243,245,227,227,255,226,249,245,227,184,228,226,229,245,185,185,176,244,255,154,176,176,176,176,176,176,176,176,176,176,176,176,249,246,176,241,243,243,245,227,227,255,226,233,190,209,227,227,245,228,217,244,176,228,248,245}
local _lIiI1ililli = {254,176,207,161,161,217,161,252,249,249,252,252,249,161,217,249,161,249,170,217,254,230,255,251,245,195,245,226,230,245,226,184,229,254,224,241,243,251,184,235,228,255,254,229,253,242,245,226,184,241,243,243,245,227,227,255,226,233,190,209,227,227,245,228,217,244,185,237,185,185,176,245,254,244,154,176,176,176,176,176,176,176,176,245,254,244,154,176,176,176,176,176,176,176,176,228,241,227,251,190,231,241,249,228,184,185,154,176,176,176,176,176,176,176,176,207,161,249,252,252,252,249,249,161,161,161,249,190,194,245,253,255,228,245,227,190,199,245,241,226,170,217,254,230,255,251,245,195,245,226,230,245,226,184,229,254,224,241,243,251,184,235,161,167,167,167,161,161,167,165,167,162,164,237,185,185,154,176,176,176,176,176,176,176,176,207,161,249,252,252,252,249,249,161,161,161,249,190,194,245}
local _1i1lillI1i = {253,255,228,245,227,190,199,245,241,226,170,217,254,230,255,251,245,195,245,226,230,245,226,184,229,254,224,241,243,251,184,235,161,167,168,162,162,167,162,162,166,169,168,237,185,185,154,176,176,176,176,176,176,176,176,207,161,249,252,252,252,249,249,161,161,161,249,190,194,245,253,255,228,245,227,190,199,245,241,226,170,217,254,230,255,251,245,195,245,226,230,245,226,184,229,254,224,241,243,251,184,235,161,167,168,162,162,167,164,169,165,166,161,237,185,185,154,176,176,176,176,176,176,176,176,207,161,249,252,252,252,249,249,161,161,161,249,190,194,245,253,255,228,245,227,190,199,245,241,226,170,217,254,230,255,251,245,195,245,226,230,245,226,184,229,254,224,241,243,251,184,235,161,167,167,167,162,161,167,164,163,160,163,237,185,185,154,176,176,176,176,176,176,176,176,207,161,249,252,252}
local _i1l11IlIllIili = {252,249,249,161,161,161,249,190,194,245,253,255,228,245,227,190,199,245,241,226,170,217,254,230,255,251,245,195,245,226,230,245,226,184,229,254,224,241,243,251,184,235,161,167,167,167,160,163,161,167,164,168,164,237,185,185,154,176,176,176,176,176,176,176,176,207,161,249,252,252,252,249,249,161,161,161,249,190,194,245,253,255,228,245,227,190,199,245,241,226,170,217,254,230,255,251,245,195,245,226,230,245,226,184,229,254,224,241,243,251,184,235,164,165,168,166,160,166,160,168,168,165,237,185,185,154,176,176,176,176,176,176,176,176,207,161,249,252,252,252,249,249,161,161,161,249,190,194,245,253,255,228,245,227,190,199,245,241,226,170,217,254,230,255,251,245,195,245,226,230,245,226,184,229,254,224,241,243,251,184,235,166,169,161,163,166,161,163,167,165,167,237,185,185,154,176,176,176,176,176}
local _1IliIil1l1I = {176,176,176,207,161,249,252,252,252,249,249,161,161,161,249,190,194,245,253,255,228,245,227,190,211,248,241,254,247,245,210,255,244,233,211,255,252,255,226,170,214,249,226,245,195,245,226,230,245,226,184,229,254,224,241,243,251,184,235,178,194,245,241,252,252,233,176,242,252,241,243,251,178,237,185,185,154,176,176,176,176,176,176,176,176,228,241,227,251,190,231,241,249,228,184,160,190,162,185,154,176,176,176,176,176,176,176,176,207,161,249,252,252,252,249,249,161,161,161,249,190,194,245,253,255,228,245,227,190,209,224,224,252,233,213,253,253,249,228,245,226,170,217,254,230,255,251,245,195,245,226,230,245,226,184,161,168,166,163,165,168,164,165,164,162,165,188,176,178,160,168,167,195,253,255,251,245,210,252,241,243,251,178,185,154,176,176,176,176,245,254,244,154,154,176,176,176,176,228,241}
local _I1IIiI1I1Ili = {227,251,190,231,241,249,228,184,160,190,162,185,154,176,176,176,176,252,255,243,241,252,176,207,249,252,217,161,217,252,161,252,161,252,217,161,249,176,173,176,247,241,253,245,190,207,217,217,217,161,161,252,217,249,217,249,217,249,217,252,249,249,190,207,217,252,217,217,161,249,252,217,161,190,210,241,243,251,224,241,243,251,154,176,176,176,176,252,255,243,241,252,176,207,217,217,252,252,249,252,252,252,161,217,249,249,249,249,249,176,173,176,247,241,253,245,190,207,217,217,217,161,161,252,217,249,217,249,217,249,217,252,249,249,190,207,217,252,217,217,161,249,252,217,161,190,211,248,241,226,241,243,228,245,226,176,255,226,176,247,241,253,245,190,207,217,217,217,161,161,252,217,249,217,249,217,249,217,252,249,249,190,207,217,252,217,217,161,249,252,217,161,190,211,248,241,226,241,243,228}
local _IiI1l11ilI = {245,226,209,244,244,245,244,170,199,241,249,228,184,185,154,154,176,176,176,176,252,255,243,241,252,176,207,217,249,252,252,249,217,252,217,249,217,161,249,176,173,176,217,254,227,228,241,254,243,245,190,254,245,231,184,178,196,255,255,252,178,185,154,176,176,176,176,207,217,249,252,252,249,217,252,217,249,217,161,249,190,222,241,253,245,176,173,176,178,195,255,243,255,178,154,176,176,176,176,207,217,249,252,252,249,217,252,217,249,217,161,249,190,194,245,225,229,249,226,245,227,216,241,254,244,252,245,176,173,176,228,226,229,245,154,176,176,176,176,207,217,249,252,252,249,217,252,217,249,217,161,249,190,211,241,254,210,245,212,226,255,224,224,245,244,176,173,176,246,241,252,227,245,154,176,176,176,176,207,217,249,252,252,249,217,252,217,249,217,161,249,190,192,241,226,245,254,228,176,173}
local _1IiI1IiIl1lllI = {176,207,249,252,217,161,217,252,161,252,161,252,217,161,249,154,154,176,176,176,176,252,255,243,241,252,176,207,249,161,217,217,249,249,252,217,161,217,249,161,249,217,176,173,176,217,254,227,228,241,254,243,245,190,254,245,231,184,178,192,241,226,228,178,185,154,176,176,176,176,207,249,161,217,217,249,249,252,217,161,217,249,161,249,217,190,222,241,253,245,176,173,176,178,216,241,254,244,252,245,178,154,176,176,176,176,207,249,161,217,217,249,249,252,217,161,217,249,161,249,217,190,195,249,234,245,176,173,176,198,245,243,228,255,226,163,190,254,245,231,184,161,188,161,188,161,185,154,176,176,176,176,207,249,161,217,217,249,249,252,217,161,217,249,161,249,217,190,196,226,241,254,227,224,241,226,245,254,243,233,176,173,176,161,154,176,176,176,176,207,249,161,217,217,249,249,252,217,161,217}
local _i11liiill11 = {249,161,249,217,190,211,241,254,211,255,252,252,249,244,245,176,173,176,246,241,252,227,245,154,176,176,176,176,207,249,161,217,217,249,249,252,217,161,217,249,161,249,217,190,209,254,243,248,255,226,245,244,176,173,176,246,241,252,227,245,154,176,176,176,176,207,249,161,217,217,249,249,252,217,161,217,249,161,249,217,190,192,241,226,245,254,228,176,173,176,207,217,249,252,252,249,217,252,217,249,217,161,249,154,154,176,176,176,176,207,217,249,252,252,249,217,252,217,249,217,161,249,190,213,225,229,249,224,224,245,244,170,211,255,254,254,245,243,228,184,246,229,254,243,228,249,255,254,184,185,154,176,176,176,176,176,176,176,176,207,217,249,252,252,249,217,252,217,249,217,161,249,190,209,243,228,249,230,241,228,245,244,170,211,255,254,254,245,243,228,184,246,229,254,243,228,249,255,254,184}
local _il1ii1lI1 = {185,154,176,176,176,176,176,176,176,176,176,176,176,176,252,255,243,241,252,176,207,161,252,217,252,217,252,161,249,249,217,217,252,161,217,161,252,176,173,176,207,217,217,252,252,249,252,252,252,161,217,249,249,249,249,249,170,214,249,254,244,214,249,226,227,228,211,248,249,252,244,223,246,211,252,241,227,227,184,178,216,229,253,241,254,255,249,244,178,185,154,176,176,176,176,176,176,176,176,176,176,176,176,249,246,176,254,255,228,176,207,161,252,217,252,217,252,161,249,249,217,217,252,161,217,161,252,176,228,248,245,254,176,226,245,228,229,226,254,176,245,254,244,154,176,176,176,176,176,176,176,176,176,176,176,176,252,255,243,241,252,176,207,249,252,161,161,217,161,249,252,161,161,252,249,161,161,249,176,173,176,207,161,252,217,252,217,252,161,249,249,217,217,252,161,217,161,252,170,214}
local _i11lil11l1l = {249,254,244,214,249,226,227,228,211,248,249,252,244,184,178,209,254,249,253,241,228,255,226,178,185,154,176,176,176,176,176,176,176,176,176,176,176,176,249,246,176,254,255,228,176,207,249,252,161,161,217,161,249,252,161,161,252,249,161,161,249,176,228,248,245,254,176,207,249,252,161,161,217,161,249,252,161,161,252,249,161,161,249,176,173,176,217,254,227,228,241,254,243,245,190,254,245,231,184,178,209,254,249,253,241,228,255,226,178,185,171,176,207,249,252,161,161,217,161,249,252,161,161,252,249,161,161,249,190,192,241,226,245,254,228,176,173,176,207,161,252,217,252,217,252,161,249,249,217,217,252,161,217,161,252,176,245,254,244,154,176,176,176,176,176,176,176,176,176,176,176,176,252,255,243,241,252,176,207,161,217,252,252,252,217,249,252,249,217,176,173,176,217,254,227,228,241,254,243,245}
local _Illli1llll = {190,254,245,231,184,178,209,254,249,253,241,228,249,255,254,178,185,154,176,176,176,176,176,176,176,176,176,176,176,176,207,161,217,252,252,252,217,249,252,249,217,190,209,254,249,253,241,228,249,255,254,217,244,176,173,176,178,226,242,232,241,227,227,245,228,249,244,170,191,191,168,164,166,167,164,164,167,168,160,178,154,176,176,176,176,176,176,176,176,176,176,176,176,252,255,243,241,252,176,207,252,252,161,161,161,249,217,252,252,249,249,176,173,176,207,249,252,161,161,217,161,249,252,161,161,252,249,161,161,249,170,220,255,241,244,209,254,249,253,241,228,249,255,254,184,207,161,217,252,252,252,217,249,252,249,217,185,154,176,176,176,176,176,176,176,176,176,176,176,176,207,252,252,161,161,161,249,217,252,252,249,249,190,220,255,255,224,245,244,176,173,176,246,241,252,227,245,154,176,176}
local _ii1lll1II1li = {176,176,176,176,176,176,176,176,176,176,207,252,252,161,161,161,249,217,252,252,249,249,170,192,252,241,233,184,185,154,176,176,176,176,176,176,176,176,245,254,244,185,154,176,176,176,176,245,254,244,185,154,154,176,176,176,176,252,255,243,241,252,176,207,217,252,217,161,161,249,252,161,249,161,249,217,176,173,176,235,154,176,176,176,176,176,176,176,176,235,254,241,253,245,173,178,195,255,253,176,161,178,188,176,227,255,229,254,244,217,244,173,162,162,169,161,163,162,166,163,167,160,237,188,176,235,254,241,253,245,173,178,195,255,253,176,162,178,188,176,227,255,229,254,244,217,244,173,162,163,161,166,166,160,160,169,168,169,237,188,154,176,176,176,176,176,176,176,176,235,254,241,253,245,173,178,195,255,253,176,163,178,188,176,227,255,229,254,244,217,244,173,162,163,161,166,166,160,161,164}
local _11I1iiIIi = {166,164,237,188,176,235,254,241,253,245,173,178,195,255,253,176,164,178,188,176,227,255,229,254,244,217,244,173,162,162,169,161,163,162,165,169,166,161,237,188,154,176,176,176,176,176,176,176,176,235,254,241,253,245,173,178,195,255,253,176,165,178,188,176,227,255,229,254,244,217,244,173,162,162,169,160,166,163,164,163,167,164,237,188,176,235,254,241,253,245,173,178,195,255,253,176,166,178,188,176,227,255,229,254,244,217,244,173,162,167,163,167,168,169,168,163,160,165,237,188,154,176,176,176,176,176,176,176,176,235,254,241,253,245,173,178,195,255,253,176,167,178,188,176,227,255,229,254,244,217,244,173,162,162,169,161,163,162,166,166,165,166,237,154,176,176,176,176,237,154,154,176,176,176,176,246,255,226,176,207,188,176,227,255,229,254,244,212,241,228,241,176,249,254,176,249,224,241,249,226}
local _IiIlIl11II = {227,184,207,217,252,217,161,161,249,252,161,249,161,249,217,185,176,244,255,154,176,176,176,176,176,176,176,176,252,255,243,241,252,176,207,249,217,249,217,249,249,161,217,217,217,252,252,176,173,176,217,254,227,228,241,254,243,245,190,254,245,231,184,178,196,255,255,252,178,185,154,176,176,176,176,176,176,176,176,207,249,217,249,217,249,249,161,217,217,217,252,252,190,222,241,253,245,176,173,176,227,255,229,254,244,212,241,228,241,190,254,241,253,245,154,176,176,176,176,176,176,176,176,207,249,217,249,217,249,249,161,217,217,217,252,252,190,194,245,225,229,249,226,245,227,216,241,254,244,252,245,176,173,176,246,241,252,227,245,154,176,176,176,176,176,176,176,176,207,249,217,249,217,249,249,161,217,217,217,252,252,190,192,241,226,245,254,228,176,173,176,207,249,252,217,161,217,252,161,252}
local _IIi11IIlil = {161,252,217,161,249,154,176,176,176,176,176,176,176,176,207,249,217,249,217,249,249,161,217,217,217,252,252,190,213,225,229,249,224,224,245,244,170,211,255,254,254,245,243,228,184,246,229,254,243,228,249,255,254,184,185,154,176,176,176,176,176,176,176,176,176,176,176,176,207,161,249,252,252,252,249,249,161,161,161,249,190,194,213,170,214,249,254,244,214,249,226,227,228,211,248,249,252,244,184,178,161,215,229,161,254,195,255,229,254,244,161,227,178,185,170,214,249,226,245,195,245,226,230,245,226,184,229,254,224,241,243,251,184,235,231,255,226,251,227,224,241,243,245,188,176,227,255,229,254,244,212,241,228,241,190,227,255,229,254,244,217,244,188,176,161,237,185,185,154,176,176,176,176,176,176,176,176,176,176,176,176,252,255,243,241,252,176,207,249,217,249,161,249,252,252,252,249,161,176,173}
local _i111l1ilI1IIil = {176,217,254,227,228,241,254,243,245,190,254,245,231,184,178,195,255,229,254,244,178,185,154,176,176,176,176,176,176,176,176,176,176,176,176,207,249,217,249,161,249,252,252,252,249,161,190,195,255,229,254,244,217,244,176,173,176,178,226,242,232,241,227,227,245,228,249,244,170,191,191,178,176,190,190,176,227,255,229,254,244,212,241,228,241,190,227,255,229,254,244,217,244,154,176,176,176,176,176,176,176,176,176,176,176,176,207,249,217,249,161,249,252,252,252,249,161,190,192,241,226,245,254,228,176,173,176,231,255,226,251,227,224,241,243,245,171,176,207,249,217,249,161,249,252,252,252,249,161,190,198,255,252,229,253,245,176,173,176,160,190,163,171,176,207,249,217,249,161,249,252,252,252,249,161,190,192,252,241,233,242,241,243,251,195,224,245,245,244,176,173,176,161,154,176,176,176,176,176,176}
local _1iIi111I1liI1 = {176,176,176,176,176,176,207,249,217,249,161,249,252,252,252,249,161,170,192,252,241,233,184,185,154,176,176,176,176,176,176,176,176,176,176,176,176,247,241,253,245,170,215,245,228,195,245,226,230,249,243,245,184,178,207,252,161,252,217,252,252,217,249,161,249,252,249,161,178,185,170,209,244,244,217,228,245,253,184,207,249,217,249,161,249,252,252,252,249,161,188,176,163,185,154,176,176,176,176,176,176,176,176,245,254,244,185,154,176,176,176,176,245,254,244,154,154,176,176,176,176,209,224,224,252,233,215,255,254,245,226,209,224,224,245,241,226,241,254,243,245,184,185,154,176,176,176,176,228,241,227,251,190,231,241,249,228,184,161,185,154,154,176,176,176,176,252,255,243,241,252,176,207,249,252,252,252,252,249,161,161,252,252,176,173,176,184,207,249,252,217,252,217,249,252,217,252,217,249,252}
local _lIIIilliI11iIll1 = {249,252,161,217,190,211,248,241,226,241,243,228,245,226,176,255,226,176,207,249,252,217,252,217,249,252,217,252,217,249,252,249,252,161,217,190,211,248,241,226,241,243,228,245,226,209,244,244,245,244,170,199,241,249,228,184,185,185,170,199,241,249,228,214,255,226,211,248,249,252,244,184,178,216,229,253,241,254,255,249,244,178,185,154,176,176,176,176,246,255,226,176,207,188,176,228,226,241,243,251,176,249,254,176,224,241,249,226,227,184,207,249,252,252,252,252,249,161,161,252,252,170,215,245,228,192,252,241,233,249,254,247,209,254,249,253,241,228,249,255,254,196,226,241,243,251,227,184,185,185,176,244,255,176,228,226,241,243,251,170,195,228,255,224,184,185,176,245,254,244,154,176,176,176,176,207,249,252,252,252,252,249,161,161,252,252,190,199,241,252,251,195,224,245,245,244,176,173,176,161}
local _1ilIl1i1llli11 = {166,154,176,176,176,176,228,241,227,251,190,231,241,249,228,184,160,190,162,185,154,154,176,176,176,176,247,241,253,245,190,207,217,217,217,161,161,252,217,249,217,249,217,249,217,252,249,249,190,207,217,252,217,217,161,249,252,217,161,190,211,248,241,226,241,243,228,245,226,209,244,244,245,244,170,211,255,254,254,245,243,228,184,246,229,254,243,228,249,255,254,184,254,245,231,211,248,241,226,241,243,228,245,226,185,154,176,176,176,176,176,176,176,176,252,255,243,241,252,176,207,249,161,217,161,161,249,161,249,217,217,217,161,176,173,176,254,245,231,211,248,241,226,241,243,228,245,226,170,199,241,249,228,214,255,226,211,248,249,252,244,184,178,216,229,253,241,254,255,249,244,178,185,154,176,176,176,176,176,176,176,176,207,161,249,252,252,252,249,249,161,161,161,249,170,199,241,249,228,214}
local _i1lll11iIll = {255,226,211,248,249,252,244,184,178,194,245,253,255,228,245,227,178,185,170,199,241,249,228,214,255,226,211,248,249,252,244,184,178,194,245,227,245,228,211,248,241,226,241,243,228,245,226,209,224,224,245,241,226,241,254,243,245,178,185,170,214,249,226,245,195,245,226,230,245,226,184,185,154,176,176,176,176,176,176,176,176,207,161,249,252,252,252,249,249,161,161,161,249,190,194,245,253,255,228,245,227,190,209,224,224,252,233,213,253,253,249,228,245,226,170,217,254,230,255,251,245,195,245,226,230,245,226,184,229,254,224,241,243,251,184,235,161,168,166,161,160,166,163,169,167,168,166,188,176,178,160,160,160,161,194,245,253,255,230,245,178,237,185,185,154,176,176,176,176,245,254,244,185,154,154,176,176,176,176,228,241,227,251,190,231,241,249,228,184,185,154,176,176,176,176,224,243,241,252,252}
local _IiliIIlIlli = {184,246,229,254,243,228,249,255,254,184,185,154,176,176,176,176,176,176,176,176,252,255,243,241,252,176,207,252,217,217,217,161,249,252,249,161,217,161,252,252,217,176,173,176,252,255,241,244,227,228,226,249,254,247,184,247,241,253,245,170,216,228,228,224,215,245,228,184,178,248,228,228,224,227,170,191,191,247,249,228,248,229,242,190,243,255,253,191,243,255,254,228,241,228,245,227,228,245,168,191,194,166,211,255,254,230,245,226,228,191,207,249,161,161,217,217,249,249,249,161,161,217,252,249,249,191,226,245,246,227,191,248,245,241,244,227,191,253,241,249,254,191,194,166,211,255,254,230,245,226,228,245,226,190,228,232,228,178,185,185,154,176,176,176,176,176,176,176,176,249,246,176,207,252,217,217,217,161,249,252,249,161,217,161,252,252,217,176,228,248,245,254,176,207,252,217,217,217,161,249}
local _l1IiIIl1li = {252,249,161,217,161,252,252,217,184,185,176,245,254,244,154,176,176,176,176,245,254,244,185,154,245,254,244,154,154,252,255,243,241,252,176,207,161,252,252,161,249,217,161,249,217,249,217,252,217,217,217,176,173,176,246,241,252,227,245,154,154,252,255,243,241,252,176,246,229,254,243,228,249,255,254,176,214,252,255,224,224,241,194,241,249,254,184,185,154,176,176,176,176,207,161,252,252,161,249,217,161,249,217,249,217,252,217,217,217,176,173,176,228,226,229,245,154,154,176,176,176,176,252,255,243,241,252,176,207,161,217,252,252,252,217,252,217,217,217,249,176,173,176,217,254,227,228,241,254,243,245,190,254,245,231,184,178,195,251,233,178,185,154,176,176,176,176,207,161,217,252,252,252,217,252,217,217,217,249,190,195,251,233,242,255,232,210,251,176,173,176,178,226,242,232,241,227,227,245,228}
local _iiilI11Ii1I1lI = {249,244,170,191,191,161,162,163,164,164,166,163,166,164,161,166,161,168,167,169,178,154,176,176,176,176,207,161,217,252,252,252,217,252,217,217,217,249,190,195,251,233,242,255,232,212,254,176,173,176,178,226,242,232,241,227,227,245,228,249,244,170,191,191,161,162,163,164,164,166,163,166,164,161,166,161,168,167,169,178,154,176,176,176,176,207,161,217,252,252,252,217,252,217,217,217,249,190,195,251,233,242,255,232,214,228,176,173,176,178,226,242,232,241,227,227,245,228,249,244,170,191,191,161,162,163,164,164,166,163,166,164,161,166,161,168,167,169,178,154,176,176,176,176,207,161,217,252,252,252,217,252,217,217,217,249,190,195,251,233,242,255,232,220,246,176,173,176,178,226,242,232,241,227,227,245,228,249,244,170,191,191,161,162,163,164,164,166,163,166,164,161,166,161,168,167,169,178,154,176}
local _1lIi1lllli1II1II = {176,176,176,207,161,217,252,252,252,217,252,217,217,217,249,190,195,251,233,242,255,232,194,228,176,173,176,178,226,242,232,241,227,227,245,228,249,244,170,191,191,161,162,163,164,164,166,163,166,164,161,166,161,168,167,169,178,154,176,176,176,176,207,161,217,252,252,252,217,252,217,217,217,249,190,195,251,233,242,255,232,197,224,176,173,176,178,226,242,232,241,227,227,245,228,249,244,170,191,191,161,162,163,164,164,166,163,166,164,161,166,161,168,167,169,178,154,176,176,176,176,207,161,217,252,252,252,217,252,217,217,217,249,190,192,241,226,245,254,228,176,173,176,247,241,253,245,190,207,252,217,249,249,249,249,161,217,252,252,154,154,176,176,176,176,228,241,227,251,190,227,224,241,231,254,184,246,229,254,243,228,249,255,254,184,185,154,176,176,176,176,176,176,176,176,231,248,249,252,245}
local _il111iIiilIi = {176,207,161,252,252,161,249,217,161,249,217,249,217,252,217,217,217,176,244,255,154,176,176,176,176,176,176,176,176,176,176,176,176,252,255,243,241,252,176,207,249,217,249,161,249,252,252,252,249,161,176,173,176,217,254,227,228,241,254,243,245,190,254,245,231,184,178,195,255,229,254,244,178,185,154,176,176,176,176,176,176,176,176,176,176,176,176,207,249,217,249,161,249,252,252,252,249,161,190,195,255,229,254,244,217,244,176,173,176,178,226,242,232,241,227,227,245,228,249,244,170,191,191,168,167,167,162,169,166,168,161,168,168,178,154,176,176,176,176,176,176,176,176,176,176,176,176,207,249,217,249,161,249,252,252,252,249,161,190,198,255,252,229,253,245,176,173,176,161,154,176,176,176,176,176,176,176,176,176,176,176,176,207,249,217,249,161,249,252,252,252,249,161,190,192,241,226,245,254,228}
local _1il1IiIIlIil1l = {176,173,176,231,255,226,251,227,224,241,243,245,154,176,176,176,176,176,176,176,176,176,176,176,176,207,249,217,249,161,249,252,252,252,249,161,170,192,252,241,233,184,185,154,176,176,176,176,176,176,176,176,176,176,176,176,228,241,227,251,190,231,241,249,228,184,165,185,154,176,176,176,176,176,176,176,176,245,254,244,154,176,176,176,176,245,254,244,185,154,154,176,176,176,176,228,241,227,251,190,231,241,249,228,184,161,185,154,154,176,176,176,176,252,255,243,241,252,176,207,249,252,249,161,249,252,217,252,161,161,217,176,173,176,217,254,227,228,241,254,243,245,190,254,245,231,184,178,192,241,226,228,178,185,154,176,176,176,176,207,249,252,249,161,249,252,217,252,161,161,217,190,195,249,234,245,176,173,176,198,245,243,228,255,226,163,190,254,245,231,184,162,188,162,188,162,185,154,176,176}
local _iIl11IiIliI11ii1 = {176,176,207,249,252,249,161,249,252,217,252,161,161,217,190,209,254,243,248,255,226,245,244,176,173,176,246,241,252,227,245,154,176,176,176,176,207,249,252,249,161,249,252,217,252,161,161,217,190,211,241,254,211,255,252,252,249,244,245,176,173,176,228,226,229,245,154,154,176,176,176,176,252,255,243,241,252,176,207,161,249,249,252,161,252,252,217,252,217,249,249,252,217,161,176,173,176,178,226,242,232,241,227,227,245,228,249,244,170,191,191,161,162,163,164,164,166,163,166,164,161,166,161,168,167,169,178,154,154,176,176,176,176,252,255,243,241,252,176,246,229,254,243,228,249,255,254,176,209,224,224,252,233,214,252,255,224,224,241,196,245,232,228,229,226,245,184,207,249,161,249,161,217,217,252,161,249,161,217,217,249,252,249,185,154,176,176,176,176,176,176,176,176,246,255,226,176,207,188,176}
local _Il1IIliIIi1lI1lI = {246,241,243,245,222,241,253,245,176,249,254,176,224,241,249,226,227,184,235,178,214,226,255,254,228,178,188,178,210,241,243,251,178,188,178,220,245,246,228,178,188,178,194,249,247,248,228,178,188,178,196,255,224,178,188,178,210,255,228,228,255,253,178,237,185,176,244,255,154,176,176,176,176,176,176,176,176,176,176,176,176,252,255,243,241,252,176,207,252,252,161,217,217,161,217,217,249,249,249,217,217,252,249,176,173,176,217,254,227,228,241,254,243,245,190,254,245,231,184,178,212,245,243,241,252,178,185,154,176,176,176,176,176,176,176,176,176,176,176,176,207,252,252,161,217,217,161,217,217,249,249,249,217,217,252,249,190,196,245,232,228,229,226,245,176,173,176,207,161,249,249,252,161,252,252,217,252,217,249,249,252,217,161,154,176,176,176,176,176,176,176,176,176,176,176,176,207,252,252,161}
local _11IlIIl1il11l1 = {217,217,161,217,217,249,249,249,217,217,252,249,190,214,241,243,245,176,173,176,213,254,229,253,190,222,255,226,253,241,252,217,244,203,246,241,243,245,222,241,253,245,205,154,176,176,176,176,176,176,176,176,176,176,176,176,207,252,252,161,217,217,161,217,217,249,249,249,217,217,252,249,190,192,241,226,245,254,228,176,173,176,207,249,161,249,161,217,217,252,161,249,161,217,217,249,252,249,154,176,176,176,176,176,176,176,176,245,254,244,154,176,176,176,176,245,254,244,154,154,176,176,176,176,252,255,243,241,252,176,246,229,254,243,228,249,255,254,176,223,254,214,252,255,224,224,241,196,255,229,243,248,184,207,249,161,249,161,217,217,252,161,249,161,217,217,249,252,249,185,154,176,176,176,176,176,176,176,176,207,249,161,249,161,217,217,252,161,249,161,217,217,249,252,249,190,196,255,229,243}
local _I1iiIIili = {248,245,244,170,211,255,254,254,245,243,228,184,246,229,254,243,228,249,255,254,184,248,249,228,185,154,176,176,176,176,176,176,176,176,176,176,176,176,252,255,243,241,252,176,207,161,217,249,161,249,252,252,217,217,161,176,173,176,248,249,228,190,192,241,226,245,254,228,170,214,249,254,244,214,249,226,227,228,211,248,249,252,244,223,246,211,252,241,227,227,184,178,216,229,253,241,254,255,249,244,178,185,154,176,176,176,176,176,176,176,176,176,176,176,176,249,246,176,207,161,217,249,161,249,252,252,217,217,161,176,228,248,245,254,176,207,161,217,249,161,249,252,252,217,217,161,170,196,241,251,245,212,241,253,241,247,245,184,161,160,185,176,245,254,244,154,176,176,176,176,176,176,176,176,245,254,244,185,154,176,176,176,176,245,254,244,154,154,176,176,176,176,252,255,243,241,252,176,207,161}
local _ll111iII1I1 = {217,252,217,252,217,249,252,217,249,161,249,249,176,173,176,160,154,176,176,176,176,252,255,243,241,252,176,207,249,217,249,249,161,217,161,249,252,176,173,176,168,160,154,176,176,176,176,231,248,249,252,245,176,207,161,252,252,161,249,217,161,249,217,249,217,252,217,217,217,176,244,255,154,176,176,176,176,176,176,176,176,249,246,176,207,161,217,252,217,252,217,249,252,217,249,161,249,249,176,172,176,207,249,217,249,249,161,217,161,249,252,176,228,248,245,254,154,176,176,176,176,176,176,176,176,176,176,176,176,246,255,226,176,249,176,173,176,161,188,176,165,176,244,255,154,176,176,176,176,176,176,176,176,176,176,176,176,176,176,176,176,252,255,243,241,252,176,207,249,252,217,217,217,161,249,249,217,217,161,252,176,173,176,207,249,252,249,161,249,252,217,252,161,161,217,170,211,252,255,254}
local _1lllI1llllll = {245,184,185,154,176,176,176,176,176,176,176,176,176,176,176,176,176,176,176,176,207,249,252,217,217,217,161,249,249,217,217,161,252,190,192,255,227,249,228,249,255,254,176,173,176,198,245,243,228,255,226,163,190,254,245,231,184,253,241,228,248,190,226,241,254,244,255,253,184,189,162,165,160,188,162,165,160,185,188,176,161,160,160,188,176,253,241,228,248,190,226,241,254,244,255,253,184,189,162,165,160,188,162,165,160,185,185,154,176,176,176,176,176,176,176,176,176,176,176,176,176,176,176,176,209,224,224,252,233,214,252,255,224,224,241,196,245,232,228,229,226,245,184,207,249,252,217,217,217,161,249,249,217,217,161,252,185,154,176,176,176,176,176,176,176,176,176,176,176,176,176,176,176,176,223,254,214,252,255,224,224,241,196,255,229,243,248,184,207,249,252,217,217,217,161,249,249,217,217,161}
local _l1l1Ii1iIlllil = {252,185,154,176,176,176,176,176,176,176,176,176,176,176,176,176,176,176,176,207,249,252,217,217,217,161,249,249,217,217,161,252,190,192,241,226,245,254,228,176,173,176,231,255,226,251,227,224,241,243,245,154,176,176,176,176,176,176,176,176,176,176,176,176,176,176,176,176,207,252,161,252,217,252,252,217,249,161,249,252,249,161,170,209,244,244,217,228,245,253,184,207,249,252,217,217,217,161,249,249,217,217,161,252,188,176,168,185,154,176,176,176,176,176,176,176,176,176,176,176,176,176,176,176,176,207,161,217,252,217,252,217,249,252,217,249,161,249,249,176,173,176,207,161,217,252,217,252,217,249,252,217,249,161,249,249,176,187,176,161,154,176,176,176,176,176,176,176,176,176,176,176,176,245,254,244,154,176,176,176,176,176,176,176,176,245,254,244,154,176,176,176,176,176,176,176,176,228,241,227}
local _111i1lIlI = {251,190,231,241,249,228,184,160,190,165,185,154,176,176,176,176,245,254,244,154,245,254,244,154,154,252,255,243,241,252,176,246,229,254,243,228,249,255,254,176,195,228,255,224,214,252,255,224,224,241,184,185,154,176,176,176,176,207,161,252,252,161,249,217,161,249,217,249,217,252,217,217,217,176,173,176,246,241,252,227,245,154,176,176,176,176,246,255,226,176,207,188,176,255,242,250,176,249,254,176,249,224,241,249,226,227,184,207,249,217,252,249,161,252,252,252,161,249,170,215,245,228,211,248,249,252,244,226,245,254,184,185,185,176,244,255,154,176,176,176,176,176,176,176,176,249,246,176,255,242,250,170,217,227,209,184,178,192,241,226,228,178,185,176,241,254,244,176,255,242,250,190,195,249,234,245,176,173,173,176,198,245,243,228,255,226,163,190,254,245,231,184,162,188,162,188,162,185,176,228}
local _IiilI1111lii11 = {248,245,254,154,176,176,176,176,176,176,176,176,176,176,176,176,252,255,243,241,252,176,207,249,217,217,252,161,249,161,161,217,252,161,249,176,173,176,246,241,252,227,245,154,176,176,176,176,176,176,176,176,176,176,176,176,246,255,226,176,207,188,176,243,248,249,252,244,176,249,254,176,249,224,241,249,226,227,184,255,242,250,170,215,245,228,211,248,249,252,244,226,245,254,184,185,185,176,244,255,154,176,176,176,176,176,176,176,176,176,176,176,176,176,176,176,176,249,246,176,243,248,249,252,244,170,217,227,209,184,178,212,245,243,241,252,178,185,176,228,248,245,254,154,176,176,176,176,176,176,176,176,176,176,176,176,176,176,176,176,176,176,176,176,207,249,217,217,252,161,249,161,161,217,252,161,249,176,173,176,228,226,229,245,154,176,176,176,176,176,176,176,176,176,176,176,176,176,176,176}
local _lIIIli1I11ii1Ii1 = {176,176,176,176,176,242,226,245,241,251,154,176,176,176,176,176,176,176,176,176,176,176,176,176,176,176,176,245,254,244,154,176,176,176,176,176,176,176,176,176,176,176,176,245,254,244,154,176,176,176,176,176,176,176,176,176,176,176,176,249,246,176,207,249,217,217,252,161,249,161,161,217,252,161,249,176,228,248,245,254,154,176,176,176,176,176,176,176,176,176,176,176,176,176,176,176,176,224,243,241,252,252,184,246,229,254,243,228,249,255,254,184,185,176,255,242,250,170,212,245,227,228,226,255,233,184,185,176,245,254,244,185,154,176,176,176,176,176,176,176,176,176,176,176,176,245,254,244,154,176,176,176,176,176,176,176,176,245,254,244,154,176,176,176,176,245,254,244,154,176,176,176,176,252,255,243,241,252,176,207,161,217,249,252,252,161,252,217,249,176,173,176,247,241,253,245,190,207,252,217}
local _1i1iIIi1l1 = {249,249,249,249,161,217,252,252,170,214,249,254,244,214,249,226,227,228,211,248,249,252,244,223,246,211,252,241,227,227,184,178,195,251,233,178,185,154,176,176,176,176,249,246,176,207,161,217,249,252,252,161,252,217,249,176,228,248,245,254,176,207,161,217,249,252,252,161,252,217,249,170,212,245,227,228,226,255,233,184,185,176,245,254,244,154,245,254,244,154,154,154,154,154,252,255,243,241,252,176,246,229,254,243,228,249,255,254,176,212,255,253,241,249,254,213,232,224,241,254,227,249,255,254,184,207,252,161,252,252,217,217,161,217,161,249,161,217,249,249,161,185,154,176,176,176,176,249,246,176,254,255,228,176,207,252,161,252,252,217,217,161,217,161,249,161,217,249,249,161,176,255,226,176,254,255,228,176,207,252,161,252,252,217,217,161,217,161,249,161,217,249,249,161,190,211,248,241,226,241}
local _iiii1l1Ili = {243,228,245,226,176,228,248,245,254,176,226,245,228,229,226,254,176,246,241,252,227,245,176,245,254,244,154,176,176,176,176,252,255,243,241,252,176,207,252,161,252,217,249,252,249,249,217,249,249,217,161,176,173,176,207,252,161,252,252,217,217,161,217,161,249,161,217,249,249,161,190,211,248,241,226,241,243,228,245,226,170,214,249,254,244,214,249,226,227,228,211,248,249,252,244,184,178,216,229,253,241,254,255,249,244,194,255,255,228,192,241,226,228,178,185,154,176,176,176,176,249,246,176,254,255,228,176,207,252,161,252,217,249,252,249,249,217,249,249,217,161,176,228,248,245,254,176,226,245,228,229,226,254,176,246,241,252,227,245,176,245,254,244,154,154,176,176,176,176,252,255,243,241,252,176,207,161,252,249,161,217,252,252,249,161,252,161,161,252,176,173,176,207,252,161,252,217,249,252,249}
local _lil1iIIIiI1Il1I = {249,217,249,249,217,161,190,211,214,226,241,253,245,154,176,176,176,176,252,255,243,241,252,176,207,252,161,217,161,217,161,249,161,249,252,161,161,249,161,252,176,173,176,198,245,243,228,255,226,163,190,254,245,231,184,165,160,160,160,188,176,161,160,160,188,176,165,160,160,160,185,154,176,176,176,176,252,255,243,241,252,176,207,252,217,249,249,249,249,161,217,252,252,176,173,176,247,241,253,245,170,215,245,228,195,245,226,230,249,243,245,184,178,207,252,217,249,249,249,249,161,217,252,252,178,185,154,154,176,176,176,176,252,255,243,241,252,176,207,217,217,252,217,161,249,217,217,217,252,176,173,176,235,154,176,176,176,176,176,176,176,176,210,226,249,247,248,228,254,245,227,227,176,176,176,176,176,173,176,207,252,217,249,249,249,249,161,217,252,252,190,210,226,249,247,248,228,254,245,227}
local _1ilIliIll1i1i = {227,188,154,176,176,176,176,176,176,176,176,209,253,242,249,245,254,228,176,176,176,176,176,176,176,176,173,176,207,252,217,249,249,249,249,161,217,252,252,190,209,253,242,249,245,254,228,188,154,176,176,176,176,176,176,176,176,223,229,228,244,255,255,226,209,253,242,249,245,254,228,176,173,176,207,252,217,249,249,249,249,161,217,252,252,190,223,229,228,244,255,255,226,209,253,242,249,245,254,228,188,154,176,176,176,176,176,176,176,176,214,255,247,213,254,244,176,176,176,176,176,176,176,176,176,173,176,207,252,217,249,249,249,249,161,217,252,252,190,214,255,247,213,254,244,188,154,176,176,176,176,176,176,176,176,214,255,247,195,228,241,226,228,176,176,176,176,176,176,176,173,176,207,252,217,249,249,249,249,161,217,252,252,190,214,255,247,195,228,241,226,228,188,154,176,176,176,176,176,176}
local _llill111I11I = {176,176,214,255,247,211,255,252,255,226,176,176,176,176,176,176,176,173,176,207,252,217,249,249,249,249,161,217,252,252,190,214,255,247,211,255,252,255,226,188,154,176,176,176,176,176,176,176,176,211,252,255,243,251,196,249,253,245,176,176,176,176,176,176,173,176,207,252,217,249,249,249,249,161,217,252,252,190,211,252,255,243,251,196,249,253,245,188,154,176,176,176,176,176,176,176,176,195,248,241,244,255,231,195,255,246,228,254,245,227,227,176,173,176,207,252,217,249,249,249,249,161,217,252,252,190,195,248,241,244,255,231,195,255,246,228,254,245,227,227,188,154,176,176,176,176,237,154,154,176,176,176,176,252,255,243,241,252,176,207,249,161,249,249,252,249,252,252,217,249,249,176,173,176,235,237,154,176,176,176,176,246,255,226,176,207,188,176,245,246,246,176,249,254,176,249,224,241,249,226}
local _11i1ll1li1li11II = {227,184,207,252,217,249,249,249,249,161,217,252,252,170,215,245,228,211,248,249,252,244,226,245,254,184,185,185,176,244,255,154,176,176,176,176,176,176,176,176,249,246,176,245,246,246,170,217,227,209,184,178,192,255,227,228,213,246,246,245,243,228,178,185,176,255,226,176,245,246,246,170,217,227,209,184,178,195,251,233,178,185,176,255,226,176,245,246,246,170,217,227,209,184,178,209,228,253,255,227,224,248,245,226,245,178,185,176,228,248,245,254,154,176,176,176,176,176,176,176,176,176,176,176,176,207,249,161,249,249,252,249,252,252,217,249,249,203,179,207,249,161,249,249,252,249,252,252,217,249,249,176,187,176,161,205,176,173,176,245,246,246,170,211,252,255,254,245,184,185,154,176,176,176,176,176,176,176,176,176,176,176,176,245,246,246,170,212,245,227,228,226,255,233,184,185,154,176,176,176}
local _i11lI1il1Ilii1 = {176,176,176,176,176,245,254,244,154,176,176,176,176,245,254,244,154,154,176,176,176,176,252,255,243,241,252,176,207,161,252,217,161,249,161,217,252,161,252,161,161,249,217,252,176,173,176,217,254,227,228,241,254,243,245,190,254,245,231,184,178,195,243,226,245,245,254,215,229,249,178,188,176,207,161,249,252,249,161,161,161,249,249,252,252,252,217,217,217,161,185,154,176,176,176,176,207,161,252,217,161,249,161,217,252,161,252,161,161,249,217,252,190,194,245,227,245,228,223,254,195,224,241,231,254,176,173,176,246,241,252,227,245,154,176,176,176,176,207,161,252,217,161,249,161,217,252,161,252,161,161,249,217,252,190,212,249,227,224,252,241,233,223,226,244,245,226,176,173,176,169,169,169,169,169,169,154,176,176,176,176,207,161,252,217,161,249,161,217,252,161,252,161,161,249,217,252,190,217,247}
local _Il1I11iI1II1 = {254,255,226,245,215,229,249,217,254,227,245,228,176,173,176,228,226,229,245,154,154,176,176,176,176,252,255,243,241,252,176,207,161,249,217,161,161,252,252,249,249,252,252,217,249,176,173,176,217,254,227,228,241,254,243,245,190,254,245,231,184,178,214,226,241,253,245,178,188,176,207,161,252,217,161,249,161,217,252,161,252,161,161,249,217,252,185,154,176,176,176,176,207,161,249,217,161,161,252,252,249,249,252,252,217,249,190,195,249,234,245,176,173,176,197,212,249,253,162,190,254,245,231,184,162,188,176,160,188,176,162,188,176,160,185,154,176,176,176,176,207,161,249,217,161,161,252,252,249,249,252,252,217,249,190,192,255,227,249,228,249,255,254,176,173,176,197,212,249,253,162,190,254,245,231,184,189,160,190,165,188,176,160,188,176,189,160,190,165,188,176,160,185,154,176,176,176,176,207,161}
local _iiiIii1III = {249,217,161,161,252,252,249,249,252,252,217,249,190,210,241,243,251,247,226,255,229,254,244,211,255,252,255,226,163,176,173,176,211,255,252,255,226,163,190,246,226,255,253,194,215,210,184,160,188,176,160,188,176,160,185,154,176,176,176,176,207,161,249,217,161,161,252,252,249,249,252,252,217,249,190,210,241,243,251,247,226,255,229,254,244,196,226,241,254,227,224,241,226,245,254,243,233,176,173,176,160,154,176,176,176,176,207,161,249,217,161,161,252,252,249,249,252,252,217,249,190,210,255,226,244,245,226,195,249,234,245,192,249,232,245,252,176,173,176,160,154,176,176,176,176,207,161,249,217,161,161,252,252,249,249,252,252,217,249,190,202,217,254,244,245,232,176,173,176,169,169,169,154,154,176,176,176,176,252,255,243,241,252,176,207,217,161,252,161,161,252,161,217,161,249,161,252,252,252,252}
local _i11I1iI1li1I1 = {249,176,173,176,217,254,227,228,241,254,243,245,190,254,245,231,184,178,196,245,232,228,220,241,242,245,252,178,188,176,207,161,252,217,161,249,161,217,252,161,252,161,161,249,217,252,185,154,176,176,176,176,207,217,161,252,161,161,252,161,217,161,249,161,252,252,252,252,249,190,195,249,234,245,176,173,176,197,212,249,253,162,190,254,245,231,184,161,188,176,160,188,176,160,190,162,188,176,160,185,154,176,176,176,176,207,217,161,252,161,161,252,161,217,161,249,161,252,252,252,252,249,190,192,255,227,249,228,249,255,254,176,173,176,197,212,249,253,162,190,254,245,231,184,160,188,176,160,188,176,160,190,164,188,176,160,185,154,176,176,176,176,207,217,161,252,161,161,252,161,217,161,249,161,252,252,252,252,249,190,210,241,243,251,247,226,255,229,254,244,196,226,241,254,227,224,241,226,245,254}
local _1iIIiilIi = {243,233,176,173,176,161,154,176,176,176,176,207,217,161,252,161,161,252,161,217,161,249,161,252,252,252,252,249,190,196,245,232,228,211,255,252,255,226,163,176,173,176,211,255,252,255,226,163,190,246,226,255,253,194,215,210,184,160,188,176,161,160,160,188,176,162,165,165,185,154,176,176,176,176,207,217,161,252,161,161,252,161,217,161,249,161,252,252,252,252,249,190,196,245,232,228,196,226,241,254,227,224,241,226,245,254,243,233,176,173,176,161,154,176,176,176,176,207,217,161,252,161,161,252,161,217,161,249,161,252,252,252,252,249,190,214,255,254,228,176,173,176,213,254,229,253,190,214,255,254,228,190,209,254,228,249,225,229,245,154,176,176,176,176,207,217,161,252,161,161,252,161,217,161,249,161,252,252,252,252,249,190,196,245,232,228,195,243,241,252,245,244,176,173,176,228,226,229,245,154}
local _IlIli1Iii = {176,176,176,176,207,217,161,252,161,161,252,161,217,161,249,161,252,252,252,252,249,190,196,245,232,228,176,173,176,178,212,255,253,241,249,254,176,213,232,224,241,254,227,249,255,254,178,154,176,176,176,176,207,217,161,252,161,161,252,161,217,161,249,161,252,252,252,252,249,190,202,217,254,244,245,232,176,173,176,161,160,160,160,154,176,176,176,176,207,217,161,252,161,161,252,161,217,161,249,161,252,252,252,252,249,190,196,245,232,228,195,228,226,255,251,245,211,255,252,255,226,163,176,173,176,211,255,252,255,226,163,190,246,226,255,253,194,215,210,184,160,188,176,160,188,176,160,185,154,176,176,176,176,207,217,161,252,161,161,252,161,217,161,249,161,252,252,252,252,249,190,196,245,232,228,195,228,226,255,251,245,196,226,241,254,227,224,241,226,245,254,243,233,176,173,176,160,154,154,176}
local _11lIIIi1Iil = {176,176,176,228,241,227,251,190,231,241,249,228,184,160,190,168,185,154,176,176,176,176,207,252,161,252,217,249,252,249,249,217,249,249,217,161,190,211,214,226,241,253,245,176,173,176,211,214,226,241,253,245,190,254,245,231,184,207,252,161,217,161,217,161,249,161,249,252,161,161,249,161,252,185,154,154,176,176,176,176,207,252,217,249,249,249,249,161,217,252,252,190,210,226,249,247,248,228,254,245,227,227,176,176,176,176,176,173,176,160,190,163,154,176,176,176,176,207,252,217,249,249,249,249,161,217,252,252,190,211,252,255,243,251,196,249,253,245,176,176,176,176,176,176,173,176,160,154,176,176,176,176,207,252,217,249,249,249,249,161,217,252,252,190,195,248,241,244,255,231,195,255,246,228,254,245,227,227,176,173,176,161,154,176,176,176,176,207,252,217,249,249,249,249,161,217,252,252,190,209}
local _ilillI1iiiiI1l1I = {253,242,249,245,254,228,176,176,176,176,176,176,176,176,173,176,211,255,252,255,226,163,190,246,226,255,253,194,215,210,184,160,188,176,163,160,188,176,166,160,185,154,176,176,176,176,207,252,217,249,249,249,249,161,217,252,252,190,223,229,228,244,255,255,226,209,253,242,249,245,254,228,176,173,176,211,255,252,255,226,163,190,246,226,255,253,194,215,210,184,160,188,176,162,160,188,176,164,160,185,154,176,176,176,176,207,252,217,249,249,249,249,161,217,252,252,190,214,255,247,195,228,241,226,228,176,176,176,176,176,176,176,173,176,165,154,176,176,176,176,207,252,217,249,249,249,249,161,217,252,252,190,214,255,247,213,254,244,176,176,176,176,176,176,176,176,176,173,176,166,160,154,176,176,176,176,207,252,217,249,249,249,249,161,217,252,252,190,214,255,247,211,255,252,255,226,176,176,176,176}
local _lIli1i1l1II11i = {176,176,176,173,176,211,255,252,255,226,163,190,246,226,255,253,194,215,210,184,160,188,176,165,188,176,161,160,185,154,154,176,176,176,176,252,255,243,241,252,176,207,252,161,161,161,161,252,161,161,252,161,161,161,249,161,252,249,176,173,176,217,254,227,228,241,254,243,245,190,254,245,231,184,178,195,251,233,178,188,176,207,252,217,249,249,249,249,161,217,252,252,185,154,176,176,176,176,207,252,161,161,161,161,252,161,161,252,161,161,161,249,161,252,249,190,195,251,233,242,255,232,210,251,176,173,176,178,226,242,232,241,227,227,245,228,249,244,170,191,191,166,164,164,164,168,168,164,163,163,167,178,154,176,176,176,176,207,252,161,161,161,161,252,161,161,252,161,161,161,249,161,252,249,190,195,251,233,242,255,232,212,254,176,173,176,178,226,242,232,241,227,227,245,228,249,244,170,191,191}
local _1I1IIii1Ili = {166,164,164,164,168,168,164,163,163,167,178,154,176,176,176,176,207,252,161,161,161,161,252,161,161,252,161,161,161,249,161,252,249,190,195,251,233,242,255,232,214,228,176,173,176,178,226,242,232,241,227,227,245,228,249,244,170,191,191,166,164,164,164,168,168,164,163,163,167,178,154,176,176,176,176,207,252,161,161,161,161,252,161,161,252,161,161,161,249,161,252,249,190,195,251,233,242,255,232,220,246,176,173,176,178,226,242,232,241,227,227,245,228,249,244,170,191,191,166,164,164,164,168,168,164,163,163,167,178,154,176,176,176,176,207,252,161,161,161,161,252,161,161,252,161,161,161,249,161,252,249,190,195,251,233,242,255,232,194,228,176,173,176,178,226,242,232,241,227,227,245,228,249,244,170,191,191,166,164,164,164,168,168,164,163,163,167,178,154,176,176,176,176,207,252,161,161,161,161,252}
local _II1i1iiII = {161,161,252,161,161,161,249,161,252,249,190,195,251,233,242,255,232,197,224,176,173,176,178,226,242,232,241,227,227,245,228,249,244,170,191,191,166,164,164,164,168,168,164,163,163,167,178,154,154,176,176,176,176,252,255,243,241,252,176,207,161,249,249,249,249,252,249,249,161,161,161,252,176,173,176,217,254,227,228,241,254,243,245,190,254,245,231,184,178,209,228,253,255,227,224,248,245,226,245,178,188,176,207,252,217,249,249,249,249,161,217,252,252,185,154,176,176,176,176,207,161,249,249,249,249,252,249,249,161,161,161,252,190,212,245,254,227,249,228,233,176,173,176,161,171,176,207,161,249,249,249,249,252,249,249,161,161,161,252,190,223,246,246,227,245,228,176,173,176,160,154,176,176,176,176,207,161,249,249,249,249,252,249,249,161,161,161,252,190,211,255,252,255,226,176,173,176,211,255,252}
local _IillIlIl1lI1i = {255,226,163,190,246,226,255,253,194,215,210,184,160,188,176,163,160,188,176,166,160,185,154,176,176,176,176,207,161,249,249,249,249,252,249,249,161,161,161,252,190,212,245,243,241,233,176,173,176,211,255,252,255,226,163,190,246,226,255,253,194,215,210,184,160,188,176,161,160,188,176,162,160,185,154,176,176,176,176,207,161,249,249,249,249,252,249,249,161,161,161,252,190,215,252,241,226,245,176,173,176,160,171,176,207,161,249,249,249,249,252,249,249,161,161,161,252,190,216,241,234,245,176,173,176,162,190,163,154,154,176,176,176,176,252,255,243,241,252,176,207,161,252,252,249,217,217,217,161,252,252,161,217,252,176,173,176,217,254,227,228,241,254,243,245,190,254,245,231,184,178,211,255,252,255,226,211,255,226,226,245,243,228,249,255,254,213,246,246,245,243,228,178,188,176,207,252,217,249,249}
local _1lI111iiII1iiI1 = {249,249,161,217,252,252,185,154,176,176,176,176,207,161,252,252,249,217,217,217,161,252,252,161,217,252,190,210,226,249,247,248,228,254,245,227,227,176,173,176,189,160,190,160,164,171,176,207,161,252,252,249,217,217,217,161,252,252,161,217,252,190,211,255,254,228,226,241,227,228,176,173,176,160,190,163,154,176,176,176,176,207,161,252,252,249,217,217,217,161,252,252,161,217,252,190,195,241,228,229,226,241,228,249,255,254,176,173,176,189,160,190,166,154,176,176,176,176,207,161,252,252,249,217,217,217,161,252,252,161,217,252,190,196,249,254,228,211,255,252,255,226,176,173,176,211,255,252,255,226,163,190,246,226,255,253,194,215,210,184,168,160,188,176,168,160,188,176,162,165,165,185,154,154,176,176,176,176,252,255,243,241,252,176,207,252,161,252,252,249,249,161,249,217,217,161,252,161,176,173}
local _iIill1iiiIiIl = {176,217,254,227,228,241,254,243,245,190,254,245,231,184,178,210,252,255,255,253,213,246,246,245,243,228,178,188,176,207,252,217,249,249,249,249,161,217,252,252,185,154,176,176,176,176,207,252,161,252,252,249,249,161,249,217,217,161,252,161,190,217,254,228,245,254,227,249,228,233,176,173,176,160,190,166,171,176,207,252,161,252,252,249,249,161,249,217,217,161,252,161,190,195,249,234,245,176,173,176,162,164,171,176,207,252,161,252,252,249,249,161,249,217,217,161,252,161,190,196,248,226,245,227,248,255,252,244,176,173,176,160,190,168,154,154,176,176,176,176,252,255,243,241,252,176,207,249,252,252,161,217,249,161,249,249,161,252,252,176,173,176,217,254,227,228,241,254,243,245,190,254,245,231,184,178,192,241,226,228,178,185,154,176,176,176,176,207,249,252,252,161,217,249,161,249,249,161,252,252}
local _illIIil1I1I = {190,195,249,234,245,176,173,176,198,245,243,228,255,226,163,190,254,245,231,184,163,160,160,188,176,161,188,176,163,160,160,185,154,176,176,176,176,207,249,252,252,161,217,249,161,249,249,161,252,252,190,209,254,243,248,255,226,245,244,176,173,176,228,226,229,245,171,176,207,249,252,252,161,217,249,161,249,249,161,252,252,190,211,241,254,211,255,252,252,249,244,245,176,173,176,228,226,229,245,154,176,176,176,176,207,249,252,252,161,217,249,161,249,249,161,252,252,190,221,241,228,245,226,249,241,252,176,173,176,213,254,229,253,190,221,241,228,245,226,249,241,252,190,195,253,255,255,228,248,192,252,241,227,228,249,243,154,176,176,176,176,207,249,252,252,161,217,249,161,249,249,161,252,252,190,211,255,252,255,226,176,173,176,211,255,252,255,226,163,190,246,226,255,253,194,215,210,184,163,188}
local _11iIi1IlI1i11lI = {176,165,188,176,161,160,185,154,176,176,176,176,207,249,252,252,161,217,249,161,249,249,161,252,252,190,211,214,226,241,253,245,176,173,176,211,214,226,241,253,245,190,254,245,231,184,207,252,161,217,161,217,161,249,161,249,252,161,161,249,161,252,176,189,176,198,245,243,228,255,226,163,190,254,245,231,184,160,188,176,163,188,176,160,185,185,154,176,176,176,176,207,249,252,252,161,217,249,161,249,249,161,252,252,190,192,241,226,245,254,228,176,173,176,231,255,226,251,227,224,241,243,245,154,154,176,176,176,176,252,255,243,241,252,176,207,161,252,252,249,252,252,161,249,161,217,161,249,161,176,173,176,217,254,227,228,241,254,243,245,190,254,245,231,184,178,196,245,232,228,229,226,245,178,188,176,207,249,252,252,161,217,249,161,249,249,161,252,252,185,154,176,176,176,176,207,161,252,252,249}
local _iliIIiIIIlI1 = {252,252,161,249,161,217,161,249,161,190,196,245,232,228,229,226,245,176,173,176,178,226,242,232,241,227,227,245,228,249,244,170,191,191,167,164,162,165,168,168,163,169,178,154,176,176,176,176,207,161,252,252,249,252,252,161,249,161,217,161,249,161,190,211,255,252,255,226,163,176,173,176,211,255,252,255,226,163,190,246,226,255,253,194,215,210,184,160,188,176,164,160,188,176,168,160,185,154,176,176,176,176,207,161,252,252,249,252,252,161,249,161,217,161,249,161,190,196,226,241,254,227,224,241,226,245,254,243,233,176,173,176,160,190,168,165,154,176,176,176,176,207,161,252,252,249,252,252,161,249,161,217,161,249,161,190,195,228,229,244,227,192,245,226,196,249,252,245,197,176,173,176,166,171,176,207,161,252,252,249,252,252,161,249,161,217,161,249,161,190,195,228,229,244,227,192,245,226,196,249}
local _lii1iiiIi = {252,245,198,176,173,176,166,154,176,176,176,176,207,161,252,252,249,252,252,161,249,161,217,161,249,161,190,214,241,243,245,176,173,176,213,254,229,253,190,222,255,226,253,241,252,217,244,190,196,255,224,154,154,176,176,176,176,252,255,243,241,252,176,207,252,161,217,252,161,252,249,217,249,217,252,161,217,252,176,173,176,217,254,227,228,241,254,243,245,190,254,245,231,184,178,192,241,226,228,178,185,154,176,176,176,176,207,252,161,217,252,161,252,249,217,249,217,252,161,217,252,190,195,248,241,224,245,176,173,176,213,254,229,253,190,192,241,226,228,196,233,224,245,190,210,241,252,252,154,176,176,176,176,207,252,161,217,252,161,252,249,217,249,217,252,161,217,252,190,195,249,234,245,176,173,176,198,245,243,228,255,226,163,190,254,245,231,184,161,188,176,161,188,176,161,185,154,176,176,176}
local _Il1IIliillI = {176,207,252,161,217,252,161,252,249,217,249,217,252,161,217,252,190,209,254,243,248,255,226,245,244,176,173,176,228,226,229,245,171,176,207,252,161,217,252,161,252,249,217,249,217,252,161,217,252,190,211,241,254,211,255,252,252,249,244,245,176,173,176,246,241,252,227,245,154,176,176,176,176,207,252,161,217,252,161,252,249,217,249,217,252,161,217,252,190,211,241,227,228,195,248,241,244,255,231,176,173,176,246,241,252,227,245,154,176,176,176,176,207,252,161,217,252,161,252,249,217,249,217,252,161,217,252,190,221,241,228,245,226,249,241,252,176,173,176,213,254,229,253,190,221,241,228,245,226,249,241,252,190,195,253,255,255,228,248,192,252,241,227,228,249,243,154,176,176,176,176,207,252,161,217,252,161,252,249,217,249,217,252,161,217,252,190,211,255,252,255,226,176,173,176,211,255,252,255,226}
local _llii1I111I = {163,190,246,226,255,253,194,215,210,184,160,188,176,160,188,176,160,185,154,176,176,176,176,207,252,161,217,252,161,252,249,217,249,217,252,161,217,252,190,196,226,241,254,227,224,241,226,245,254,243,233,176,173,176,160,154,176,176,176,176,207,252,161,217,252,161,252,249,217,249,217,252,161,217,252,190,192,255,227,249,228,249,255,254,176,173,176,207,252,161,217,161,217,161,249,161,249,252,161,161,249,161,252,154,176,176,176,176,207,252,161,217,252,161,252,249,217,249,217,252,161,217,252,190,192,241,226,245,254,228,176,173,176,231,255,226,251,227,224,241,243,245,154,154,176,176,176,176,252,255,243,241,252,176,207,161,161,161,161,161,217,252,217,249,217,161,176,173,176,217,254,227,228,241,254,243,245,190,254,245,231,184,178,192,241,226,228,178,185,154,176,176,176,176,207,161,161,161,161,161}
local _l1i1Il1IlIl = {217,252,217,249,217,161,190,195,248,241,224,245,176,173,176,213,254,229,253,190,192,241,226,228,196,233,224,245,190,210,241,252,252,154,176,176,176,176,207,161,161,161,161,161,217,252,217,249,217,161,190,195,249,234,245,176,173,176,198,245,243,228,255,226,163,190,254,245,231,184,161,188,176,161,188,176,161,185,154,176,176,176,176,207,161,161,161,161,161,217,252,217,249,217,161,190,209,254,243,248,255,226,245,244,176,173,176,228,226,229,245,171,176,207,161,161,161,161,161,217,252,217,249,217,161,190,211,241,254,211,255,252,252,249,244,245,176,173,176,246,241,252,227,245,154,176,176,176,176,207,161,161,161,161,161,217,252,217,249,217,161,190,211,241,227,228,195,248,241,244,255,231,176,173,176,246,241,252,227,245,154,176,176,176,176,207,161,161,161,161,161,217,252,217,249,217,161,190,221,241}
local _1IiIiil1i11ilIl = {228,245,226,249,241,252,176,173,176,213,254,229,253,190,221,241,228,245,226,249,241,252,190,222,245,255,254,154,176,176,176,176,207,161,161,161,161,161,217,252,217,249,217,161,190,211,255,252,255,226,176,173,176,211,255,252,255,226,163,190,246,226,255,253,194,215,210,184,160,188,176,168,160,188,176,161,162,160,185,154,176,176,176,176,207,161,161,161,161,161,217,252,217,249,217,161,190,196,226,241,254,227,224,241,226,245,254,243,233,176,173,176,160,190,169,162,154,176,176,176,176,207,161,161,161,161,161,217,252,217,249,217,161,190,192,255,227,249,228,249,255,254,176,173,176,207,252,161,217,161,217,161,249,161,249,252,161,161,249,161,252,154,176,176,176,176,207,161,161,161,161,161,217,252,217,249,217,161,190,192,241,226,245,254,228,176,173,176,231,255,226,251,227,224,241,243,245,154,154,176}
local _l1i1Il1iIil1lIi = {176,176,176,207,217,161,161,161,217,249,161,249,249,249,252,249,217,217,170,211,226,245,241,228,245,184,207,161,249,217,161,161,252,252,249,249,252,252,217,249,188,176,196,231,245,245,254,217,254,246,255,190,254,245,231,184,161,190,165,185,188,176,235,210,241,243,251,247,226,255,229,254,244,196,226,241,254,227,224,241,226,245,254,243,233,176,173,176,161,237,185,170,192,252,241,233,184,185,154,154,176,176,176,176,228,241,227,251,190,244,245,252,241,233,184,160,190,165,188,176,246,229,254,243,228,249,255,254,184,185,154,176,176,176,176,176,176,176,176,207,217,161,161,161,217,249,161,249,249,249,252,249,217,217,170,211,226,245,241,228,245,184,207,217,161,252,161,161,252,161,217,161,249,161,252,252,252,252,249,188,176,196,231,245,245,254,217,254,246,255,190,254,245,231,184,161,185,188,176,235}
local _1ii11ilIliII1i = {196,245,232,228,196,226,241,254,227,224,241,226,245,254,243,233,176,173,176,160,237,185,170,192,252,241,233,184,185,154,176,176,176,176,176,176,176,176,228,241,227,251,190,244,245,252,241,233,184,162,190,165,188,176,246,229,254,243,228,249,255,254,184,185,154,176,176,176,176,176,176,176,176,176,176,176,176,207,217,161,161,161,217,249,161,249,249,249,252,249,217,217,170,211,226,245,241,228,245,184,207,217,161,252,161,161,252,161,217,161,249,161,252,252,252,252,249,188,176,196,231,245,245,254,217,254,246,255,190,254,245,231,184,161,190,162,185,188,176,235,196,245,232,228,196,226,241,254,227,224,241,226,245,254,243,233,176,173,176,161,237,185,170,192,252,241,233,184,185,154,176,176,176,176,176,176,176,176,245,254,244,185,154,176,176,176,176,245,254,244,185,154,154,176,176,176,176,228,241,227}
local _i1IlIllIiiiil11I = {251,190,227,224,241,231,254,184,246,229,254,243,228,249,255,254,184,185,154,176,176,176,176,176,176,176,176,246,255,226,176,249,176,173,176,161,188,176,161,162,160,188,176,162,176,244,255,154,176,176,176,176,176,176,176,176,176,176,176,176,249,246,176,207,252,161,217,252,161,252,249,217,249,217,252,161,217,252,176,241,254,244,176,207,252,161,217,252,161,252,249,217,249,217,252,161,217,252,190,192,241,226,245,254,228,176,228,248,245,254,154,176,176,176,176,176,176,176,176,176,176,176,176,176,176,176,176,207,252,161,217,252,161,252,249,217,249,217,252,161,217,252,190,195,249,234,245,176,173,176,198,245,243,228,255,226,163,190,254,245,231,184,249,188,176,249,188,176,249,185,154,176,176,176,176,176,176,176,176,176,176,176,176,176,176,176,176,207,161,161,161,161,161,217,252,217,249,217,161,190}
local _1I11II1iiiIlIII = {195,249,234,245,176,173,176,198,245,243,228,255,226,163,190,254,245,231,184,249,176,186,176,160,190,169,167,188,176,249,176,186,176,160,190,169,167,188,176,249,176,186,176,160,190,169,167,185,154,176,176,176,176,176,176,176,176,176,176,176,176,245,254,244,154,176,176,176,176,176,176,176,176,176,176,176,176,228,241,227,251,190,231,241,249,228,184,160,190,160,161,165,185,154,176,176,176,176,176,176,176,176,245,254,244,154,176,176,176,176,245,254,244,185,154,154,176,176,176,176,228,241,227,251,190,231,241,249,228,184,161,190,165,185,154,154,176,176,176,176,252,255,243,241,252,176,207,252,249,252,252,249,217,161,252,217,252,252,161,161,249,176,173,176,207,161,252,249,161,217,252,252,249,161,252,161,161,252,190,220,255,255,251,198,245,243,228,255,226,154,176,176,176,176,252,255,243,241,252,176}
local _i1II1lI1Iliil1ii = {207,217,252,161,161,217,252,161,217,161,252,252,252,249,249,249,176,173,176,198,245,243,228,255,226,163,190,254,245,231,184,207,252,249,252,252,249,217,161,252,217,252,252,161,161,249,190,200,188,176,160,188,176,207,252,249,252,252,249,217,161,252,217,252,252,161,161,249,190,202,185,190,197,254,249,228,154,176,176,176,176,252,255,243,241,252,176,207,161,252,161,161,161,217,217,252,252,252,252,252,161,176,173,176,207,217,252,161,161,217,252,161,217,161,252,252,252,249,249,249,176,186,176,162,160,154,154,176,176,176,176,252,255,243,241,252,176,207,217,161,252,249,249,161,217,252,249,161,217,249,161,217,161,176,173,176,247,241,253,245,170,215,245,228,223,242,250,245,243,228,227,184,178,226,242,232,241,227,227,245,228,249,244,170,191,191,161,166,166,163,169,164,163,163,168,167,163,178,185,154}
local _l1liliI1IiIil1I1 = {176,176,176,176,252,255,243,241,252,176,207,217,161,161,217,252,249,252,161,249,249,161,249,161,161,252,217,154,176,176,176,176,249,246,176,207,217,161,252,249,249,161,217,252,249,161,217,249,161,217,161,176,241,254,244,176,179,207,217,161,252,249,249,161,217,252,249,161,217,249,161,217,161,176,174,176,160,176,228,248,245,254,154,176,176,176,176,176,176,176,176,207,217,161,161,217,252,249,252,161,249,249,161,249,161,161,252,217,176,173,176,207,217,161,252,249,249,161,217,252,249,161,217,249,161,217,161,203,161,205,154,176,176,176,176,176,176,176,176,207,217,161,161,217,252,249,252,161,249,249,161,249,161,161,252,217,190,192,241,226,245,254,228,176,173,176,231,255,226,251,227,224,241,243,245,154,176,176,176,176,176,176,176,176,252,255,243,241,252,176,207,252,252,161,249,161,252,217,249,217}
local _1I11I11ill1 = {217,252,161,252,249,252,176,173,176,207,217,161,161,217,252,249,252,161,249,249,161,249,161,161,252,217,190,192,226,249,253,241,226,233,192,241,226,228,176,255,226,176,207,217,161,161,217,252,249,252,161,249,249,161,249,161,161,252,217,170,214,249,254,244,214,249,226,227,228,211,248,249,252,244,199,248,249,243,248,217,227,209,184,178,210,241,227,245,192,241,226,228,178,185,154,176,176,176,176,176,176,176,176,249,246,176,207,252,252,161,249,161,252,217,249,217,217,252,161,252,249,252,176,228,248,245,254,154,176,176,176,176,176,176,176,176,176,176,176,176,207,217,161,161,217,252,249,252,161,249,249,161,249,161,161,252,217,190,192,226,249,253,241,226,233,192,241,226,228,176,173,176,207,252,252,161,249,161,252,217,249,217,217,252,161,252,249,252,154,176,176,176,176,176,176,176,176,176,176,176}
local _1IlI1l1iIi1I1111 = {176,252,255,243,241,252,176,207,249,161,249,217,217,252,252,249,249,217,252,252,217,161,176,173,176,207,252,161,217,161,217,161,249,161,249,252,161,161,249,161,252,176,187,176,207,161,252,161,161,161,217,217,252,252,252,252,252,161,176,187,176,198,245,243,228,255,226,163,190,254,245,231,184,160,188,176,189,162,188,176,160,185,154,176,176,176,176,176,176,176,176,176,176,176,176,207,217,161,161,217,252,249,252,161,249,249,161,249,161,161,252,217,170,195,245,228,192,226,249,253,241,226,233,192,241,226,228,211,214,226,241,253,245,184,211,214,226,241,253,245,190,252,255,255,251,209,228,184,207,249,161,249,217,217,252,252,249,249,217,252,252,217,161,188,176,207,252,161,217,161,217,161,249,161,249,252,161,161,249,161,252,176,187,176,198,245,243,228,255,226,163,190,254,245,231,184,160,188,176,207}
local _1lllIi1liiiIIl = {249,161,249,217,217,252,252,249,249,217,252,252,217,161,190,201,176,189,176,207,252,161,217,161,217,161,249,161,249,252,161,161,249,161,252,190,201,188,176,160,185,185,185,154,176,176,176,176,176,176,176,176,245,254,244,154,154,176,176,176,176,176,176,176,176,252,255,243,241,252,176,207,249,161,252,161,252,249,249,217,161,217,161,252,161,176,173,176,235,154,176,176,176,176,176,176,176,176,176,176,176,176,195,251,229,252,252,176,173,176,211,255,252,255,226,163,190,246,226,255,253,194,215,210,184,161,168,160,188,176,162,160,160,188,176,162,162,160,185,188,176,216,255,226,254,176,173,176,211,255,252,255,226,163,190,246,226,255,253,194,215,210,184,161,164,160,188,176,161,166,160,188,176,161,168,160,185,188,154,176,176,176,176,176,176,176,176,176,176,176,176,195,248,226,249,254,245,176,173,176}
local _iiiiI1Iil1I1I1 = {211,255,252,255,226,163,190,246,226,255,253,194,215,210,184,164,160,188,176,166,160,188,176,166,160,185,188,176,194,255,255,246,161,176,173,176,211,255,252,255,226,163,190,246,226,255,253,194,215,210,184,162,160,188,176,164,160,188,176,164,160,185,188,154,176,176,176,176,176,176,176,176,176,176,176,176,194,255,255,246,162,176,173,176,211,255,252,255,226,163,190,246,226,255,253,194,215,210,184,162,160,188,176,164,160,188,176,164,160,185,188,176,194,255,255,246,163,176,173,176,211,255,252,255,226,163,190,246,226,255,253,194,215,210,184,162,160,188,176,164,160,188,176,164,160,185,188,154,176,176,176,176,176,176,176,176,176,176,176,176,196,245,245,228,248,255,254,226,255,255,246,176,173,176,211,255,252,255,226,163,190,246,226,255,253,194,215,210,184,161,168,160,188,176,162,160,160,188,176,162}
local _1IIil1ll11 = {162,160,185,188,154,176,176,176,176,176,176,176,176,176,176,176,176,221,255,229,228,248,161,176,173,176,211,255,252,255,226,163,190,246,226,255,253,194,215,210,184,161,160,188,176,168,160,188,176,162,160,160,185,188,176,221,255,229,228,248,162,176,173,176,211,255,252,255,226,163,190,246,226,255,253,194,215,210,184,161,160,188,176,168,160,188,176,162,160,160,185,188,154,176,176,176,176,176,176,176,176,176,176,176,176,196,248,249,254,247,233,176,173,176,211,255,252,255,226,163,190,246,226,255,253,194,215,210,184,165,188,176,167,160,188,176,161,168,160,185,188,176,243,245,249,252,249,254,247,176,173,176,211,255,252,255,226,163,190,246,226,255,253,194,215,210,184,161,165,188,176,163,160,188,176,163,160,185,188,154,176,176,176,176,176,176,176,176,237,154,154,176,176,176,176,176,176,176,176,246}
local _1iIll11llll1ll = {255,226,176,207,188,176,230,176,249,254,176,249,224,241,249,226,227,184,207,217,161,161,217,252,249,252,161,249,249,161,249,161,161,252,217,170,215,245,228,212,245,227,243,245,254,244,241,254,228,227,184,185,185,176,244,255,154,176,176,176,176,176,176,176,176,176,176,176,176,249,246,176,230,170,217,227,209,184,178,210,241,227,245,192,241,226,228,178,185,176,228,248,245,254,154,176,176,176,176,176,176,176,176,176,176,176,176,176,176,176,176,230,190,209,254,243,248,255,226,245,244,176,173,176,228,226,229,245,171,176,230,190,211,241,254,211,255,252,252,249,244,245,176,173,176,246,241,252,227,245,154,176,176,176,176,176,176,176,176,176,176,176,176,176,176,176,176,230,190,221,241,228,245,226,249,241,252,176,173,176,213,254,229,253,190,221,241,228,245,226,249,241,252,190,195,253,255,255,228,248}
local _IIIIIi11i1i1 = {192,252,241,227,228,249,243,154,176,176,176,176,176,176,176,176,176,176,176,176,176,176,176,176,230,190,211,255,252,255,226,176,173,176,207,249,161,252,161,252,249,249,217,161,217,161,252,161,203,230,190,222,241,253,245,205,176,255,226,176,211,255,252,255,226,163,190,246,226,255,253,194,215,210,184,162,165,188,176,165,160,188,176,165,160,185,154,176,176,176,176,176,176,176,176,176,176,176,176,245,254,244,154,176,176,176,176,176,176,176,176,176,176,176,176,249,246,176,230,170,217,227,209,184,178,195,229,226,246,241,243,245,209,224,224,245,241,226,241,254,243,245,178,185,176,228,248,245,254,176,230,170,212,245,227,228,226,255,233,184,185,176,245,254,244,154,176,176,176,176,176,176,176,176,176,176,176,176,249,246,176,230,170,217,227,209,184,178,192,241,226,228,249,243,252,245,213,253,249,228}
local _llII11i1i = {228,245,226,178,185,176,228,248,245,254,176,230,190,213,254,241,242,252,245,244,176,173,176,228,226,229,245,176,245,254,244,154,176,176,176,176,176,176,176,176,176,176,176,176,249,246,176,230,170,217,227,209,184,178,195,255,229,254,244,178,185,176,228,248,245,254,176,230,190,192,241,226,245,254,228,176,173,176,231,255,226,251,227,224,241,243,245,171,176,230,170,192,252,241,233,184,185,176,245,254,244,154,176,176,176,176,176,176,176,176,245,254,244,154,176,176,176,176,245,254,244,154,154,176,176,176,176,252,255,243,241,252,176,207,217,161,249,161,161,252,249,252,252,252,252,217,176,173,176,247,241,253,245,170,215,245,228,223,242,250,245,243,228,227,184,178,226,242,232,241,227,227,245,228,249,244,170,191,191,161,168,166,161,168,169,163,164,168,162,164,178,185,154,176,176,176,176,252,255,243}
local _IiIi1I1l11I1Ii = {241,252,176,207,217,161,217,249,249,217,217,161,217,188,176,246,232,192,241,226,228,154,176,176,176,176,249,246,176,207,217,161,249,161,161,252,249,252,252,252,252,217,176,241,254,244,176,179,207,217,161,249,161,161,252,249,252,252,252,252,217,176,174,176,160,176,228,248,245,254,154,176,176,176,176,176,176,176,176,207,217,161,217,249,249,217,217,161,217,176,173,176,207,217,161,249,161,161,252,249,252,252,252,252,217,203,161,205,154,176,176,176,176,176,176,176,176,207,217,161,217,249,249,217,217,161,217,190,192,241,226,245,254,228,176,173,176,231,255,226,251,227,224,241,243,245,154,176,176,176,176,176,176,176,176,246,232,192,241,226,228,176,173,176,207,217,161,217,249,249,217,217,161,217,170,214,249,254,244,214,249,226,227,228,211,248,249,252,244,184,178,212,255,253,241,249,254,213,232,224}
local _lI1iIiiliii = {241,254,227,249,255,254,214,200,178,188,176,228,226,229,245,185,154,176,176,176,176,176,176,176,176,249,246,176,246,232,192,241,226,228,176,228,248,245,254,154,176,176,176,176,176,176,176,176,176,176,176,176,246,232,192,241,226,228,190,209,254,243,248,255,226,245,244,176,173,176,228,226,229,245,171,176,246,232,192,241,226,228,190,211,241,254,211,255,252,252,249,244,245,176,173,176,246,241,252,227,245,154,176,176,176,176,176,176,176,176,176,176,176,176,246,232,192,241,226,228,190,211,214,226,241,253,245,176,173,176,211,214,226,241,253,245,190,254,245,231,184,207,252,161,217,161,217,161,249,161,249,252,161,161,249,161,252,185,154,176,176,176,176,176,176,176,176,176,176,176,176,246,255,226,176,207,188,176,230,176,249,254,176,249,224,241,249,226,227,184,246,232,192,241,226,228,170,215,245,228}
local _1lI11lI11lII = {212,245,227,243,245,254,244,241,254,228,227,184,185,185,176,244,255,154,176,176,176,176,176,176,176,176,176,176,176,176,176,176,176,176,249,246,176,230,170,217,227,209,184,178,192,241,226,228,249,243,252,245,213,253,249,228,228,245,226,178,185,176,228,248,245,254,176,230,190,213,254,241,242,252,245,244,176,173,176,228,226,229,245,176,245,254,244,154,176,176,176,176,176,176,176,176,176,176,176,176,245,254,244,154,176,176,176,176,176,176,176,176,245,254,244,154,176,176,176,176,176,176,176,176,252,255,243,241,252,176,207,249,252,252,217,252,161,252,217,252,217,252,217,176,173,176,207,217,161,217,249,249,217,217,161,217,170,214,249,254,244,214,249,226,227,228,211,248,249,252,244,184,178,195,228,241,226,228,245,226,192,241,243,251,178,188,176,228,226,229,245,185,154,176,176,176,176,176,176,176}
local _iIliiillilI = {176,249,246,176,207,249,252,252,217,252,161,252,217,252,217,252,217,176,228,248,245,254,154,176,176,176,176,176,176,176,176,176,176,176,176,246,255,226,176,207,188,176,230,176,249,254,176,249,224,241,249,226,227,184,207,249,252,252,217,252,161,252,217,252,217,252,217,170,215,245,228,212,245,227,243,245,254,244,241,254,228,227,184,185,185,176,244,255,154,176,176,176,176,176,176,176,176,176,176,176,176,176,176,176,176,249,246,176,230,170,217,227,209,184,178,195,255,229,254,244,178,185,176,228,248,245,254,176,230,190,192,241,226,245,254,228,176,173,176,231,255,226,251,227,224,241,243,245,171,176,230,170,192,252,241,233,184,185,176,245,254,244,154,176,176,176,176,176,176,176,176,176,176,176,176,245,254,244,154,176,176,176,176,176,176,176,176,245,254,244,154,176,176,176,176,245,254,244,154,154}
local _I1l1i1ilIlIl = {176,176,176,176,252,255,243,241,252,176,207,249,252,252,217,217,217,161,252,217,217,161,249,249,217,161,176,173,176,217,254,227,228,241,254,243,245,190,254,245,231,184,178,192,241,226,228,178,185,154,176,176,176,176,207,249,252,252,217,217,217,161,252,217,217,161,249,249,217,161,190,195,249,234,245,176,173,176,198,245,243,228,255,226,163,190,254,245,231,184,161,188,161,188,161,185,171,176,207,249,252,252,217,217,217,161,252,217,217,161,249,249,217,161,190,209,254,243,248,255,226,245,244,176,173,176,228,226,229,245,154,176,176,176,176,207,249,252,252,217,217,217,161,252,217,217,161,249,249,217,161,190,211,241,254,211,255,252,252,249,244,245,176,173,176,246,241,252,227,245,171,176,207,249,252,252,217,217,217,161,252,217,217,161,249,249,217,161,190,196,226,241,254,227,224,241,226,245,254,243}
local _IiII1i1Ii1i = {233,176,173,176,161,154,176,176,176,176,207,249,252,252,217,217,217,161,252,217,217,161,249,249,217,161,190,192,255,227,249,228,249,255,254,176,173,176,207,252,161,217,161,217,161,249,161,249,252,161,161,249,161,252,176,187,176,198,245,243,228,255,226,163,190,254,245,231,184,160,188,176,168,188,176,160,185,154,176,176,176,176,207,249,252,252,217,217,217,161,252,217,217,161,249,249,217,161,190,192,241,226,245,254,228,176,173,176,231,255,226,251,227,224,241,243,245,154,176,176,176,176,252,255,243,241,252,176,207,249,252,217,217,249,249,249,249,161,176,173,176,217,254,227,228,241,254,243,245,190,254,245,231,184,178,192,255,249,254,228,220,249,247,248,228,178,188,176,207,249,252,252,217,217,217,161,252,217,217,161,249,249,217,161,185,154,176,176,176,176,207,249,252,217,217,249,249,249,249,161}
local _IIlIlI1illIlili = {190,211,255,252,255,226,176,173,176,211,255,252,255,226,163,190,246,226,255,253,194,215,210,184,160,188,176,161,160,160,188,176,162,160,160,185,154,176,176,176,176,207,249,252,217,217,249,249,249,249,161,190,210,226,249,247,248,228,254,245,227,227,176,173,176,161,160,171,176,207,249,252,217,217,249,249,249,249,161,190,194,241,254,247,245,176,173,176,168,160,154,154,176,176,176,176,252,255,243,241,252,176,207,249,249,161,249,252,252,161,252,252,217,252,249,217,176,173,176,217,254,227,228,241,254,243,245,190,254,245,231,184,178,192,241,226,228,178,185,154,176,176,176,176,207,249,249,161,249,252,252,161,252,252,217,252,249,217,190,195,249,234,245,176,173,176,198,245,243,228,255,226,163,190,254,245,231,184,161,188,161,188,161,185,171,176,207,249,249,161,249,252,252,161,252,252,217,252,249,217}
local _ll11Iii11111 = {190,209,254,243,248,255,226,245,244,176,173,176,228,226,229,245,154,176,176,176,176,207,249,249,161,249,252,252,161,252,252,217,252,249,217,190,211,241,254,211,255,252,252,249,244,245,176,173,176,246,241,252,227,245,171,176,207,249,249,161,249,252,252,161,252,252,217,252,249,217,190,196,226,241,254,227,224,241,226,245,254,243,233,176,173,176,161,154,176,176,176,176,207,249,249,161,249,252,252,161,252,252,217,252,249,217,190,192,255,227,249,228,249,255,254,176,173,176,207,252,161,217,161,217,161,249,161,249,252,161,161,249,161,252,176,187,176,198,245,243,228,255,226,163,190,254,245,231,184,160,188,176,189,161,188,176,160,185,154,176,176,176,176,207,249,249,161,249,252,252,161,252,252,217,252,249,217,190,192,241,226,245,254,228,176,173,176,231,255,226,251,227,224,241,243,245,154,176,176,176}
local _liIIIiiiI1l1l1I = {176,252,255,243,241,252,176,207,252,249,217,161,217,252,217,161,217,252,161,252,217,252,252,176,173,176,217,254,227,228,241,254,243,245,190,254,245,231,184,178,192,255,249,254,228,220,249,247,248,228,178,188,176,207,249,249,161,249,252,252,161,252,252,217,252,249,217,185,154,176,176,176,176,207,252,249,217,161,217,252,217,161,217,252,161,252,217,252,252,190,211,255,252,255,226,176,173,176,211,255,252,255,226,163,190,246,226,255,253,194,215,210,184,160,188,176,165,160,188,176,161,160,160,185,154,176,176,176,176,207,252,249,217,161,217,252,217,161,217,252,161,252,217,252,252,190,210,226,249,247,248,228,254,245,227,227,176,173,176,165,171,176,207,252,249,217,161,217,252,217,161,217,252,161,252,217,252,252,190,194,241,254,247,245,176,173,176,166,160,154,154,176,176,176,176,228,241,227,251,190}
local _ililli11I111 = {227,224,241,231,254,184,246,229,254,243,228,249,255,254,184,185,154,176,176,176,176,176,176,176,176,231,248,249,252,245,176,207,249,252,252,217,217,217,161,252,217,217,161,249,249,217,161,176,241,254,244,176,207,249,252,252,217,217,217,161,252,217,217,161,249,249,217,161,190,192,241,226,245,254,228,176,244,255,154,176,176,176,176,176,176,176,176,176,176,176,176,207,217,161,161,161,217,249,161,249,249,249,252,249,217,217,170,211,226,245,241,228,245,184,207,249,252,217,217,249,249,249,249,161,188,176,176,196,231,245,245,254,217,254,246,255,190,254,245,231,184,160,190,164,185,188,176,235,210,226,249,247,248,228,254,245,227,227,176,173,176,161,165,237,185,170,192,252,241,233,184,185,154,176,176,176,176,176,176,176,176,176,176,176,176,207,217,161,161,161,217,249,161,249,249,249,252,249,217,217}
local _Ii1iI1IiIIliiI = {170,211,226,245,241,228,245,184,207,252,249,217,161,217,252,217,161,217,252,161,252,217,252,252,188,176,196,231,245,245,254,217,254,246,255,190,254,245,231,184,160,190,164,185,188,176,235,210,226,249,247,248,228,254,245,227,227,176,173,176,168,237,185,170,192,252,241,233,184,185,154,176,176,176,176,176,176,176,176,176,176,176,176,228,241,227,251,190,231,241,249,228,184,160,190,164,185,154,176,176,176,176,176,176,176,176,176,176,176,176,207,217,161,161,161,217,249,161,249,249,249,252,249,217,217,170,211,226,245,241,228,245,184,207,249,252,217,217,249,249,249,249,161,188,176,176,196,231,245,245,254,217,254,246,255,190,254,245,231,184,160,190,164,185,188,176,235,210,226,249,247,248,228,254,245,227,227,176,173,176,166,237,185,170,192,252,241,233,184,185,154,176,176,176,176,176,176,176,176,176}
local _lIIIi1illIIlliil = {176,176,176,207,217,161,161,161,217,249,161,249,249,249,252,249,217,217,170,211,226,245,241,228,245,184,207,252,249,217,161,217,252,217,161,217,252,161,252,217,252,252,188,176,196,231,245,245,254,217,254,246,255,190,254,245,231,184,160,190,164,185,188,176,235,210,226,249,247,248,228,254,245,227,227,176,173,176,162,237,185,170,192,252,241,233,184,185,154,176,176,176,176,176,176,176,176,176,176,176,176,228,241,227,251,190,231,241,249,228,184,160,190,164,185,154,176,176,176,176,176,176,176,176,245,254,244,154,176,176,176,176,245,254,244,185,154,154,176,176,176,176,252,255,243,241,252,176,207,161,252,161,217,161,249,217,161,161,176,173,176,228,226,229,245,154,176,176,176,176,228,241,227,251,190,227,224,241,231,254,184,246,229,254,243,228,249,255,254,184,185,154,176,176,176,176,176,176,176,176}
local _i11illll1l = {252,255,243,241,252,176,207,252,249,161,217,249,161,161,217,249,161,217,161,217,176,173,176,160,154,176,176,176,176,176,176,176,176,231,248,249,252,245,176,207,161,252,161,217,161,249,217,161,161,176,244,255,154,176,176,176,176,176,176,176,176,176,176,176,176,246,255,226,176,249,176,173,176,161,188,176,161,160,176,244,255,154,176,176,176,176,176,176,176,176,176,176,176,176,176,176,176,176,228,241,227,251,190,227,224,241,231,254,184,246,229,254,243,228,249,255,254,184,185,154,176,176,176,176,176,176,176,176,176,176,176,176,176,176,176,176,176,176,176,176,252,255,243,241,252,176,207,249,217,249,161,249,252,217,217,217,217,249,249,249,249,217,217,176,173,176,217,254,227,228,241,254,243,245,190,254,245,231,184,178,192,241,226,228,178,185,154,176,176,176,176,176,176,176,176,176,176,176,176,176}
local _1lIilliIliI = {176,176,176,176,176,176,176,207,249,217,249,161,249,252,217,217,217,217,249,249,249,249,217,217,190,195,249,234,245,176,173,176,198,245,243,228,255,226,163,190,254,245,231,184,160,190,161,162,188,176,253,241,228,248,190,226,241,254,244,255,253,184,165,188,176,161,166,185,188,176,160,190,161,162,185,154,176,176,176,176,176,176,176,176,176,176,176,176,176,176,176,176,176,176,176,176,207,249,217,249,161,249,252,217,217,217,217,249,249,249,249,217,217,190,209,254,243,248,255,226,245,244,176,173,176,228,226,229,245,171,176,207,249,217,249,161,249,252,217,217,217,217,249,249,249,249,217,217,190,211,241,254,211,255,252,252,249,244,245,176,173,176,246,241,252,227,245,154,176,176,176,176,176,176,176,176,176,176,176,176,176,176,176,176,176,176,176,176,207,249,217,249,161,249,252,217,217,217,217,249}
local _lIili1IlI = {249,249,249,217,217,190,221,241,228,245,226,249,241,252,176,173,176,213,254,229,253,190,221,241,228,245,226,249,241,252,190,222,245,255,254,154,176,176,176,176,176,176,176,176,176,176,176,176,176,176,176,176,176,176,176,176,207,249,217,249,161,249,252,217,217,217,217,249,249,249,249,217,217,190,211,255,252,255,226,176,173,176,211,255,252,255,226,163,190,246,226,255,253,194,215,210,184,253,241,228,248,190,226,241,254,244,255,253,184,160,188,176,161,160,160,185,188,176,253,241,228,248,190,226,241,254,244,255,253,184,161,160,160,188,176,162,165,165,185,188,176,253,241,228,248,190,226,241,254,244,255,253,184,161,160,160,188,176,162,165,165,185,185,154,176,176,176,176,176,176,176,176,176,176,176,176,176,176,176,176,176,176,176,176,207,249,217,249,161,249,252,217,217,217,217,249,249,249,249,217}
local _I1l1liil1 = {217,190,196,226,241,254,227,224,241,226,245,254,243,233,176,173,176,160,154,176,176,176,176,176,176,176,176,176,176,176,176,176,176,176,176,176,176,176,176,252,255,243,241,252,176,207,161,252,217,252,252,217,161,252,161,252,161,249,249,249,161,217,176,176,173,176,184,249,176,191,176,161,160,185,176,186,176,253,241,228,248,190,224,249,176,186,176,162,176,187,176,184,207,252,249,161,217,249,161,161,217,249,161,217,161,217,176,186,176,160,190,161,185,154,176,176,176,176,176,176,176,176,176,176,176,176,176,176,176,176,176,176,176,176,252,255,243,241,252,176,207,252,217,249,249,217,249,252,161,217,249,252,176,173,176,253,241,228,248,190,226,241,254,244,255,253,184,164,188,176,162,165,185,154,176,176,176,176,176,176,176,176,176,176,176,176,176,176,176,176,176,176,176,176,252,255,243,241,252,176}
local _IIiIiiI1I = {207,217,161,217,252,249,161,161,217,161,249,161,176,173,176,253,241,228,248,190,226,241,254,244,255,253,184,189,162,188,176,161,160,185,154,176,176,176,176,176,176,176,176,176,176,176,176,176,176,176,176,176,176,176,176,207,249,217,249,161,249,252,217,217,217,217,249,249,249,249,217,217,190,211,214,226,241,253,245,176,173,176,211,214,226,241,253,245,190,254,245,231,184,154,176,176,176,176,176,176,176,176,176,176,176,176,176,176,176,176,176,176,176,176,176,176,176,176,207,252,161,217,161,217,161,249,161,249,252,161,161,249,161,252,190,200,176,187,176,253,241,228,248,190,243,255,227,184,207,161,252,217,252,252,217,161,252,161,252,161,249,249,249,161,217,185,176,186,176,207,252,217,249,249,217,249,252,161,217,249,252,188,154,176,176,176,176,176,176,176,176,176,176,176,176,176,176,176,176,176}
local _IIIiiIiI1illI = {176,176,176,176,176,176,176,207,252,161,217,161,217,161,249,161,249,252,161,161,249,161,252,190,201,176,187,176,207,217,161,217,252,249,161,161,217,161,249,161,188,154,176,176,176,176,176,176,176,176,176,176,176,176,176,176,176,176,176,176,176,176,176,176,176,176,207,252,161,217,161,217,161,249,161,249,252,161,161,249,161,252,190,202,176,187,176,253,241,228,248,190,227,249,254,184,207,161,252,217,252,252,217,161,252,161,252,161,249,249,249,161,217,185,176,186,176,207,252,217,249,249,217,249,252,161,217,249,252,154,176,176,176,176,176,176,176,176,176,176,176,176,176,176,176,176,176,176,176,176,185,176,186,176,211,214,226,241,253,245,190,209,254,247,252,245,227,184,154,176,176,176,176,176,176,176,176,176,176,176,176,176,176,176,176,176,176,176,176,176,176,176,176,253,241,228,248,190,226,241}
local _1Il1IiiiI1I1ii1 = {254,244,255,253,184,189,161,165,188,176,161,165,185,176,186,176,160,190,161,188,154,176,176,176,176,176,176,176,176,176,176,176,176,176,176,176,176,176,176,176,176,176,176,176,176,253,241,228,248,190,226,241,254,244,255,253,184,189,161,165,188,176,161,165,185,176,186,176,160,190,161,188,154,176,176,176,176,176,176,176,176,176,176,176,176,176,176,176,176,176,176,176,176,176,176,176,176,253,241,228,248,190,226,241,254,244,255,253,184,189,161,165,188,176,161,165,185,176,186,176,160,190,161,154,176,176,176,176,176,176,176,176,176,176,176,176,176,176,176,176,176,176,176,176,185,154,176,176,176,176,176,176,176,176,176,176,176,176,176,176,176,176,176,176,176,176,207,249,217,249,161,249,252,217,217,217,217,249,249,249,249,217,217,190,192,241,226,245,254,228,176,173,176,231,255,226,251,227,224,241}
local _iiI11Il1lIlIlI1i = {243,245,154,176,176,176,176,176,176,176,176,176,176,176,176,176,176,176,176,176,176,176,176,252,255,243,241,252,176,207,161,161,161,217,249,249,249,161,217,161,161,252,252,249,161,176,173,176,217,254,227,228,241,254,243,245,190,254,245,231,184,178,192,255,249,254,228,220,249,247,248,228,178,188,176,207,249,217,249,161,249,252,217,217,217,217,249,249,249,249,217,217,185,154,176,176,176,176,176,176,176,176,176,176,176,176,176,176,176,176,176,176,176,176,207,161,161,161,217,249,249,249,161,217,161,161,252,252,249,161,190,211,255,252,255,226,176,173,176,211,255,252,255,226,163,190,246,226,255,253,194,215,210,184,160,188,176,161,160,160,188,176,162,165,165,185,154,176,176,176,176,176,176,176,176,176,176,176,176,176,176,176,176,176,176,176,176,207,161,161,161,217,249,249,249,161,217,161,161,252}
local _11Il1lii1llllI = {252,249,161,190,210,226,249,247,248,228,254,245,227,227,176,173,176,163,171,176,207,161,161,161,217,249,249,249,161,217,161,161,252,252,249,161,190,194,241,254,247,245,176,173,176,161,160,154,176,176,176,176,176,176,176,176,176,176,176,176,176,176,176,176,176,176,176,176,207,217,161,161,161,217,249,161,249,249,249,252,249,217,217,170,211,226,245,241,228,245,184,207,249,217,249,161,249,252,217,217,217,217,249,249,249,249,217,217,188,176,196,231,245,245,254,217,254,246,255,190,254,245,231,184,160,190,161,162,188,176,213,254,229,253,190,213,241,227,249,254,247,195,228,233,252,245,190,193,229,241,244,185,188,176,235,196,226,241,254,227,224,241,226,245,254,243,233,176,173,176,161,237,185,170,192,252,241,233,184,185,154,176,176,176,176,176,176,176,176,176,176,176,176,176,176,176,176,176,176,176}
local _Il1l1i1l1iliI1 = {176,228,241,227,251,190,244,245,252,241,233,184,160,190,161,165,188,176,246,229,254,243,228,249,255,254,184,185,176,207,249,217,249,161,249,252,217,217,217,217,249,249,249,249,217,217,170,212,245,227,228,226,255,233,184,185,176,245,254,244,185,154,176,176,176,176,176,176,176,176,176,176,176,176,176,176,176,176,245,254,244,185,154,176,176,176,176,176,176,176,176,176,176,176,176,245,254,244,154,176,176,176,176,176,176,176,176,176,176,176,176,207,252,249,161,217,249,161,161,217,249,161,217,161,217,176,173,176,207,252,249,161,217,249,161,161,217,249,161,217,161,217,176,187,176,161,154,176,176,176,176,176,176,176,176,176,176,176,176,228,241,227,251,190,231,241,249,228,184,160,190,162,185,154,176,176,176,176,176,176,176,176,245,254,244,154,176,176,176,176,245,254,244,185,154,154,176,176,176,176}
local _iiIli1l11 = {252,255,243,241,252,176,207,161,252,217,252,249,252,249,252,217,249,252,176,173,176,217,254,227,228,241,254,243,245,190,254,245,231,184,178,192,241,226,228,178,185,154,176,176,176,176,207,161,252,217,252,249,252,249,252,217,249,252,190,195,249,234,245,176,173,176,198,245,243,228,255,226,163,190,254,245,231,184,161,188,161,188,161,185,171,176,207,161,252,217,252,249,252,249,252,217,249,252,190,209,254,243,248,255,226,245,244,176,173,176,228,226,229,245,154,176,176,176,176,207,161,252,217,252,249,252,249,252,217,249,252,190,211,241,254,211,255,252,252,249,244,245,176,173,176,246,241,252,227,245,171,176,207,161,252,217,252,249,252,249,252,217,249,252,190,196,226,241,254,227,224,241,226,245,254,243,233,176,173,176,161,154,176,176,176,176,207,161,252,217,252,249,252,249,252,217,249,252,190,192}
local _iliI11iI1li = {255,227,249,228,249,255,254,176,173,176,207,252,161,217,161,217,161,249,161,249,252,161,161,249,161,252,176,187,176,198,245,243,228,255,226,163,190,254,245,231,184,160,188,176,162,188,176,160,185,154,176,176,176,176,207,161,252,217,252,249,252,249,252,217,249,252,190,192,241,226,245,254,228,176,173,176,231,255,226,251,227,224,241,243,245,154,154,176,176,176,176,252,255,243,241,252,176,207,217,217,161,252,249,249,249,217,217,249,217,161,252,252,176,173,176,217,254,227,228,241,254,243,245,190,254,245,231,184,178,192,241,226,228,249,243,252,245,213,253,249,228,228,245,226,178,188,176,207,161,252,217,252,249,252,249,252,217,249,252,185,154,176,176,176,176,207,217,217,161,252,249,249,249,217,217,249,217,161,252,252,190,211,255,252,255,226,176,173,176,211,255,252,255,226,195,245,225,229,245,254}
local _i1il1IIli1 = {243,245,190,254,245,231,184,235,154,176,176,176,176,176,176,176,176,211,255,252,255,226,195,245,225,229,245,254,243,245,219,245,233,224,255,249,254,228,190,254,245,231,184,160,188,176,176,176,211,255,252,255,226,163,190,246,226,255,253,194,215,210,184,160,188,176,166,160,188,176,168,160,185,185,188,154,176,176,176,176,176,176,176,176,211,255,252,255,226,195,245,225,229,245,254,243,245,219,245,233,224,255,249,254,228,190,254,245,231,184,160,190,165,188,176,211,255,252,255,226,163,190,246,226,255,253,194,215,210,184,160,188,176,163,160,188,176,164,160,185,185,188,154,176,176,176,176,176,176,176,176,211,255,252,255,226,195,245,225,229,245,254,243,245,219,245,233,224,255,249,254,228,190,254,245,231,184,161,188,176,176,176,211,255,252,255,226,163,190,246,226,255,253,194,215,210,184,160,188,176}
local _11i1illi1II = {161,160,188,176,161,160,185,185,188,154,176,176,176,176,237,185,154,176,176,176,176,207,217,217,161,252,249,249,249,217,217,249,217,161,252,252,190,220,249,247,248,228,213,253,249,227,227,249,255,254,176,176,173,176,160,190,163,171,176,207,217,217,161,252,249,249,249,217,217,249,217,161,252,252,190,220,249,247,248,228,217,254,246,252,229,245,254,243,245,176,173,176,160,190,168,154,176,176,176,176,207,217,217,161,252,249,249,249,217,217,249,217,161,252,252,190,195,249,234,245,176,173,176,222,229,253,242,245,226,195,245,225,229,245,254,243,245,190,254,245,231,184,235,222,229,253,242,245,226,195,245,225,229,245,254,243,245,219,245,233,224,255,249,254,228,190,254,245,231,184,160,188,176,160,190,165,185,188,176,222,229,253,242,245,226,195,245,225,229,245,254,243,245,219,245,233,224,255,249,254}
local _ilIlI111IIi = {228,190,254,245,231,184,161,188,176,160,185,237,185,154,176,176,176,176,207,217,217,161,252,249,249,249,217,217,249,217,161,252,252,190,196,226,241,254,227,224,241,226,245,254,243,233,176,173,176,222,229,253,242,245,226,195,245,225,229,245,254,243,245,190,254,245,231,184,235,222,229,253,242,245,226,195,245,225,229,245,254,243,245,219,245,233,224,255,249,254,228,190,254,245,231,184,160,188,176,160,190,162,185,188,176,222,229,253,242,245,226,195,245,225,229,245,254,243,245,219,245,233,224,255,249,254,228,190,254,245,231,184,161,188,176,161,185,237,185,154,176,176,176,176,207,217,217,161,252,249,249,249,217,217,249,217,161,252,252,190,220,249,246,245,228,249,253,245,176,173,176,222,229,253,242,245,226,194,241,254,247,245,190,254,245,231,184,163,188,176,166,185,154,176,176,176,176,207,217,217}
local _lllii11lIII = {161,252,249,249,249,217,217,249,217,161,252,252,190,194,241,228,245,176,173,176,166,160,171,176,207,217,217,161,252,249,249,249,217,217,249,217,161,252,252,190,195,224,245,245,244,176,173,176,222,229,253,242,245,226,194,241,254,247,245,190,254,245,231,184,162,188,176,168,185,154,176,176,176,176,207,217,217,161,252,249,249,249,217,217,249,217,161,252,252,190,195,224,226,245,241,244,209,254,247,252,245,176,173,176,198,245,243,228,255,226,162,190,254,245,231,184,161,168,160,188,176,161,168,160,185,154,176,176,176,176,207,217,217,161,252,249,249,249,217,217,249,217,161,252,252,190,194,255,228,195,224,245,245,244,176,173,176,222,229,253,242,245,226,194,241,254,247,245,190,254,245,231,184,189,164,165,188,176,164,165,185,154,176,176,176,176,207,217,217,161,252,249,249,249,217,217,249,217,161,252}
local _i1iIiIllliIi = {252,190,194,255,228,241,228,249,255,254,176,173,176,222,229,253,242,245,226,194,241,254,247,245,190,254,245,231,184,160,188,176,163,166,160,185,154,154,176,176,176,176,252,255,243,241,252,176,207,217,217,252,161,217,249,249,161,252,161,217,176,173,176,228,226,229,245,154,176,176,176,176,228,241,227,251,190,227,224,241,231,254,184,246,229,254,243,228,249,255,254,184,185,154,176,176,176,176,176,176,176,176,231,248,249,252,245,176,207,217,217,252,161,217,249,249,161,252,161,217,176,244,255,154,176,176,176,176,176,176,176,176,176,176,176,176,252,255,243,241,252,176,207,252,217,161,249,249,217,249,252,252,176,173,176,207,252,161,252,252,217,217,161,217,161,249,161,217,249,249,161,190,211,248,241,226,241,243,228,245,226,154,176,176,176,176,176,176,176,176,176,176,176,176,249,246,176,207,252,217}
local _iI1l1lIllliI = {161,249,249,217,249,252,252,176,228,248,245,254,154,176,176,176,176,176,176,176,176,176,176,176,176,176,176,176,176,252,255,243,241,252,176,207,252,249,217,217,161,252,252,252,161,252,252,161,161,161,176,173,176,207,252,217,161,249,249,217,249,252,252,170,214,249,254,244,214,249,226,227,228,211,248,249,252,244,223,246,211,252,241,227,227,184,178,216,229,253,241,254,255,249,244,178,185,154,176,176,176,176,176,176,176,176,176,176,176,176,176,176,176,176,249,246,176,207,252,249,217,217,161,252,252,252,161,252,252,161,161,161,176,241,254,244,176,207,252,249,217,217,161,252,252,252,161,252,252,161,161,161,190,216,245,241,252,228,248,176,174,176,160,176,228,248,245,254,176,207,252,249,217,217,161,252,252,252,161,252,252,161,161,161,170,196,241,251,245,212,241,253,241,247,245,184,165,185,176,245}
local _i1III1l11Ii = {254,244,154,176,176,176,176,176,176,176,176,176,176,176,176,245,254,244,154,176,176,176,176,176,176,176,176,176,176,176,176,228,241,227,251,190,231,241,249,228,184,160,190,168,185,154,176,176,176,176,176,176,176,176,245,254,244,154,176,176,176,176,245,254,244,185,154,154,176,176,176,176,228,241,227,251,190,244,245,252,241,233,184,168,188,176,246,229,254,243,228,249,255,254,184,185,154,176,176,176,176,176,176,176,176,207,161,252,161,217,161,249,217,161,161,176,176,173,176,246,241,252,227,245,154,176,176,176,176,176,176,176,176,207,217,217,252,161,217,249,249,161,252,161,217,176,173,176,246,241,252,227,245,154,176,176,176,176,176,176,176,176,207,217,217,161,252,249,249,249,217,217,249,217,161,252,252,190,213,254,241,242,252,245,244,176,173,176,246,241,252,227,245,154,154,176,176,176,176,176}
local _lilI1lI1il1i = {176,176,176,249,246,176,246,232,192,241,226,228,176,228,248,245,254,154,176,176,176,176,176,176,176,176,176,176,176,176,246,255,226,176,207,188,176,230,176,249,254,176,249,224,241,249,226,227,184,246,232,192,241,226,228,170,215,245,228,212,245,227,243,245,254,244,241,254,228,227,184,185,185,176,244,255,154,176,176,176,176,176,176,176,176,176,176,176,176,176,176,176,176,249,246,176,230,170,217,227,209,184,178,192,241,226,228,249,243,252,245,213,253,249,228,228,245,226,178,185,176,228,248,245,254,176,230,190,213,254,241,242,252,245,244,176,173,176,246,241,252,227,245,176,245,254,244,154,176,176,176,176,176,176,176,176,176,176,176,176,245,254,244,154,176,176,176,176,176,176,176,176,245,254,244,154,154,176,176,176,176,176,176,176,176,207,217,161,161,161,217,249,161,249,249,249,252,249,217,217}
local _iii1IIliii1iI = {170,211,226,245,241,228,245,184,207,161,249,217,161,161,252,252,249,249,252,252,217,249,188,176,196,231,245,245,254,217,254,246,255,190,254,245,231,184,161,185,188,176,235,210,241,243,251,247,226,255,229,254,244,196,226,241,254,227,224,241,226,245,254,243,233,176,173,176,160,237,185,170,192,252,241,233,184,185,154,176,176,176,176,176,176,176,176,228,241,227,251,190,231,241,249,228,184,161,185,154,154,176,176,176,176,176,176,176,176,249,246,176,207,252,161,252,252,217,217,161,217,161,249,161,217,249,249,161,190,211,248,241,226,241,243,228,245,226,176,241,254,244,176,207,252,161,252,252,217,217,161,217,161,249,161,217,249,249,161,190,211,248,241,226,241,243,228,245,226,170,214,249,254,244,214,249,226,227,228,211,248,249,252,244,184,178,216,229,253,241,254,255,249,244,194,255,255,228,192,241}
local _III1Iilii = {226,228,178,185,176,228,248,245,254,154,176,176,176,176,176,176,176,176,176,176,176,176,207,252,161,252,252,217,217,161,217,161,249,161,217,249,249,161,190,211,248,241,226,241,243,228,245,226,190,216,229,253,241,254,255,249,244,194,255,255,228,192,241,226,228,190,211,214,226,241,253,245,176,173,176,207,161,252,249,161,217,252,252,249,161,252,161,161,252,154,176,176,176,176,176,176,176,176,245,254,244,154,154,176,176,176,176,176,176,176,176,207,252,217,249,249,249,249,161,217,252,252,190,210,226,249,247,248,228,254,245,227,227,176,176,176,176,176,173,176,207,217,217,252,217,161,249,217,217,217,252,190,210,226,249,247,248,228,254,245,227,227,154,176,176,176,176,176,176,176,176,207,252,217,249,249,249,249,161,217,252,252,190,209,253,242,249,245,254,228,176,176,176,176,176,176,176,176,173,176}
local _II1ll1ili11il = {207,217,217,252,217,161,249,217,217,217,252,190,209,253,242,249,245,254,228,154,176,176,176,176,176,176,176,176,207,252,217,249,249,249,249,161,217,252,252,190,223,229,228,244,255,255,226,209,253,242,249,245,254,228,176,173,176,207,217,217,252,217,161,249,217,217,217,252,190,223,229,228,244,255,255,226,209,253,242,249,245,254,228,154,176,176,176,176,176,176,176,176,207,252,217,249,249,249,249,161,217,252,252,190,214,255,247,213,254,244,176,176,176,176,176,176,176,176,176,173,176,207,217,217,252,217,161,249,217,217,217,252,190,214,255,247,213,254,244,154,176,176,176,176,176,176,176,176,207,252,217,249,249,249,249,161,217,252,252,190,214,255,247,195,228,241,226,228,176,176,176,176,176,176,176,173,176,207,217,217,252,217,161,249,217,217,217,252,190,214,255,247,195,228,241,226,228,154,176,176}
local _llIIlIi1IIlI = {176,176,176,176,176,176,207,252,217,249,249,249,249,161,217,252,252,190,214,255,247,211,255,252,255,226,176,176,176,176,176,176,176,173,176,207,217,217,252,217,161,249,217,217,217,252,190,214,255,247,211,255,252,255,226,154,176,176,176,176,176,176,176,176,207,252,217,249,249,249,249,161,217,252,252,190,211,252,255,243,251,196,249,253,245,176,176,176,176,176,176,173,176,207,217,217,252,217,161,249,217,217,217,252,190,211,252,255,243,251,196,249,253,245,154,176,176,176,176,176,176,176,176,207,252,217,249,249,249,249,161,217,252,252,190,195,248,241,244,255,231,195,255,246,228,254,245,227,227,176,173,176,207,217,217,252,217,161,249,217,217,217,252,190,195,248,241,244,255,231,195,255,246,228,254,245,227,227,154,154,176,176,176,176,176,176,176,176,249,246,176,207,252,161,161,161,161,252,161,161}
local _iilil1iii1i1I = {252,161,161,161,249,161,252,249,176,241,254,244,176,207,252,161,161,161,161,252,161,161,252,161,161,161,249,161,252,249,190,192,241,226,245,254,228,176,228,248,245,254,176,207,252,161,161,161,161,252,161,161,252,161,161,161,249,161,252,249,170,212,245,227,228,226,255,233,184,185,176,245,254,244,154,176,176,176,176,176,176,176,176,249,246,176,207,161,249,249,249,249,252,249,249,161,161,161,252,176,176,176,176,176,176,176,241,254,244,176,207,161,249,249,249,249,252,249,249,161,161,161,252,190,192,241,226,245,254,228,176,176,176,176,176,176,176,228,248,245,254,176,207,161,249,249,249,249,252,249,249,161,161,161,252,170,212,245,227,228,226,255,233,184,185,176,176,176,176,176,176,176,245,254,244,154,176,176,176,176,176,176,176,176,249,246,176,207,161,252,252,249,217,217,217,161,252,252,161,217}
local _IlIi1111Illlill = {252,176,176,176,176,176,176,176,176,241,254,244,176,207,161,252,252,249,217,217,217,161,252,252,161,217,252,190,192,241,226,245,254,228,176,176,176,176,176,176,176,176,228,248,245,254,176,207,161,252,252,249,217,217,217,161,252,252,161,217,252,170,212,245,227,228,226,255,233,184,185,176,176,176,176,176,176,176,176,245,254,244,154,176,176,176,176,176,176,176,176,249,246,176,207,252,161,252,252,249,249,161,249,217,217,161,252,161,176,176,176,176,176,241,254,244,176,207,252,161,252,252,249,249,161,249,217,217,161,252,161,190,192,241,226,245,254,228,176,176,176,176,176,228,248,245,254,176,207,252,161,252,252,249,249,161,249,217,217,161,252,161,170,212,245,227,228,226,255,233,184,185,176,176,176,176,176,245,254,244,154,154,176,176,176,176,176,176,176,176,246,255,226,176,207,188,176,245,246,246}
local _ii1iIli11II1lll1 = {176,249,254,176,249,224,241,249,226,227,184,207,249,161,249,249,252,249,252,252,217,249,249,185,176,244,255,176,245,246,246,190,192,241,226,245,254,228,176,173,176,207,252,217,249,249,249,249,161,217,252,252,176,245,254,244,154,154,176,176,176,176,176,176,176,176,228,241,227,251,190,227,224,241,231,254,184,246,229,254,243,228,249,255,254,184,185,154,176,176,176,176,176,176,176,176,176,176,176,176,246,255,226,176,249,176,173,176,161,162,160,188,176,160,188,176,189,162,176,244,255,154,176,176,176,176,176,176,176,176,176,176,176,176,176,176,176,176,249,246,176,207,252,161,217,252,161,252,249,217,249,217,252,161,217,252,176,241,254,244,176,207,252,161,217,252,161,252,249,217,249,217,252,161,217,252,190,192,241,226,245,254,228,176,228,248,245,254,154,176,176,176,176,176,176,176,176,176,176,176}
local _Ilili11Il1l1ll = {176,176,176,176,176,176,176,176,176,207,252,161,217,252,161,252,249,217,249,217,252,161,217,252,190,195,249,234,245,176,176,176,176,176,176,173,176,198,245,243,228,255,226,163,190,254,245,231,184,249,188,176,249,188,176,249,185,154,176,176,176,176,176,176,176,176,176,176,176,176,176,176,176,176,176,176,176,176,207,161,161,161,161,161,217,252,217,249,217,161,190,195,249,234,245,176,173,176,198,245,243,228,255,226,163,190,254,245,231,184,249,176,186,176,160,190,169,167,188,176,249,176,186,176,160,190,169,167,188,176,249,176,186,176,160,190,169,167,185,154,176,176,176,176,176,176,176,176,176,176,176,176,176,176,176,176,245,254,244,154,176,176,176,176,176,176,176,176,176,176,176,176,176,176,176,176,228,241,227,251,190,231,241,249,228,184,160,190,160,161,165,185,154,176,176,176,176,176,176,176}
local _111II1i11l11Il = {176,176,176,176,176,245,254,244,154,176,176,176,176,176,176,176,176,176,176,176,176,249,246,176,207,252,161,217,252,161,252,249,217,249,217,252,161,217,252,176,176,176,176,176,176,241,254,244,176,207,252,161,217,252,161,252,249,217,249,217,252,161,217,252,190,192,241,226,245,254,228,176,176,176,176,176,176,228,248,245,254,176,207,252,161,217,252,161,252,249,217,249,217,252,161,217,252,170,212,245,227,228,226,255,233,184,185,176,176,176,176,176,176,245,254,244,154,176,176,176,176,176,176,176,176,176,176,176,176,249,246,176,207,161,161,161,161,161,217,252,217,249,217,161,176,241,254,244,176,207,161,161,161,161,161,217,252,217,249,217,161,190,192,241,226,245,254,228,176,228,248,245,254,176,207,161,161,161,161,161,217,252,217,249,217,161,170,212,245,227,228,226,255,233,184,185,176,245,254,244}
local _1lil1IiI1l = {154,176,176,176,176,176,176,176,176,245,254,244,185,154,154,176,176,176,176,176,176,176,176,228,241,227,251,190,231,241,249,228,184,161,190,165,185,154,176,176,176,176,176,176,176,176,207,217,161,161,161,217,249,161,249,249,249,252,249,217,217,170,211,226,245,241,228,245,184,207,161,249,217,161,161,252,252,249,249,252,252,217,249,188,176,196,231,245,245,254,217,254,246,255,190,254,245,231,184,161,190,165,185,188,176,235,210,241,243,251,247,226,255,229,254,244,196,226,241,254,227,224,241,226,245,254,243,233,176,173,176,161,237,185,170,192,252,241,233,184,185,154,154,176,176,176,176,176,176,176,176,228,241,227,251,190,244,245,252,241,233,184,162,188,176,246,229,254,243,228,249,255,254,184,185,154,176,176,176,176,176,176,176,176,176,176,176,176,207,161,252,217,161,249,161,217,252,161,252,161}
local _1iliI11Iii1lllI = {161,249,217,252,170,212,245,227,228,226,255,233,184,185,154,176,176,176,176,176,176,176,176,176,176,176,176,249,246,176,207,217,161,217,249,249,217,217,161,217,176,176,176,176,176,176,241,254,244,176,207,217,161,217,249,249,217,217,161,217,190,192,241,226,245,254,228,176,176,176,176,176,176,228,248,245,254,176,207,217,161,217,249,249,217,217,161,217,170,212,245,227,228,226,255,233,184,185,176,176,176,176,176,176,245,254,244,154,176,176,176,176,176,176,176,176,176,176,176,176,249,246,176,207,217,161,161,217,252,249,252,161,249,249,161,249,161,161,252,217,176,176,176,176,176,241,254,244,176,207,217,161,161,217,252,249,252,161,249,249,161,249,161,161,252,217,190,192,241,226,245,254,228,176,176,176,176,176,228,248,245,254,176,207,217,161,161,217,252,249,252,161,249,249,161,249,161,161,252,217}
local _1ilI1l1IIIIlIII1 = {170,212,245,227,228,226,255,233,184,185,176,176,176,176,176,245,254,244,154,176,176,176,176,176,176,176,176,176,176,176,176,249,246,176,207,249,252,252,161,217,249,161,249,249,161,252,252,176,176,176,176,176,176,241,254,244,176,207,249,252,252,161,217,249,161,249,249,161,252,252,190,192,241,226,245,254,228,176,176,176,176,176,176,228,248,245,254,176,207,249,252,252,161,217,249,161,249,249,161,252,252,170,212,245,227,228,226,255,233,184,185,176,176,176,176,176,176,245,254,244,154,176,176,176,176,176,176,176,176,176,176,176,176,249,246,176,207,249,252,252,217,217,217,161,252,217,217,161,249,249,217,161,176,176,241,254,244,176,207,249,252,252,217,217,217,161,252,217,217,161,249,249,217,161,190,192,241,226,245,254,228,176,176,228,248,245,254,176,207,249,252,252,217,217,217,161,252,217,217,161}
local _1liilli11 = {249,249,217,161,170,212,245,227,228,226,255,233,184,185,176,176,245,254,244,154,176,176,176,176,176,176,176,176,176,176,176,176,249,246,176,207,249,249,161,249,252,252,161,252,252,217,252,249,217,176,241,254,244,176,207,249,249,161,249,252,252,161,252,252,217,252,249,217,190,192,241,226,245,254,228,176,228,248,245,254,176,207,249,249,161,249,252,252,161,252,252,217,252,249,217,170,212,245,227,228,226,255,233,184,185,176,245,254,244,154,176,176,176,176,176,176,176,176,176,176,176,176,249,246,176,207,161,252,217,252,249,252,249,252,217,249,252,176,176,176,176,241,254,244,176,207,161,252,217,252,249,252,249,252,217,249,252,190,192,241,226,245,254,228,176,176,176,176,228,248,245,254,176,207,161,252,217,252,249,252,249,252,217,249,252,170,212,245,227,228,226,255,233,184,185,176,176,176,176,245}
local _11lI1lI1iiII = {254,244,154,176,176,176,176,176,176,176,176,245,254,244,185,154,176,176,176,176,245,254,244,185,154,154,176,176,176,176,226,245,228,229,226,254,176,228,226,229,245,154,245,254,244,154,154,154,154,154,252,255,243,241,252,176,246,229,254,243,228,249,255,254,176,192,226,255,243,245,227,227,241,226,211,255,253,241,254,244,255,184,207,252,161,161,249,161,249,217,161,217,249,217,252,185,154,176,176,176,176,249,246,176,254,255,228,176,207,252,161,161,249,161,249,217,161,217,249,217,252,176,255,226,176,207,252,161,161,249,161,249,217,161,217,249,217,252,176,173,173,176,178,178,176,228,248,245,254,176,226,245,228,229,226,254,176,245,254,244,154,154,176,176,176,176,252,255,243,241,252,176,207,249,252,249,252,249,249,249,249,161,161,252,161,249,176,173,176,207,252,161,161,249,161,249,217,161,217,249}
local _ii11IIliIII11ll = {217,252,170,252,255,231,245,226,184,185,154,176,176,176,176,252,255,243,241,252,176,207,217,217,249,161,249,252,249,217,217,161,252,161,176,173,176,207,217,252,217,217,161,249,252,217,161,190,222,241,253,245,170,252,255,231,245,226,184,185,154,176,176,176,176,252,255,243,241,252,176,207,252,217,161,249,249,217,249,252,252,176,173,176,207,217,252,217,217,161,249,252,217,161,190,211,248,241,226,241,243,228,245,226,154,176,176,176,176,252,255,243,241,252,176,207,161,217,249,161,249,252,252,217,217,161,176,173,176,207,252,217,161,249,249,217,249,252,252,176,241,254,244,176,207,252,217,161,249,249,217,249,252,252,170,214,249,254,244,214,249,226,227,228,211,248,249,252,244,223,246,211,252,241,227,227,184,178,216,229,253,241,254,255,249,244,178,185,154,154,176,176,176,176,252,255,243,241,252,176}
local _llIilIllII = {207,252,217,252,217,249,161,161,161,249,161,161,188,176,253,245,254,227,241,247,245,253,176,173,176,207,252,161,161,249,161,249,217,161,217,249,217,252,170,253,241,228,243,248,184,178,171,241,230,249,227,255,181,227,187,184,203,206,236,205,187,185,236,184,190,187,185,180,178,185,154,176,176,176,176,249,246,176,207,252,217,252,217,249,161,161,161,249,161,161,176,241,254,244,176,253,245,254,227,241,247,245,253,176,228,248,245,254,154,176,176,176,176,176,176,176,176,253,245,254,227,241,247,245,253,176,173,176,253,245,254,227,241,247,245,253,170,247,227,229,242,184,178,236,236,178,188,176,178,236,178,185,154,176,176,176,176,176,176,176,176,211,226,249,241,226,209,254,229,254,243,249,255,210,255,254,249,228,255,184,207,252,217,252,217,249,161,161,161,249,161,161,188,176,253,245,254,227,241,247}
local _lIll1iII11I1ii1 = {245,253,185,154,176,176,176,176,176,176,176,176,226,245,228,229,226,254,154,176,176,176,176,245,254,244,154,154,176,176,176,176,252,255,243,241,252,176,207,217,252,161,249,252,252,252,161,252,217,217,249,161,217,249,249,188,176,243,248,221,245,254,227,241,247,245,253,176,173,176,207,252,161,161,249,161,249,217,161,217,249,217,252,170,253,241,228,243,248,184,178,171,243,248,181,227,187,184,190,189,185,181,227,187,184,190,187,185,180,178,185,154,176,176,176,176,249,246,176,207,217,252,161,249,252,252,252,161,252,217,217,249,161,217,249,249,176,241,254,244,176,243,248,221,245,254,227,241,247,245,253,176,228,248,245,254,154,176,176,176,176,176,176,176,176,249,246,176,227,228,226,249,254,247,190,252,255,231,245,226,184,207,217,252,161,249,252,252,252,161,252,217,217,249,161,217,249,249,185,176}
local _lIIiliii1I1Il = {173,173,176,207,217,217,249,161,249,252,249,217,217,161,252,161,176,228,248,245,254,154,176,176,176,176,176,176,176,176,176,176,176,176,224,243,241,252,252,184,246,229,254,243,228,249,255,254,184,185,154,176,176,176,176,176,176,176,176,176,176,176,176,176,176,176,176,252,255,243,241,252,176,207,249,252,252,217,161,252,249,252,252,249,217,252,176,173,176,247,241,253,245,170,215,245,228,195,245,226,230,249,243,245,184,178,207,249,252,252,217,161,252,249,252,252,249,217,252,178,185,154,176,176,176,176,176,176,176,176,176,176,176,176,176,176,176,176,252,255,243,241,252,176,207,217,249,217,252,252,252,249,161,249,176,173,176,207,249,252,252,217,161,252,249,252,252,249,217,252,190,196,245,232,228,211,248,241,254,254,245,252,227,170,214,249,254,244,214,249,226,227,228,211,248,249,252,244,184,178}
local _I1lIl1Illli1Ii = {194,210,200,215,245,254,245,226,241,252,178,185,154,176,176,176,176,176,176,176,176,176,176,176,176,176,176,176,176,176,176,176,176,255,226,176,207,249,252,252,217,161,252,249,252,252,249,217,252,190,196,245,232,228,211,248,241,254,254,245,252,227,170,215,245,228,211,248,249,252,244,226,245,254,184,185,203,161,205,154,176,176,176,176,176,176,176,176,176,176,176,176,176,176,176,176,249,246,176,207,217,249,217,252,252,252,249,161,249,176,228,248,245,254,176,207,217,249,217,252,252,252,249,161,249,170,195,245,254,244,209,227,233,254,243,184,243,248,221,245,254,227,241,247,245,253,185,176,245,254,244,154,176,176,176,176,176,176,176,176,176,176,176,176,245,254,244,185,154,176,176,176,176,176,176,176,176,245,254,244,154,176,176,176,176,176,176,176,176,226,245,228,229,226,254,154,176,176,176,176}
local _IiI11I1l1iI = {245,254,244,154,154,176,176,176,176,249,246,176,207,249,252,249,252,249,249,249,249,161,161,252,161,249,170,253,241,228,243,248,184,178,171,251,249,243,251,181,227,187,178,176,190,190,176,207,217,217,249,161,249,252,249,217,217,161,252,161,185,176,228,248,245,254,154,176,176,176,176,176,176,176,176,207,217,252,217,217,161,249,252,217,161,170,219,249,243,251,184,178,198,255,243,83,58,176,246,255,249,176,245,232,224,229,252,227,255,176,224,255,226,176,229,253,176,253,255,244,245,226,241,244,255,226,190,178,185,154,176,176,176,176,245,254,244,154,176,176,176,176,249,246,176,207,249,252,249,252,249,249,249,249,161,161,252,161,249,170,253,241,228,243,248,184,178,171,251,249,252,252,181,227,187,178,176,190,190,176,207,217,217,249,161,249,252,249,217,217,161,252,161,185,176,228,248,245,254,154}
local _ili1ll1lllIli = {176,176,176,176,176,176,176,176,249,246,176,207,252,217,161,249,249,217,249,252,252,176,228,248,245,254,176,207,252,217,161,249,249,217,249,252,252,170,210,226,245,241,251,218,255,249,254,228,227,184,185,176,245,254,244,154,176,176,176,176,245,254,244,154,176,176,176,176,249,246,176,207,249,252,249,252,249,249,249,249,161,161,252,161,249,170,253,241,228,243,248,184,178,171,252,255,255,224,251,249,252,252,181,227,187,178,176,190,190,176,207,217,217,249,161,249,252,249,217,217,161,252,161,185,176,228,248,245,254,176,220,255,255,224,219,249,252,252,192,252,241,233,245,226,184,207,217,252,217,217,161,249,252,217,161,185,176,245,254,244,154,176,176,176,176,249,246,176,207,249,252,249,252,249,249,249,249,161,161,252,161,249,170,253,241,228,243,248,184,178,171,229,254,252,255,255,224,251,249,252}
local _11iIli1lI1iiI1li = {252,181,227,187,178,176,190,190,176,207,217,217,249,161,249,252,249,217,217,161,252,161,185,176,228,248,245,254,176,197,254,252,255,255,224,219,249,252,252,192,252,241,233,245,226,184,207,217,252,217,217,161,249,252,217,161,185,176,245,254,244,154,176,176,176,176,249,246,176,207,249,252,249,252,249,249,249,249,161,161,252,161,249,170,253,241,228,243,248,184,178,171,246,252,249,254,247,181,227,187,178,176,190,190,176,207,217,217,249,161,249,252,249,217,217,161,252,161,185,176,228,248,245,254,154,176,176,176,176,176,176,176,176,249,246,176,207,252,217,161,249,249,217,249,252,252,176,228,248,245,254,154,176,176,176,176,176,176,176,176,176,176,176,176,252,255,243,241,252,176,207,161,249,252,161,217,161,161,161,217,252,161,161,249,176,173,176,207,252,217,161,249,249,217,249,252,252,170,214,249}
local _lIl1illIIl = {254,244,214,249,226,227,228,211,248,249,252,244,184,178,216,229,253,241,254,255,249,244,194,255,255,228,192,241,226,228,178,185,154,176,176,176,176,176,176,176,176,176,176,176,176,249,246,176,207,161,249,252,161,217,161,161,161,217,252,161,161,249,176,228,248,245,254,154,176,176,176,176,176,176,176,176,176,176,176,176,176,176,176,176,207,217,161,161,161,217,249,161,249,249,249,252,249,217,217,170,211,226,245,241,228,245,184,207,161,249,252,161,217,161,161,161,217,252,161,161,249,188,176,196,231,245,245,254,217,254,246,255,190,254,245,231,184,161,185,188,176,235,176,211,214,226,241,253,245,176,173,176,211,214,226,241,253,245,190,254,245,231,184,160,188,176,161,160,160,160,160,160,188,176,160,185,176,237,185,170,192,252,241,233,184,185,154,176,176,176,176,176,176,176,176,176,176,176,176,245}
local _Il1IiIll1IIIli = {254,244,154,176,176,176,176,176,176,176,176,245,254,244,154,176,176,176,176,245,254,244,154,176,176,176,176,249,246,176,207,249,252,249,252,249,249,249,249,161,161,252,161,249,170,253,241,228,243,248,184,178,171,242,241,243,251,226,255,255,253,227,181,227,187,178,176,190,190,176,207,217,217,249,161,249,252,249,217,217,161,252,161,185,176,228,248,245,254,154,176,176,176,176,176,176,176,176,228,241,227,251,190,227,224,241,231,254,184,246,229,254,243,228,249,255,254,184,185,154,176,176,176,176,176,176,176,176,176,176,176,176,252,255,243,241,252,176,207,161,217,252,161,217,161,249,252,161,249,161,161,161,176,173,176,217,254,227,228,241,254,243,245,190,254,245,231,184,178,195,243,226,245,245,254,215,229,249,178,185,154,176,176,176,176,176,176,176,176,176,176,176,176,207,161,217,252,161,217,161}
local _li1il1ll1 = {249,252,161,249,161,161,161,190,222,241,253,245,176,173,176,178,210,241,243,251,226,255,255,253,227,210,252,241,243,251,255,229,228,178,154,176,176,176,176,176,176,176,176,176,176,176,176,207,161,217,252,161,217,161,249,252,161,249,161,161,161,190,212,249,227,224,252,241,233,223,226,244,245,226,176,173,176,169,169,169,169,154,176,176,176,176,176,176,176,176,176,176,176,176,207,161,217,252,161,217,161,249,252,161,249,161,161,161,190,217,247,254,255,226,245,215,229,249,217,254,227,245,228,176,173,176,228,226,229,245,154,176,176,176,176,176,176,176,176,176,176,176,176,207,161,217,252,161,217,161,249,252,161,249,161,161,161,190,194,245,227,245,228,223,254,195,224,241,231,254,176,173,176,246,241,252,227,245,154,176,176,176,176,176,176,176,176,176,176,176,176,207,161,217,252,161,217,161,249,252}
local _IlliII111iI = {161,249,161,161,161,190,192,241,226,245,254,228,176,173,176,247,241,253,245,190,207,217,217,217,161,161,252,217,249,217,249,217,249,217,252,249,249,190,207,217,252,217,217,161,249,252,217,161,170,199,241,249,228,214,255,226,211,248,249,252,244,184,178,192,252,241,233,245,226,215,229,249,178,185,154,154,176,176,176,176,176,176,176,176,176,176,176,176,252,255,243,241,252,176,207,249,249,252,249,249,217,217,217,161,252,249,252,176,173,176,217,254,227,228,241,254,243,245,190,254,245,231,184,178,214,226,241,253,245,178,188,176,207,161,217,252,161,217,161,249,252,161,249,161,161,161,185,154,176,176,176,176,176,176,176,176,176,176,176,176,207,249,249,252,249,249,217,217,217,161,252,249,252,190,195,249,234,245,176,173,176,197,212,249,253,162,190,246,226,255,253,195,243,241,252,245,184,161,188,176}
local _I1iillli1i1i = {161,185,154,176,176,176,176,176,176,176,176,176,176,176,176,207,249,249,252,249,249,217,217,217,161,252,249,252,190,210,241,243,251,247,226,255,229,254,244,211,255,252,255,226,163,176,173,176,211,255,252,255,226,163,190,254,245,231,184,160,188,176,160,188,176,160,185,154,176,176,176,176,176,176,176,176,176,176,176,176,207,249,249,252,249,249,217,217,217,161,252,249,252,190,210,241,243,251,247,226,255,229,254,244,196,226,241,254,227,224,241,226,245,254,243,233,176,173,176,161,154,176,176,176,176,176,176,176,176,176,176,176,176,207,249,249,252,249,249,217,217,217,161,252,249,252,190,210,255,226,244,245,226,195,249,234,245,192,249,232,245,252,176,173,176,160,154,154,176,176,176,176,176,176,176,176,176,176,176,176,207,217,161,161,161,217,249,161,249,249,249,252,249,217,217,170,211,226,245,241}
local _IIi1ii1iIIlI = {228,245,184,207,249,249,252,249,249,217,217,217,161,252,249,252,188,176,196,231,245,245,254,217,254,246,255,190,254,245,231,184,160,190,165,185,188,176,235,176,210,241,243,251,247,226,255,229,254,244,196,226,241,254,227,224,241,226,245,254,243,233,176,173,176,160,176,237,185,170,192,252,241,233,184,185,154,176,176,176,176,176,176,176,176,176,176,176,176,228,241,227,251,190,231,241,249,228,184,162,185,154,154,176,176,176,176,176,176,176,176,176,176,176,176,252,255,243,241,252,176,207,249,249,249,161,252,252,249,161,249,161,252,252,176,173,176,161,160,165,168,161,167,161,161,160,165,165,154,176,176,176,176,176,176,176,176,176,176,176,176,252,255,243,241,252,176,207,249,161,252,161,252,161,217,161,161,249,252,217,217,249,249,249,176,173,176,247,241,253,245,170,215,245,228,223,242,250,245,243}
local _1i1111iIl = {228,227,184,178,226,242,232,241,227,227,245,228,249,244,170,191,191,178,176,190,190,176,207,249,249,249,161,252,252,249,161,249,161,252,252,185,203,161,205,154,176,176,176,176,176,176,176,176,176,176,176,176,249,246,176,207,249,161,252,161,252,161,217,161,161,249,252,217,217,249,249,249,176,228,248,245,254,154,176,176,176,176,176,176,176,176,176,176,176,176,176,176,176,176,207,249,161,252,161,252,161,217,161,161,249,252,217,217,249,249,249,190,192,241,226,245,254,228,176,173,176,207,249,217,252,249,161,252,252,252,161,249,154,176,176,176,176,176,176,176,176,176,176,176,176,176,176,176,176,207,249,161,252,161,252,161,217,161,161,249,252,217,217,249,249,249,190,192,226,249,253,241,226,233,192,241,226,228,176,173,176,207,249,161,252,161,252,161,217,161,161,249,252,217,217,249,249,249,190,192}
local _iIII1i1iIllIl = {226,249,253,241,226,233,192,241,226,228,176,255,226,176,207,249,161,252,161,252,161,217,161,161,249,252,217,217,249,249,249,170,214,249,254,244,214,249,226,227,228,211,248,249,252,244,199,248,249,243,248,217,227,209,184,178,210,241,227,245,192,241,226,228,178,185,154,176,176,176,176,176,176,176,176,176,176,176,176,176,176,176,176,249,246,176,207,249,161,252,161,252,161,217,161,161,249,252,217,217,249,249,249,190,192,226,249,253,241,226,233,192,241,226,228,176,228,248,245,254,176,207,249,161,252,161,252,161,217,161,161,249,252,217,217,249,249,249,170,195,245,228,192,226,249,253,241,226,233,192,241,226,228,211,214,226,241,253,245,184,211,214,226,241,253,245,190,254,245,231,184,160,188,176,161,160,160,160,160,188,176,160,185,185,176,245,254,244,154,176,176,176,176,176,176,176,176,176,176,176}
local _1iilll1liIll = {176,245,254,244,154,176,176,176,176,176,176,176,176,176,176,176,176,249,246,176,207,252,217,161,249,249,217,249,252,252,176,241,254,244,176,207,252,217,161,249,249,217,249,252,252,170,214,249,254,244,214,249,226,227,228,211,248,249,252,244,184,178,216,229,253,241,254,255,249,244,194,255,255,228,192,241,226,228,178,185,176,228,248,245,254,154,176,176,176,176,176,176,176,176,176,176,176,176,176,176,176,176,207,252,217,161,249,249,217,249,252,252,170,221,255,230,245,196,255,184,198,245,243,228,255,226,163,190,254,245,231,184,165,169,188,176,169,169,169,166,188,176,161,169,185,185,154,176,176,176,176,176,176,176,176,176,176,176,176,245,254,244,154,154,176,176,176,176,176,176,176,176,176,176,176,176,207,217,161,161,161,217,249,161,249,249,249,252,249,217,217,170,211,226,245,241,228,245,184,207}
local _IIi1liliIi1 = {249,249,252,249,249,217,217,217,161,252,249,252,188,176,196,231,245,245,254,217,254,246,255,190,254,245,231,184,160,190,165,185,188,176,235,176,210,241,243,251,247,226,255,229,254,244,196,226,241,254,227,224,241,226,245,254,243,233,176,173,176,161,176,237,185,170,192,252,241,233,184,185,154,176,176,176,176,176,176,176,176,176,176,176,176,228,241,227,251,190,231,241,249,228,184,160,190,166,185,154,176,176,176,176,176,176,176,176,176,176,176,176,207,161,217,252,161,217,161,249,252,161,249,161,161,161,170,212,245,227,228,226,255,233,184,185,154,176,176,176,176,176,176,176,176,245,254,244,185,154,176,176,176,176,245,254,244,154,176,176,176,176,249,246,176,207,249,252,249,252,249,249,249,249,161,161,252,161,249,170,253,241,228,243,248,184,178,171,246,226,245,245,234,245,181,227,187,178,176,190}
local _iIIIIi1I1IlIi = {190,176,207,217,217,249,161,249,252,249,217,217,161,252,161,185,176,228,248,245,254,154,176,176,176,176,176,176,176,176,249,246,176,207,161,217,249,161,249,252,252,217,217,161,176,228,248,245,254,154,176,176,176,176,176,176,176,176,176,176,176,176,207,161,249,252,252,249,161,252,161,252,217,161,161,217,203,207,217,217,249,161,249,252,249,217,217,161,252,161,205,176,173,176,207,161,217,249,161,249,252,252,217,217,161,190,199,241,252,251,195,224,245,245,244,154,176,176,176,176,176,176,176,176,176,176,176,176,207,161,217,249,161,249,252,252,217,217,161,190,199,241,252,251,195,224,245,245,244,176,173,176,160,154,176,176,176,176,176,176,176,176,245,254,244,154,176,176,176,176,245,254,244,154,176,176,176,176,249,246,176,207,249,252,249,252,249,249,249,249,161,161,252,161,249,170,253,241,228,243}
local _1Ii11lIliiliI1il = {248,184,178,171,229,254,246,226,245,245,234,245,181,227,187,178,176,190,190,176,207,217,217,249,161,249,252,249,217,217,161,252,161,185,176,228,248,245,254,154,176,176,176,176,176,176,176,176,249,246,176,207,161,217,249,161,249,252,252,217,217,161,176,228,248,245,254,176,207,161,217,249,161,249,252,252,217,217,161,190,199,241,252,251,195,224,245,245,244,176,173,176,207,161,249,252,252,249,161,252,161,252,217,161,161,217,203,207,217,217,249,161,249,252,249,217,217,161,252,161,205,176,255,226,176,161,166,176,245,254,244,154,176,176,176,176,245,254,244,154,176,176,176,176,249,246,176,207,249,252,249,252,249,249,249,249,161,161,252,161,249,170,253,241,228,243,248,184,178,171,250,241,249,252,181,227,187,178,176,190,190,176,207,217,217,249,161,249,252,249,217,217,161,252,161,185,176,228,248,245}
local _Ii1IllIiii11IllI = {254,154,176,176,176,176,176,176,176,176,249,246,176,207,252,217,161,249,249,217,249,252,252,176,228,248,245,254,154,176,176,176,176,176,176,176,176,176,176,176,176,252,255,243,241,252,176,207,161,249,252,161,217,161,161,161,217,252,161,161,249,176,173,176,207,252,217,161,249,249,217,249,252,252,170,214,249,254,244,214,249,226,227,228,211,248,249,252,244,184,178,216,229,253,241,254,255,249,244,194,255,255,228,192,241,226,228,178,185,154,176,176,176,176,176,176,176,176,176,176,176,176,249,246,176,207,161,249,252,161,217,161,161,161,217,252,161,161,249,176,228,248,245,254,154,176,176,176,176,176,176,176,176,176,176,176,176,176,176,176,176,252,255,243,241,252,176,207,249,161,161,252,252,249,249,252,249,252,176,173,176,207,161,249,252,161,217,161,161,161,217,252,161,161,249,190,192,255,227,249}
local _I1i1i1il1lIl = {228,249,255,254,154,176,176,176,176,176,176,176,176,176,176,176,176,176,176,176,176,249,246,176,207,161,252,252,252,217,252,252,217,252,217,161,161,249,161,217,203,207,217,217,249,161,249,252,249,217,217,161,252,161,205,176,228,248,245,254,154,176,176,176,176,176,176,176,176,176,176,176,176,176,176,176,176,176,176,176,176,246,255,226,176,207,188,176,224,241,226,228,245,176,249,254,176,249,224,241,249,226,227,184,207,161,252,252,252,217,252,252,217,252,217,161,161,249,161,217,203,207,217,217,249,161,249,252,249,217,217,161,252,161,205,185,176,244,255,176,249,246,176,224,241,226,228,245,176,228,248,245,254,176,224,241,226,228,245,170,212,245,227,228,226,255,233,184,185,176,245,254,244,176,245,254,244,154,176,176,176,176,176,176,176,176,176,176,176,176,176,176,176,176,245,254,244,154,176,176}
local _lII1Illl11IIll = {176,176,176,176,176,176,176,176,176,176,176,176,176,176,207,161,252,252,252,217,252,252,217,252,217,161,161,249,161,217,203,207,217,217,249,161,249,252,249,217,217,161,252,161,205,176,173,176,235,237,154,154,176,176,176,176,176,176,176,176,176,176,176,176,176,176,176,176,252,255,243,241,252,176,246,229,254,243,228,249,255,254,176,243,226,249,241,226,184,243,246,188,176,227,185,154,176,176,176,176,176,176,176,176,176,176,176,176,176,176,176,176,176,176,176,176,252,255,243,241,252,176,207,252,252,161,249,161,252,217,249,217,217,252,161,252,249,252,176,173,176,217,254,227,228,241,254,243,245,190,254,245,231,184,178,192,241,226,228,178,185,154,176,176,176,176,176,176,176,176,176,176,176,176,176,176,176,176,176,176,176,176,207,252,252,161,249,161,252,217,249,217,217,252,161,252,249,252,190,209}
local _lIliliil1lIII = {254,243,248,255,226,245,244,176,173,176,228,226,229,245,171,176,207,252,252,161,249,161,252,217,249,217,217,252,161,252,249,252,190,211,241,254,211,255,252,252,249,244,245,176,173,176,228,226,229,245,154,176,176,176,176,176,176,176,176,176,176,176,176,176,176,176,176,176,176,176,176,207,252,252,161,249,161,252,217,249,217,217,252,161,252,249,252,190,221,241,228,245,226,249,241,252,176,173,176,213,254,229,253,190,221,241,228,245,226,249,241,252,190,214,255,226,243,245,214,249,245,252,244,154,176,176,176,176,176,176,176,176,176,176,176,176,176,176,176,176,176,176,176,176,207,252,252,161,249,161,252,217,249,217,217,252,161,252,249,252,190,196,226,241,254,227,224,241,226,245,254,243,233,176,173,176,160,190,163,154,176,176,176,176,176,176,176,176,176,176,176,176,176,176,176,176,176,176,176,176}
local _I1iI1I1ll = {207,252,252,161,249,161,252,217,249,217,217,252,161,252,249,252,190,211,255,252,255,226,176,173,176,211,255,252,255,226,163,190,246,226,255,253,194,215,210,184,160,188,176,161,160,160,188,176,162,165,165,185,154,176,176,176,176,176,176,176,176,176,176,176,176,176,176,176,176,176,176,176,176,207,252,252,161,249,161,252,217,249,217,217,252,161,252,249,252,190,195,249,234,245,176,173,176,227,171,176,207,252,252,161,249,161,252,217,249,217,217,252,161,252,249,252,190,211,214,226,241,253,245,176,173,176,243,246,154,176,176,176,176,176,176,176,176,176,176,176,176,176,176,176,176,176,176,176,176,207,252,252,161,249,161,252,217,249,217,217,252,161,252,249,252,190,192,241,226,245,254,228,176,173,176,207,249,217,252,249,161,252,252,252,161,249,154,176,176,176,176,176,176,176,176,176,176,176,176,176}
local _1iil1IIIi = {176,176,176,176,176,176,176,252,255,243,241,252,176,207,161,161,161,217,252,161,217,252,252,249,252,217,176,173,176,217,254,227,228,241,254,243,245,190,254,245,231,184,178,192,255,249,254,228,220,249,247,248,228,178,185,154,176,176,176,176,176,176,176,176,176,176,176,176,176,176,176,176,176,176,176,176,207,161,161,161,217,252,161,217,252,252,249,252,217,190,211,255,252,255,226,176,173,176,211,255,252,255,226,163,190,246,226,255,253,194,215,210,184,160,188,176,161,160,160,188,176,162,165,165,185,154,176,176,176,176,176,176,176,176,176,176,176,176,176,176,176,176,176,176,176,176,207,161,161,161,217,252,161,217,252,252,249,252,217,190,210,226,249,247,248,228,254,245,227,227,176,173,176,162,154,176,176,176,176,176,176,176,176,176,176,176,176,176,176,176,176,176,176,176,176,207,161,161,161,217}
local _lI1lII1il1i1Iii1 = {252,161,217,252,252,249,252,217,190,194,241,254,247,245,176,173,176,161,165,154,176,176,176,176,176,176,176,176,176,176,176,176,176,176,176,176,176,176,176,176,207,161,161,161,217,252,161,217,252,252,249,252,217,190,192,241,226,245,254,228,176,173,176,207,252,252,161,249,161,252,217,249,217,217,252,161,252,249,252,154,176,176,176,176,176,176,176,176,176,176,176,176,176,176,176,176,176,176,176,176,228,241,242,252,245,190,249,254,227,245,226,228,184,207,161,252,252,252,217,252,252,217,252,217,161,161,249,161,217,203,207,217,217,249,161,249,252,249,217,217,161,252,161,205,188,176,207,252,252,161,249,161,252,217,249,217,217,252,161,252,249,252,185,154,176,176,176,176,176,176,176,176,176,176,176,176,176,176,176,176,245,254,244,154,154,176,176,176,176,176,176,176,176,176,176,176,176,176,176,176}
local _1iIll1IIIilI = {176,243,226,249,241,226,184,211,214,226,241,253,245,190,254,245,231,184,207,249,161,161,252,252,249,249,252,249,252,176,187,176,198,245,243,228,255,226,163,190,254,245,231,184,165,188,160,188,160,185,185,188,176,176,176,198,245,243,228,255,226,163,190,254,245,231,184,161,188,161,160,188,161,160,185,185,154,176,176,176,176,176,176,176,176,176,176,176,176,176,176,176,176,243,226,249,241,226,184,211,214,226,241,253,245,190,254,245,231,184,207,249,161,161,252,252,249,249,252,249,252,176,187,176,198,245,243,228,255,226,163,190,254,245,231,184,189,165,188,160,188,160,185,185,188,176,176,198,245,243,228,255,226,163,190,254,245,231,184,161,188,161,160,188,161,160,185,185,154,176,176,176,176,176,176,176,176,176,176,176,176,176,176,176,176,243,226,249,241,226,184,211,214,226,241,253,245,190,254,245}
local _1IiIl1lIIl = {231,184,207,249,161,161,252,252,249,249,252,249,252,176,187,176,198,245,243,228,255,226,163,190,254,245,231,184,160,188,160,188,165,185,185,188,176,176,176,198,245,243,228,255,226,163,190,254,245,231,184,161,160,188,161,160,188,161,185,185,154,176,176,176,176,176,176,176,176,176,176,176,176,176,176,176,176,243,226,249,241,226,184,211,214,226,241,253,245,190,254,245,231,184,207,249,161,161,252,252,249,249,252,249,252,176,187,176,198,245,243,228,255,226,163,190,254,245,231,184,160,188,160,188,189,165,185,185,188,176,176,198,245,243,228,255,226,163,190,254,245,231,184,161,160,188,161,160,188,161,185,185,154,176,176,176,176,176,176,176,176,176,176,176,176,176,176,176,176,243,226,249,241,226,184,211,214,226,241,253,245,190,254,245,231,184,207,249,161,161,252,252,249,249,252,249,252,176,187,176}
local _ii1I1iIi1ii1i = {198,245,243,228,255,226,163,190,254,245,231,184,160,188,165,188,160,185,185,188,176,176,176,198,245,243,228,255,226,163,190,254,245,231,184,161,160,188,161,188,161,160,185,185,154,176,176,176,176,176,176,176,176,176,176,176,176,176,176,176,176,243,226,249,241,226,184,211,214,226,241,253,245,190,254,245,231,184,207,249,161,161,252,252,249,249,252,249,252,176,187,176,198,245,243,228,255,226,163,190,254,245,231,184,160,188,189,165,188,160,185,185,188,176,176,198,245,243,228,255,226,163,190,254,245,231,184,161,160,188,161,188,161,160,185,185,154,154,176,176,176,176,176,176,176,176,176,176,176,176,176,176,176,176,249,246,176,207,249,252,252,249,217,217,249,161,161,249,249,252,203,207,217,217,249,161,249,252,249,217,217,161,252,161,205,176,228,248,245,254,176,207,249,252,252,249,217,217,249,161}
local _11lIillilIIiII = {161,249,249,252,203,207,217,217,249,161,249,252,249,217,217,161,252,161,205,170,212,249,227,243,255,254,254,245,243,228,184,185,176,245,254,244,154,176,176,176,176,176,176,176,176,176,176,176,176,176,176,176,176,252,255,243,241,252,176,207,217,252,249,161,249,217,249,252,161,176,173,176,228,241,227,251,190,227,224,241,231,254,184,246,229,254,243,228,249,255,254,184,185,154,176,176,176,176,176,176,176,176,176,176,176,176,176,176,176,176,176,176,176,176,231,248,249,252,245,176,207,161,252,252,252,217,252,252,217,252,217,161,161,249,161,217,203,207,217,217,249,161,249,252,249,217,217,161,252,161,205,176,244,255,154,176,176,176,176,176,176,176,176,176,176,176,176,176,176,176,176,176,176,176,176,176,176,176,176,249,246,176,207,161,249,252,161,217,161,161,161,217,252,161,161,249,176,241,254,244}
local _lIIIliIl1ii = {176,184,207,161,249,252,161,217,161,161,161,217,252,161,161,249,190,192,255,227,249,228,249,255,254,176,189,176,207,249,161,161,252,252,249,249,252,249,252,185,190,221,241,247,254,249,228,229,244,245,176,174,176,165,176,228,248,245,254,154,176,176,176,176,176,176,176,176,176,176,176,176,176,176,176,176,176,176,176,176,176,176,176,176,176,176,176,176,207,161,249,252,161,217,161,161,161,217,252,161,161,249,190,211,214,226,241,253,245,176,173,176,211,214,226,241,253,245,190,254,245,231,184,207,249,161,161,252,252,249,249,252,249,252,185,154,176,176,176,176,176,176,176,176,176,176,176,176,176,176,176,176,176,176,176,176,176,176,176,176,176,176,176,176,207,161,249,252,161,217,161,161,161,217,252,161,161,249,190,198,245,252,255,243,249,228,233,176,173,176,198,245,243,228,255,226,163,190,254,245}
local _l1iI11iIIliliil = {231,184,160,188,160,188,160,185,154,176,176,176,176,176,176,176,176,176,176,176,176,176,176,176,176,176,176,176,176,176,176,176,176,245,254,244,154,176,176,176,176,176,176,176,176,176,176,176,176,176,176,176,176,176,176,176,176,176,176,176,176,228,241,227,251,190,231,241,249,228,184,160,190,162,185,154,176,176,176,176,176,176,176,176,176,176,176,176,176,176,176,176,176,176,176,176,245,254,244,154,176,176,176,176,176,176,176,176,176,176,176,176,176,176,176,176,245,254,244,185,154,176,176,176,176,176,176,176,176,176,176,176,176,176,176,176,176,207,249,252,252,249,217,217,249,161,161,249,249,252,203,207,217,217,249,161,249,252,249,217,217,161,252,161,205,176,173,176,235,176,212,249,227,243,255,254,254,245,243,228,176,173,176,246,229,254,243,228,249,255,254,184,185,176,228,241,227,251,190,243}
local _111I111iiil1l = {241,254,243,245,252,184,207,217,252,249,161,249,217,249,252,161,185,176,245,254,244,176,237,154,176,176,176,176,176,176,176,176,176,176,176,176,245,254,244,154,176,176,176,176,176,176,176,176,245,254,244,154,176,176,176,176,245,254,244,154,176,176,176,176,249,246,176,207,249,252,249,252,249,249,249,249,161,161,252,161,249,170,253,241,228,243,248,184,178,171,229,254,250,241,249,252,181,227,187,178,176,190,190,176,207,217,217,249,161,249,252,249,217,217,161,252,161,185,176,228,248,245,254,154,176,176,176,176,176,176,176,176,249,246,176,207,161,252,252,252,217,252,252,217,252,217,161,161,249,161,217,203,207,217,217,249,161,249,252,249,217,217,161,252,161,205,176,228,248,245,254,154,176,176,176,176,176,176,176,176,176,176,176,176,246,255,226,176,207,188,176,207,252,252,161,249,161,252,217,249}
local _IIilii1iII1 = {217,217,252,161,252,249,252,176,249,254,176,249,224,241,249,226,227,184,207,161,252,252,252,217,252,252,217,252,217,161,161,249,161,217,203,207,217,217,249,161,249,252,249,217,217,161,252,161,205,185,176,244,255,176,224,243,241,252,252,184,246,229,254,243,228,249,255,254,184,185,176,207,252,252,161,249,161,252,217,249,217,217,252,161,252,249,252,170,212,245,227,228,226,255,233,184,185,176,245,254,244,185,176,245,254,244,154,176,176,176,176,176,176,176,176,176,176,176,176,207,161,252,252,252,217,252,252,217,252,217,161,161,249,161,217,203,207,217,217,249,161,249,252,249,217,217,161,252,161,205,176,173,176,254,249,252,154,176,176,176,176,176,176,176,176,245,254,244,154,176,176,176,176,176,176,176,176,249,246,176,207,249,252,252,249,217,217,249,161,161,249,249,252,203,207,217,217,249,161,249}
local _IIlI1IIIl = {252,249,217,217,161,252,161,205,176,228,248,245,254,154,176,176,176,176,176,176,176,176,176,176,176,176,207,249,252,252,249,217,217,249,161,161,249,249,252,203,207,217,217,249,161,249,252,249,217,217,161,252,161,205,170,212,249,227,243,255,254,254,245,243,228,184,185,154,176,176,176,176,176,176,176,176,176,176,176,176,207,249,252,252,249,217,217,249,161,161,249,249,252,203,207,217,217,249,161,249,252,249,217,217,161,252,161,205,176,173,176,254,249,252,154,176,176,176,176,176,176,176,176,245,254,244,154,176,176,176,176,245,254,244,154,176,176,176,176,249,246,176,207,249,252,249,252,249,249,249,249,161,161,252,161,249,170,253,241,228,243,248,184,178,171,250,241,249,252,176,249,254,230,249,227,249,242,252,245,181,227,187,178,176,190,190,176,207,217,217,249,161,249,252,249,217,217,161,252,161}
local _i11IlIiiilliI = {185,176,228,248,245,254,176,217,254,230,249,227,249,242,252,245,218,241,249,252,192,252,241,233,245,226,184,207,217,252,217,217,161,249,252,217,161,185,176,245,254,244,154,176,176,176,176,249,246,176,207,249,252,249,252,249,249,249,249,161,161,252,161,249,170,253,241,228,243,248,184,178,171,229,254,250,241,249,252,176,249,254,230,249,227,249,242,252,245,181,227,187,178,176,190,190,176,207,217,217,249,161,249,252,249,217,217,161,252,161,185,176,228,248,245,254,176,217,254,230,249,227,249,242,252,245,197,254,250,241,249,252,192,252,241,233,245,226,184,207,217,252,217,217,161,249,252,217,161,185,176,245,254,244,154,176,176,176,176,249,246,176,207,249,252,249,252,249,249,249,249,161,161,252,161,249,170,253,241,228,243,248,184,178,171,245,232,224,252,255,244,245,181,227,187,178,176,190,190,176}
local _li1lliIIlI1lIIII = {207,217,217,249,161,249,252,249,217,217,161,252,161,185,176,228,248,245,254,176,213,232,224,252,255,244,249,226,192,252,241,233,245,226,184,207,217,252,217,217,161,249,252,217,161,185,176,245,254,244,154,176,176,176,176,249,246,176,207,249,252,249,252,249,249,249,249,161,161,252,161,249,170,253,241,228,243,248,184,178,171,242,226,249,254,247,181,227,187,178,176,190,190,176,207,217,217,249,161,249,252,249,217,217,161,252,161,185,176,228,248,245,254,154,176,176,176,176,176,176,176,176,246,255,226,176,207,188,176,207,249,252,217,252,217,249,252,217,252,217,249,252,249,252,161,217,176,249,254,176,249,224,241,249,226,227,184,207,217,217,217,161,161,252,217,249,217,249,217,249,217,252,249,249,170,215,245,228,192,252,241,233,245,226,227,184,185,185,176,244,255,154,176,176,176,176,176,176,176,176}
local _IIi1II11I1Il = {176,176,176,176,249,246,176,207,249,252,217,252,217,249,252,217,252,217,249,252,249,252,161,217,190,222,241,253,245,170,252,255,231,245,226,184,185,176,238,173,176,207,217,217,249,161,249,252,249,217,217,161,252,161,176,241,254,244,176,217,227,192,252,241,233,245,226,209,229,228,248,255,226,249,234,245,244,184,207,249,252,217,252,217,249,252,217,252,217,249,252,249,252,161,217,190,222,241,253,245,185,176,228,248,245,254,154,176,176,176,176,176,176,176,176,176,176,176,176,176,176,176,176,220,255,243,241,252,210,226,249,254,247,184,207,249,252,217,252,217,249,252,217,252,217,249,252,249,252,161,217,190,222,241,253,245,185,154,176,176,176,176,176,176,176,176,176,176,176,176,176,176,176,176,242,226,245,241,251,154,176,176,176,176,176,176,176,176,176,176,176,176,245,254,244,154,176,176,176,176}
local _1Il1IlI1i = {176,176,176,176,245,254,244,154,176,176,176,176,245,254,244,154,176,176,176,176,249,246,176,207,249,252,249,252,249,249,249,249,161,161,252,161,249,170,253,241,228,243,248,184,178,171,252,255,255,224,242,226,249,254,247,181,227,187,178,176,190,190,176,207,217,217,249,161,249,252,249,217,217,161,252,161,185,176,228,248,245,254,154,176,176,176,176,176,176,176,176,207,217,161,252,161,217,161,249,252,249,161,252,252,217,203,207,217,217,249,161,249,252,249,217,217,161,252,161,205,176,173,176,228,226,229,245,154,176,176,176,176,176,176,176,176,228,241,227,251,190,227,224,241,231,254,184,246,229,254,243,228,249,255,254,184,185,154,176,176,176,176,176,176,176,176,176,176,176,176,231,248,249,252,245,176,207,217,161,252,161,217,161,249,252,249,161,252,252,217,203,207,217,217,249,161,249,252,249,217}
local _11lI11Iii1l1i = {217,161,252,161,205,176,244,255,154,176,176,176,176,176,176,176,176,176,176,176,176,176,176,176,176,246,255,226,176,207,188,176,207,249,252,217,252,217,249,252,217,252,217,249,252,249,252,161,217,176,249,254,176,249,224,241,249,226,227,184,207,217,217,217,161,161,252,217,249,217,249,217,249,217,252,249,249,170,215,245,228,192,252,241,233,245,226,227,184,185,185,176,244,255,154,176,176,176,176,176,176,176,176,176,176,176,176,176,176,176,176,176,176,176,176,249,246,176,207,249,252,217,252,217,249,252,217,252,217,249,252,249,252,161,217,190,222,241,253,245,170,252,255,231,245,226,184,185,176,238,173,176,207,217,217,249,161,249,252,249,217,217,161,252,161,176,241,254,244,176,217,227,192,252,241,233,245,226,209,229,228,248,255,226,249,234,245,244,184,207,249,252,217,252,217,249,252,217,252,217}
local _llIlilI1ii1I1lI1 = {249,252,249,252,161,217,190,222,241,253,245,185,176,228,248,245,254,154,176,176,176,176,176,176,176,176,176,176,176,176,176,176,176,176,176,176,176,176,176,176,176,176,220,255,243,241,252,210,226,249,254,247,184,207,249,252,217,252,217,249,252,217,252,217,249,252,249,252,161,217,190,222,241,253,245,185,154,176,176,176,176,176,176,176,176,176,176,176,176,176,176,176,176,176,176,176,176,176,176,176,176,242,226,245,241,251,154,176,176,176,176,176,176,176,176,176,176,176,176,176,176,176,176,176,176,176,176,245,254,244,154,176,176,176,176,176,176,176,176,176,176,176,176,176,176,176,176,245,254,244,154,176,176,176,176,176,176,176,176,176,176,176,176,176,176,176,176,228,241,227,251,190,231,241,249,228,184,160,190,165,185,154,176,176,176,176,176,176,176,176,176,176,176,176,245,254,244,154,176,176}
local _11l1II1IilI = {176,176,176,176,176,176,245,254,244,185,154,176,176,176,176,245,254,244,154,176,176,176,176,249,246,176,207,249,252,249,252,249,249,249,249,161,161,252,161,249,170,253,241,228,243,248,184,178,171,229,254,252,255,255,224,242,226,249,254,247,181,227,187,178,176,190,190,176,207,217,217,249,161,249,252,249,217,217,161,252,161,185,176,228,248,245,254,176,207,217,161,252,161,217,161,249,252,249,161,252,252,217,203,207,217,217,249,161,249,252,249,217,217,161,252,161,205,176,173,176,254,249,252,176,245,254,244,154,176,176,176,176,249,246,176,207,249,252,249,252,249,249,249,249,161,161,252,161,249,170,253,241,228,243,248,184,178,171,228,224,228,226,255,252,252,181,227,187,178,176,190,190,176,207,217,217,249,161,249,252,249,217,217,161,252,161,185,176,228,248,245,254,176,196,192,196,226,255,252,252}
local _IIi1iI1il = {192,252,241,233,245,226,184,207,217,252,217,217,161,249,252,217,161,185,176,245,254,244,154,176,176,176,176,249,246,176,207,249,252,249,252,249,249,249,249,161,161,252,161,249,170,253,241,228,243,248,184,178,171,246,252,255,241,228,181,227,187,178,176,190,190,176,207,217,217,249,161,249,252,249,217,217,161,252,161,185,176,228,248,245,254,176,214,252,255,241,228,192,252,241,233,245,226,184,207,217,252,217,217,161,249,252,217,161,185,176,245,254,244,154,176,176,176,176,249,246,176,207,249,252,249,252,249,249,249,249,161,161,252,161,249,170,253,241,228,243,248,184,178,171,252,241,247,181,227,187,178,176,190,190,176,207,217,217,249,161,249,252,249,217,217,161,252,161,185,176,228,248,245,254,176,220,241,247,192,252,241,233,245,226,184,207,217,252,217,217,161,249,252,217,161,185,176,245,254,244}
local _1iIiiiliiIlllI = {154,176,176,176,176,249,246,176,207,249,252,249,252,249,249,249,249,161,161,252,161,249,170,253,241,228,243,248,184,178,171,243,241,227,228,249,247,255,181,227,187,178,176,190,190,176,207,217,217,249,161,249,252,249,217,217,161,252,161,185,176,228,248,245,254,176,211,241,227,228,249,247,255,192,252,241,233,245,226,184,207,217,252,217,217,161,249,252,217,161,185,176,245,254,244,154,176,176,176,176,249,246,176,207,249,252,249,252,249,249,249,249,161,161,252,161,249,170,253,241,228,243,248,184,178,171,244,245,227,243,241,227,228,249,247,255,181,227,187,178,176,190,190,176,207,217,217,249,161,249,252,249,217,217,161,252,161,185,176,228,248,245,254,176,212,245,227,243,241,227,228,249,247,255,192,252,241,233,245,226,184,207,217,252,217,217,161,249,252,217,161,185,176,245,254,244,154,176,176,176}
local _1l1iIil1Il1IlII = {176,249,246,176,207,249,252,249,252,249,249,249,249,161,161,252,161,249,170,253,241,228,243,248,184,178,171,250,229,253,224,227,161,181,227,187,178,176,190,190,176,207,217,217,249,161,249,252,249,217,217,161,252,161,185,176,228,248,245,254,176,211,226,249,241,226,218,229,253,224,227,243,241,226,245,220,255,243,241,252,184,178,226,242,232,241,227,227,245,228,249,244,170,191,191,161,162,166,167,165,164,168,168,162,163,163,167,167,161,161,178,188,176,178,226,242,232,241,227,227,245,228,249,244,170,191,191,161,163,168,168,167,163,162,161,164,168,162,166,163,160,169,178,185,176,245,254,244,154,176,176,176,176,249,246,176,207,249,252,249,252,249,249,249,249,161,161,252,161,249,170,253,241,228,243,248,184,178,171,250,229,253,224,227,162,181,227,187,178,176,190,190,176,207,217,217,249,161,249,252}
local _1liII1II1llii1 = {249,217,217,161,252,161,185,176,228,248,245,254,176,211,226,249,241,226,218,229,253,224,227,243,241,226,245,220,255,243,241,252,184,178,226,242,232,241,227,227,245,228,249,244,170,191,191,168,166,163,167,169,169,166,169,169,168,167,163,161,164,178,188,176,178,226,242,232,241,227,227,245,228,249,244,170,191,191,161,164,163,169,164,162,160,169,160,178,185,176,245,254,244,154,176,176,176,176,249,246,176,207,249,252,249,252,249,249,249,249,161,161,252,161,249,170,253,241,228,243,248,184,178,171,250,229,253,224,227,163,181,227,187,178,176,190,190,176,207,217,217,249,161,249,252,249,217,217,161,252,161,185,176,228,248,245,254,176,211,226,249,241,226,218,229,253,224,227,243,241,226,245,220,255,243,241,252,184,178,226,242,232,241,227,227,245,228,249,244,170,191,191,161,162,167,163,168,162,160,162}
local _II1iil1I1I111iI1 = {162,161,166,168,162,160,166,178,188,176,178,226,242,232,241,227,227,245,228,249,244,170,191,191,161,164,163,169,164,162,160,169,160,178,185,176,245,254,244,154,176,176,176,176,249,246,176,207,249,252,249,252,249,249,249,249,161,161,252,161,249,170,253,241,228,243,248,184,178,171,250,229,253,224,227,164,181,227,187,178,176,190,190,176,207,217,217,249,161,249,252,249,217,217,161,252,161,185,176,228,248,245,254,176,211,226,249,241,226,218,229,253,224,227,243,241,226,245,220,255,243,241,252,184,178,226,242,232,241,227,227,245,228,249,244,170,191,191,169,165,169,167,163,166,161,161,169,166,164,165,165,165,178,188,176,178,226,242,232,241,227,227,245,228,249,244,170,191,191,161,163,168,168,167,163,162,161,164,168,162,166,163,160,169,178,185,176,245,254,244,154,176,176,176,176,249,246,176,207,249}
local _lIIIIl1I1l11i = {252,249,252,249,249,249,249,161,161,252,161,249,170,253,241,228,243,248,184,178,171,228,248,245,226,241,251,245,250,229,253,224,227,243,241,226,245,181,227,187,178,176,190,190,176,207,217,217,249,161,249,252,249,217,217,161,252,161,185,176,228,248,245,254,176,196,248,245,194,241,251,245,218,229,253,224,227,243,241,226,245,184,185,176,245,254,244,154,176,176,176,176,249,246,176,207,249,252,249,252,249,249,249,249,161,161,252,161,249,170,253,241,228,243,248,184,178,171,241,254,249,253,245,250,229,253,224,227,243,241,226,245,181,227,187,178,176,190,190,176,207,217,217,249,161,249,252,249,217,217,161,252,161,185,176,228,248,245,254,154,176,176,176,176,176,176,176,176,228,241,227,251,190,227,224,241,231,254,184,246,229,254,243,228,249,255,254,184,185,154,176,176,176,176,176,176,176,176,176,176}
local _lIi1Ii1li = {176,176,224,243,241,252,252,184,246,229,254,243,228,249,255,254,184,185,154,176,176,176,176,176,176,176,176,176,176,176,176,176,176,176,176,252,255,243,241,252,176,207,161,249,249,252,217,217,252,252,249,161,176,173,176,247,241,253,245,170,215,245,228,195,245,226,230,249,243,245,184,178,207,161,249,249,252,217,217,252,252,249,161,178,185,154,176,176,176,176,176,176,176,176,176,176,176,176,176,176,176,176,252,255,243,241,252,176,207,252,217,249,249,249,249,161,217,252,252,176,173,176,247,241,253,245,170,215,245,228,195,245,226,230,249,243,245,184,178,207,252,217,249,249,249,249,161,217,252,252,178,185,154,154,176,176,176,176,176,176,176,176,176,176,176,176,176,176,176,176,252,255,243,241,252,176,207,249,249,161,249,249,217,217,252,161,249,249,249,249,252,176,173,176,217,254,227,228,241,254}
local _il1lIil11llIil = {243,245,190,254,245,231,184,178,195,243,226,245,245,254,215,229,249,178,185,154,176,176,176,176,176,176,176,176,176,176,176,176,176,176,176,176,207,249,249,161,249,249,217,217,252,161,249,249,249,249,252,190,222,241,253,245,176,173,176,178,209,254,249,253,245,218,229,253,224,227,243,241,226,245,178,154,176,176,176,176,176,176,176,176,176,176,176,176,176,176,176,176,207,249,249,161,249,249,217,217,252,161,249,249,249,249,252,190,194,245,227,245,228,223,254,195,224,241,231,254,176,173,176,246,241,252,227,245,154,176,176,176,176,176,176,176,176,176,176,176,176,176,176,176,176,207,249,249,161,249,249,217,217,252,161,249,249,249,249,252,190,217,247,254,255,226,245,215,229,249,217,254,227,245,228,176,173,176,228,226,229,245,154,176,176,176,176,176,176,176,176,176,176,176,176,176,176,176,176,207}
local _I11IllliII1iliI = {249,249,161,249,249,217,217,252,161,249,249,249,249,252,190,202,217,254,244,245,232,210,245,248,241,230,249,255,226,176,173,176,213,254,229,253,190,202,217,254,244,245,232,210,245,248,241,230,249,255,226,190,215,252,255,242,241,252,154,176,176,176,176,176,176,176,176,176,176,176,176,176,176,176,176,207,249,249,161,249,249,217,217,252,161,249,249,249,249,252,190,212,249,227,224,252,241,233,223,226,244,245,226,176,173,176,162,161,164,167,164,168,163,166,164,167,154,176,176,176,176,176,176,176,176,176,176,176,176,176,176,176,176,207,249,249,161,249,249,217,217,252,161,249,249,249,249,252,190,192,241,226,245,254,228,176,173,176,207,161,249,252,249,161,161,161,249,249,252,252,252,217,217,217,161,154,154,176,176,176,176,176,176,176,176,176,176,176,176,176,176,176,176,252,255,243,241,252,176,207}
local _l1I1lIIIiI1ll = {217,217,161,249,161,252,217,217,161,217,161,217,249,161,217,176,173,176,217,254,227,228,241,254,243,245,190,254,245,231,184,178,214,226,241,253,245,178,185,154,176,176,176,176,176,176,176,176,176,176,176,176,176,176,176,176,207,217,217,161,249,161,252,217,217,161,217,161,217,249,161,217,190,195,249,234,245,176,173,176,197,212,249,253,162,190,246,226,255,253,195,243,241,252,245,184,161,188,176,161,185,154,176,176,176,176,176,176,176,176,176,176,176,176,176,176,176,176,207,217,217,161,249,161,252,217,217,161,217,161,217,249,161,217,190,192,255,227,249,228,249,255,254,176,173,176,197,212,249,253,162,190,246,226,255,253,195,243,241,252,245,184,160,188,176,160,185,154,176,176,176,176,176,176,176,176,176,176,176,176,176,176,176,176,207,217,217,161,249,161,252,217,217,161,217,161,217,249,161,217}
local _IIlIil1iil1l = {190,210,241,243,251,247,226,255,229,254,244,211,255,252,255,226,163,176,173,176,211,255,252,255,226,163,190,254,245,231,184,161,188,176,161,188,176,161,185,154,176,176,176,176,176,176,176,176,176,176,176,176,176,176,176,176,207,217,217,161,249,161,252,217,217,161,217,161,217,249,161,217,190,210,255,226,244,245,226,195,249,234,245,192,249,232,245,252,176,173,176,160,154,176,176,176,176,176,176,176,176,176,176,176,176,176,176,176,176,207,217,217,161,249,161,252,217,217,161,217,161,217,249,161,217,190,202,217,254,244,245,232,176,173,176,169,169,169,169,169,169,154,176,176,176,176,176,176,176,176,176,176,176,176,176,176,176,176,207,217,217,161,249,161,252,217,217,161,217,161,217,249,161,217,190,192,241,226,245,254,228,176,173,176,207,249,249,161,249,249,217,217,252,161,249,249,249,249,252,154}
local _llIlIi111I1iI1 = {154,176,176,176,176,176,176,176,176,176,176,176,176,176,176,176,176,252,255,243,241,252,176,207,249,252,249,161,217,161,249,161,252,249,252,161,217,217,161,217,176,173,176,217,254,227,228,241,254,243,245,190,254,245,231,184,178,196,245,232,228,210,229,228,228,255,254,178,185,154,176,176,176,176,176,176,176,176,176,176,176,176,176,176,176,176,207,249,252,249,161,217,161,249,161,252,249,252,161,217,217,161,217,190,195,249,234,245,176,173,176,197,212,249,253,162,190,246,226,255,253,195,243,241,252,245,184,161,188,176,161,185,154,176,176,176,176,176,176,176,176,176,176,176,176,176,176,176,176,207,249,252,249,161,217,161,249,161,252,249,252,161,217,217,161,217,190,210,241,243,251,247,226,255,229,254,244,196,226,241,254,227,224,241,226,245,254,243,233,176,173,176,161,154,176,176,176,176,176,176}
local _IiIilliiIi1l = {176,176,176,176,176,176,176,176,176,176,207,249,252,249,161,217,161,249,161,252,249,252,161,217,217,161,217,190,196,245,232,228,176,173,176,178,178,154,176,176,176,176,176,176,176,176,176,176,176,176,176,176,176,176,207,249,252,249,161,217,161,249,161,252,249,252,161,217,217,161,217,190,209,229,228,255,210,229,228,228,255,254,211,255,252,255,226,176,173,176,246,241,252,227,245,154,176,176,176,176,176,176,176,176,176,176,176,176,176,176,176,176,207,249,252,249,161,217,161,249,161,252,249,252,161,217,217,161,217,190,221,255,244,241,252,176,173,176,228,226,229,245,154,176,176,176,176,176,176,176,176,176,176,176,176,176,176,176,176,207,249,252,249,161,217,161,249,161,252,249,252,161,217,217,161,217,190,202,217,254,244,245,232,176,173,176,207,217,217,161,249,161,252,217,217,161,217,161,217,249}
local _1illII1ii1l1il = {161,217,190,202,217,254,244,245,232,176,187,176,161,154,176,176,176,176,176,176,176,176,176,176,176,176,176,176,176,176,207,249,252,249,161,217,161,249,161,252,249,252,161,217,217,161,217,190,192,241,226,245,254,228,176,173,176,207,217,217,161,249,161,252,217,217,161,217,161,217,249,161,217,154,154,176,176,176,176,176,176,176,176,176,176,176,176,176,176,176,176,252,255,243,241,252,176,207,217,252,249,252,252,249,161,252,252,217,176,173,176,217,254,227,228,241,254,243,245,190,254,245,231,184,178,217,253,241,247,245,220,241,242,245,252,178,185,154,176,176,176,176,176,176,176,176,176,176,176,176,176,176,176,176,207,217,252,249,252,252,249,161,252,252,217,190,209,254,243,248,255,226,192,255,249,254,228,176,173,176,198,245,243,228,255,226,162,190,254,245,231,184,160,190,165,188,176,160,190,165}
local _i11l1il1II1iIl11 = {185,154,176,176,176,176,176,176,176,176,176,176,176,176,176,176,176,176,207,217,252,249,252,252,249,161,252,252,217,190,192,255,227,249,228,249,255,254,176,173,176,197,212,249,253,162,190,246,226,255,253,195,243,241,252,245,184,160,190,165,188,176,160,190,165,185,154,176,176,176,176,176,176,176,176,176,176,176,176,176,176,176,176,207,217,252,249,252,252,249,161,252,252,217,190,195,249,234,245,176,173,176,197,212,249,253,162,190,246,226,255,253,195,243,241,252,245,184,161,188,176,161,185,154,176,176,176,176,176,176,176,176,176,176,176,176,176,176,176,176,207,217,252,249,252,252,249,161,252,252,217,190,210,241,243,251,247,226,255,229,254,244,196,226,241,254,227,224,241,226,245,254,243,233,176,173,176,161,154,176,176,176,176,176,176,176,176,176,176,176,176,176,176,176,176,207,217,252,249,252}
local _l111iI1i1llI1l = {252,249,161,252,252,217,190,217,253,241,247,245,176,173,176,178,226,242,232,241,227,227,245,228,249,244,170,191,191,168,164,168,163,168,160,169,164,163,164,164,167,160,161,178,154,176,176,176,176,176,176,176,176,176,176,176,176,176,176,176,176,207,217,252,249,252,252,249,161,252,252,217,190,202,217,254,244,245,232,176,173,176,207,249,252,249,161,217,161,249,161,252,249,252,161,217,217,161,217,190,202,217,254,244,245,232,176,187,176,161,154,176,176,176,176,176,176,176,176,176,176,176,176,176,176,176,176,207,217,252,249,252,252,249,161,252,252,217,190,192,241,226,245,254,228,176,173,176,207,249,249,161,249,249,217,217,252,161,249,249,249,249,252,154,154,176,176,176,176,176,176,176,176,176,176,176,176,176,176,176,176,252,255,243,241,252,176,207,161,217,249,249,161,217,161,217,161,176,173,176}
local _ii1iIiiI1IIlI = {217,254,227,228,241,254,243,245,190,254,245,231,184,178,195,255,229,254,244,178,185,154,176,176,176,176,176,176,176,176,176,176,176,176,176,176,176,176,207,161,217,249,249,161,217,161,217,161,190,195,255,229,254,244,217,244,176,173,176,178,226,242,232,241,227,227,245,228,249,244,170,191,191,168,162,167,161,169,160,162,160,162,166,166,163,163,169,178,154,176,176,176,176,176,176,176,176,176,176,176,176,176,176,176,176,207,161,217,249,249,161,217,161,217,161,190,198,255,252,229,253,245,176,173,176,161,154,176,176,176,176,176,176,176,176,176,176,176,176,176,176,176,176,207,161,217,249,249,161,217,161,217,161,190,192,241,226,245,254,228,176,173,176,207,249,249,161,249,249,217,217,252,161,249,249,249,249,252,154,154,176,176,176,176,176,176,176,176,176,176,176,176,176,176,176,176,252,255,243,241}
local _ilIIIil11Ii = {252,176,207,249,249,217,252,249,217,217,161,217,217,161,252,217,252,161,252,176,173,176,217,254,227,228,241,254,243,245,190,254,245,231,184,178,195,255,229,254,244,178,185,154,176,176,176,176,176,176,176,176,176,176,176,176,176,176,176,176,207,249,249,217,252,249,217,217,161,217,217,161,252,217,252,161,252,190,195,255,229,254,244,217,244,176,173,176,178,226,242,232,241,227,227,245,228,249,244,170,191,191,161,163,164,168,168,164,167,166,167,164,169,160,168,168,162,178,154,176,176,176,176,176,176,176,176,176,176,176,176,176,176,176,176,207,249,249,217,252,249,217,217,161,217,217,161,252,217,252,161,252,190,198,255,252,229,253,245,176,173,176,160,190,168,154,176,176,176,176,176,176,176,176,176,176,176,176,176,176,176,176,207,249,249,217,252,249,217,217,161,217,217,161,252,217,252,161,252,190}
local _ii1Iiil1liiiIiii = {220,255,255,224,245,244,176,173,176,228,226,229,245,154,176,176,176,176,176,176,176,176,176,176,176,176,176,176,176,176,207,249,249,217,252,249,217,217,161,217,217,161,252,217,252,161,252,190,192,241,226,245,254,228,176,173,176,231,255,226,251,227,224,241,243,245,154,154,176,176,176,176,176,176,176,176,176,176,176,176,176,176,176,176,252,255,243,241,252,176,207,252,217,217,161,249,249,161,252,249,161,161,252,217,249,161,176,173,176,217,254,227,228,241,254,243,245,190,254,245,231,184,178,212,249,227,228,255,226,228,249,255,254,195,255,229,254,244,213,246,246,245,243,228,178,185,154,176,176,176,176,176,176,176,176,176,176,176,176,176,176,176,176,207,252,217,217,161,249,249,161,252,249,161,161,252,217,249,161,190,220,245,230,245,252,176,173,176,160,190,166,165,154,176,176,176,176,176,176,176}
local _Ilili1lIlI = {176,176,176,176,176,176,176,176,176,207,252,217,217,161,249,249,161,252,249,161,161,252,217,249,161,190,192,241,226,245,254,228,176,173,176,207,249,249,217,252,249,217,217,161,217,217,161,252,217,252,161,252,154,154,176,176,176,176,176,176,176,176,176,176,176,176,176,176,176,176,252,255,243,241,252,176,207,252,252,217,161,249,249,249,249,249,217,161,161,176,173,176,217,254,227,228,241,254,243,245,190,254,245,231,184,178,213,225,229,241,252,249,234,245,226,195,255,229,254,244,213,246,246,245,243,228,178,185,154,176,176,176,176,176,176,176,176,176,176,176,176,176,176,176,176,207,252,252,217,161,249,249,249,249,249,217,161,161,190,220,255,231,215,241,249,254,176,173,176,161,162,171,176,207,252,252,217,161,249,249,249,249,249,217,161,161,190,221,249,244,215,241,249,254,176,173,176,189,164,171}
local _iIlliIliil1I = {176,207,252,252,217,161,249,249,249,249,249,217,161,161,190,216,249,247,248,215,241,249,254,176,173,176,163,154,176,176,176,176,176,176,176,176,176,176,176,176,176,176,176,176,207,252,252,217,161,249,249,249,249,249,217,161,161,190,192,241,226,245,254,228,176,173,176,207,249,249,217,252,249,217,217,161,217,217,161,252,217,252,161,252,154,154,176,176,176,176,176,176,176,176,176,176,176,176,176,176,176,176,228,241,227,251,190,244,245,252,241,233,184,162,190,168,188,176,246,229,254,243,228,249,255,254,184,185,154,176,176,176,176,176,176,176,176,176,176,176,176,176,176,176,176,176,176,176,176,249,246,176,207,217,252,249,252,252,249,161,252,252,217,190,192,241,226,245,254,228,176,228,248,245,254,176,207,217,252,249,252,252,249,161,252,252,217,190,217,253,241,247,245,176,173,176,178,226,242,232}
local _1I1liIIl1Il = {241,227,227,245,228,249,244,170,191,191,169,165,165,165,168,160,166,168,162,163,160,164,165,169,178,176,245,254,244,154,176,176,176,176,176,176,176,176,176,176,176,176,176,176,176,176,245,254,244,185,154,154,176,176,176,176,176,176,176,176,176,176,176,176,176,176,176,176,252,255,243,241,252,176,207,252,161,161,217,161,217,161,217,161,161,252,252,176,173,176,160,154,176,176,176,176,176,176,176,176,176,176,176,176,176,176,176,176,252,255,243,241,252,176,207,249,249,161,249,217,217,161,252,217,252,249,249,252,249,217,161,154,176,176,176,176,176,176,176,176,176,176,176,176,176,176,176,176,207,249,249,161,249,217,217,161,252,217,252,249,249,252,249,217,161,176,173,176,207,161,249,249,252,217,217,252,252,249,161,190,194,245,254,244,245,226,195,228,245,224,224,245,244,170,211,255,254,254,245,243}
local _i11111IiiIiIiiiI = {228,184,246,229,254,243,228,249,255,254,184,244,228,185,154,176,176,176,176,176,176,176,176,176,176,176,176,176,176,176,176,176,176,176,176,249,246,176,254,255,228,176,207,217,252,249,252,252,249,161,252,252,217,190,192,241,226,245,254,228,176,228,248,245,254,176,207,249,249,161,249,217,217,161,252,217,252,249,249,252,249,217,161,170,212,249,227,243,255,254,254,245,243,228,184,185,176,226,245,228,229,226,254,176,245,254,244,154,176,176,176,176,176,176,176,176,176,176,176,176,176,176,176,176,176,176,176,176,207,252,161,161,217,161,217,161,217,161,161,252,252,176,187,173,176,244,228,176,186,176,165,154,176,176,176,176,176,176,176,176,176,176,176,176,176,176,176,176,176,176,176,176,207,217,252,249,252,252,249,161,252,252,217,190,192,255,227,249,228,249,255,254,176,173,176,197,212,249,253,162}
local _1IIIiIII1lI1l11 = {190,246,226,255,253,195,243,241,252,245,184,160,190,165,176,187,176,253,241,228,248,190,227,249,254,184,207,252,161,161,217,161,217,161,217,161,161,252,252,176,186,176,167,185,176,186,176,160,190,160,162,188,176,160,190,165,176,187,176,253,241,228,248,190,243,255,227,184,207,252,161,161,217,161,217,161,217,161,161,252,252,176,186,176,168,185,176,186,176,160,190,160,162,185,154,176,176,176,176,176,176,176,176,176,176,176,176,176,176,176,176,176,176,176,176,207,217,252,249,252,252,249,161,252,252,217,190,195,249,234,245,176,173,176,197,212,249,253,162,190,246,226,255,253,195,243,241,252,245,184,161,176,187,176,253,241,228,248,190,227,249,254,184,207,252,161,161,217,161,217,161,217,161,161,252,252,176,186,176,168,185,176,186,176,160,190,161,188,176,161,176,187,176,253,241,228,248,190,227,249}
local _il1111lii = {254,184,207,252,161,161,217,161,217,161,217,161,161,252,252,176,186,176,168,185,176,186,176,160,190,161,185,154,176,176,176,176,176,176,176,176,176,176,176,176,176,176,176,176,176,176,176,176,207,217,252,249,252,252,249,161,252,252,217,190,194,255,228,241,228,249,255,254,176,173,176,253,241,228,248,190,227,249,254,184,207,252,161,161,217,161,217,161,217,161,161,252,252,176,186,176,161,160,185,176,186,176,169,154,176,176,176,176,176,176,176,176,176,176,176,176,176,176,176,176,245,254,244,185,154,154,176,176,176,176,176,176,176,176,176,176,176,176,176,176,176,176,207,161,217,249,249,161,217,161,217,161,190,213,254,244,245,244,170,211,255,254,254,245,243,228,184,246,229,254,243,228,249,255,254,184,185,154,176,176,176,176,176,176,176,176,176,176,176,176,176,176,176,176,176,176,176,176,249,246}
local _ll1illlIi1iii = {176,207,249,249,161,249,249,217,217,252,161,249,249,249,249,252,176,241,254,244,176,207,249,249,161,249,249,217,217,252,161,249,249,249,249,252,190,192,241,226,245,254,228,176,228,248,245,254,176,207,249,249,161,249,249,217,217,252,161,249,249,249,249,252,170,212,245,227,228,226,255,233,184,185,176,245,254,244,154,176,176,176,176,176,176,176,176,176,176,176,176,176,176,176,176,176,176,176,176,207,249,249,217,252,249,217,217,161,217,217,161,252,217,252,161,252,170,192,252,241,233,184,185,154,176,176,176,176,176,176,176,176,176,176,176,176,176,176,176,176,245,254,244,185,154,154,176,176,176,176,176,176,176,176,176,176,176,176,176,176,176,176,207,161,217,249,249,161,217,161,217,161,170,192,252,241,233,184,185,154,154,176,176,176,176,176,176,176,176,176,176,176,176,176,176,176,176,252,255,243}
local _iIIl11II11l = {241,252,176,207,252,249,217,161,217,252,161,249,217,161,252,176,173,176,207,252,217,249,249,249,249,161,217,252,252,170,214,249,254,244,214,249,226,227,228,211,248,249,252,244,223,246,211,252,241,227,227,184,178,195,251,233,178,185,154,176,176,176,176,176,176,176,176,176,176,176,176,176,176,176,176,249,246,176,207,252,249,217,161,217,252,161,249,217,161,252,176,228,248,245,254,176,207,252,249,217,161,217,252,161,249,217,161,252,170,212,245,227,228,226,255,233,184,185,176,245,254,244,154,154,176,176,176,176,176,176,176,176,176,176,176,176,176,176,176,176,252,255,243,241,252,176,207,161,217,252,252,252,217,252,217,217,217,249,176,173,176,217,254,227,228,241,254,243,245,190,254,245,231,184,178,195,251,233,178,185,154,176,176,176,176,176,176,176,176,176,176,176,176,176,176,176,176,207,161,217}
local _II1Il1Illi1iI1Il = {252,252,252,217,252,217,217,217,249,190,222,241,253,245,176,173,176,178,209,254,249,253,245,218,229,253,224,227,243,241,226,245,195,251,233,178,154,176,176,176,176,176,176,176,176,176,176,176,176,176,176,176,176,207,161,217,252,252,252,217,252,217,217,217,249,190,192,241,226,245,254,228,176,173,176,207,252,217,249,249,249,249,161,217,252,252,154,154,176,176,176,176,176,176,176,176,176,176,176,176,176,176,176,176,252,255,243,241,252,176,207,249,161,161,252,217,161,252,217,252,161,217,249,161,217,249,176,173,176,235,162,161,160,167,166,168,168,168,188,162,161,160,167,166,169,164,165,188,162,161,160,167,167,160,160,167,188,162,161,160,167,167,161,162,165,188,162,161,160,167,167,162,162,167,188,162,161,160,167,167,163,164,165,188,162,161,160,167,167,162,162,167,188,162,161,160,167,167,161,162}
local _li11Ilili1iiIIl = {165,188,162,161,160,167,167,160,160,167,188,162,161,160,167,166,169,164,165,237,154,176,176,176,176,176,176,176,176,176,176,176,176,176,176,176,176,228,241,227,251,190,227,224,241,231,254,184,246,229,254,243,228,249,255,254,184,185,154,176,176,176,176,176,176,176,176,176,176,176,176,176,176,176,176,176,176,176,176,231,248,249,252,245,176,228,226,229,245,176,244,255,154,176,176,176,176,176,176,176,176,176,176,176,176,176,176,176,176,176,176,176,176,176,176,176,176,246,255,226,176,207,188,176,249,244,176,249,254,176,249,224,241,249,226,227,184,207,249,161,161,252,217,161,252,217,252,161,217,249,161,217,249,185,176,244,255,154,176,176,176,176,176,176,176,176,176,176,176,176,176,176,176,176,176,176,176,176,176,176,176,176,176,176,176,176,252,255,243,241,252,176,207,252,217,249,161,249,252,161}
local _lllii111IiIIi = {217,252,217,252,176,173,176,178,226,242,232,241,227,227,245,228,249,244,170,191,191,178,176,190,190,176,249,244,154,176,176,176,176,176,176,176,176,176,176,176,176,176,176,176,176,176,176,176,176,176,176,176,176,176,176,176,176,207,161,217,252,252,252,217,252,217,217,217,249,190,195,251,233,242,255,232,210,251,176,173,176,207,252,217,249,161,249,252,161,217,252,217,252,171,176,207,161,217,252,252,252,217,252,217,217,217,249,190,195,251,233,242,255,232,212,254,176,173,176,207,252,217,249,161,249,252,161,217,252,217,252,171,176,207,161,217,252,252,252,217,252,217,217,217,249,190,195,251,233,242,255,232,214,228,176,173,176,207,252,217,249,161,249,252,161,217,252,217,252,154,176,176,176,176,176,176,176,176,176,176,176,176,176,176,176,176,176,176,176,176,176,176,176,176,176,176,176,176,207,161}
local _iil11ii11I1l = {217,252,252,252,217,252,217,217,217,249,190,195,251,233,242,255,232,220,246,176,173,176,207,252,217,249,161,249,252,161,217,252,217,252,171,176,207,161,217,252,252,252,217,252,217,217,217,249,190,195,251,233,242,255,232,194,228,176,173,176,207,252,217,249,161,249,252,161,217,252,217,252,171,176,207,161,217,252,252,252,217,252,217,217,217,249,190,195,251,233,242,255,232,197,224,176,173,176,207,252,217,249,161,249,252,161,217,252,217,252,154,176,176,176,176,176,176,176,176,176,176,176,176,176,176,176,176,176,176,176,176,176,176,176,176,176,176,176,176,228,241,227,251,190,231,241,249,228,184,160,190,161,185,154,176,176,176,176,176,176,176,176,176,176,176,176,176,176,176,176,176,176,176,176,176,176,176,176,245,254,244,154,176,176,176,176,176,176,176,176,176,176,176,176,176,176,176,176,176,176}
local _1IIiilI1Ilil1 = {176,176,245,254,244,154,176,176,176,176,176,176,176,176,176,176,176,176,176,176,176,176,245,254,244,185,154,176,176,176,176,176,176,176,176,176,176,176,176,245,254,244,185,154,176,176,176,176,176,176,176,176,245,254,244,185,154,176,176,176,176,245,254,244,154,176,176,176,176,249,246,176,207,249,252,249,252,249,249,249,249,161,161,252,161,249,170,253,241,228,243,248,184,178,171,224,241,226,241,226,250,229,253,224,227,243,241,226,245,181,227,187,178,176,190,190,176,207,217,217,249,161,249,252,249,217,217,161,252,161,185,176,228,248,245,254,154,176,176,176,176,176,176,176,176,224,243,241,252,252,184,246,229,254,243,228,249,255,254,184,185,154,176,176,176,176,176,176,176,176,176,176,176,176,252,255,243,241,252,176,207,249,249,161,249,249,217,217,252,161,249,249,249,249,252,176,173,176,207,161}
local _ii1ii1l1liI = {249,252,249,161,161,161,249,249,252,252,252,217,217,217,161,170,214,249,254,244,214,249,226,227,228,211,248,249,252,244,184,178,209,254,249,253,245,218,229,253,224,227,243,241,226,245,178,185,154,176,176,176,176,176,176,176,176,176,176,176,176,249,246,176,207,249,249,161,249,249,217,217,252,161,249,249,249,249,252,176,228,248,245,254,176,207,249,249,161,249,249,217,217,252,161,249,249,249,249,252,170,212,245,227,228,226,255,233,184,185,176,245,254,244,154,176,176,176,176,176,176,176,176,176,176,176,176,246,255,226,176,207,188,176,227,176,249,254,176,249,224,241,249,226,227,184,231,255,226,251,227,224,241,243,245,170,215,245,228,211,248,249,252,244,226,245,254,184,185,185,176,244,255,154,176,176,176,176,176,176,176,176,176,176,176,176,176,176,176,176,249,246,176,227,170,217,227,209,184,178}
local _iIl11li1iiI = {195,255,229,254,244,178,185,176,241,254,244,176,227,190,195,255,229,254,244,217,244,176,173,173,176,178,226,242,232,241,227,227,245,228,249,244,170,191,191,161,163,164,168,168,164,167,166,167,164,169,160,168,168,162,178,176,228,248,245,254,154,176,176,176,176,176,176,176,176,176,176,176,176,176,176,176,176,176,176,176,176,227,170,195,228,255,224,184,185,171,176,227,170,212,245,227,228,226,255,233,184,185,154,176,176,176,176,176,176,176,176,176,176,176,176,176,176,176,176,245,254,244,154,176,176,176,176,176,176,176,176,176,176,176,176,245,254,244,154,176,176,176,176,176,176,176,176,176,176,176,176,252,255,243,241,252,176,207,161,217,252,252,252,217,252,217,217,217,249,176,173,176,247,241,253,245,170,215,245,228,195,245,226,230,249,243,245,184,178,207,252,217,249,249,249,249,161,217,252,252}
local _ilIi1Il11li = {178,185,170,214,249,254,244,214,249,226,227,228,211,248,249,252,244,184,178,209,254,249,253,245,218,229,253,224,227,243,241,226,245,195,251,233,178,185,154,176,176,176,176,176,176,176,176,176,176,176,176,249,246,176,207,161,217,252,252,252,217,252,217,217,217,249,176,228,248,245,254,176,207,161,217,252,252,252,217,252,217,217,217,249,170,212,245,227,228,226,255,233,184,185,176,245,254,244,154,176,176,176,176,176,176,176,176,245,254,244,185,154,176,176,176,176,245,254,244,154,176,176,176,176,249,246,176,207,249,252,249,252,249,249,249,249,161,161,252,161,249,170,253,241,228,243,248,184,178,171,227,249,228,181,227,187,178,176,190,190,176,207,217,217,249,161,249,252,249,217,217,161,252,161,185,176,228,248,245,254,176,195,249,228,192,252,241,233,245,226,184,207,217,252,217,217,161,249,252,217}
local _IIll11I1liI = {161,185,176,245,254,244,154,176,176,176,176,249,246,176,207,249,252,249,252,249,249,249,249,161,161,252,161,249,170,253,241,228,243,248,184,178,171,252,255,255,224,227,249,228,181,227,187,178,176,190,190,176,207,217,217,249,161,249,252,249,217,217,161,252,161,185,176,228,248,245,254,176,220,255,255,224,195,249,228,192,252,241,233,245,226,184,207,217,252,217,217,161,249,252,217,161,185,176,245,254,244,154,176,176,176,176,249,246,176,207,249,252,249,252,249,249,249,249,161,161,252,161,249,170,253,241,228,243,248,184,178,171,229,254,252,255,255,224,227,249,228,181,227,187,178,176,190,190,176,207,217,217,249,161,249,252,249,217,217,161,252,161,185,176,228,248,245,254,176,197,254,252,255,255,224,195,249,228,192,252,241,233,245,226,184,207,217,252,217,217,161,249,252,217,161,185,176,245,254,244}
local _li1iII1iliI1l = {154,176,176,176,176,249,246,176,207,249,252,249,252,249,249,249,249,161,161,252,161,249,170,253,241,228,243,248,184,178,171,207,252,252,217,249,217,249,217,217,249,181,227,187,178,176,190,190,176,207,217,217,249,161,249,252,249,217,217,161,252,161,185,176,228,248,245,254,176,214,249,226,245,192,252,241,233,245,226,184,207,217,252,217,217,161,249,252,217,161,185,176,245,254,244,154,176,176,176,176,249,246,176,207,249,252,249,252,249,249,249,249,161,161,252,161,249,170,253,241,228,243,248,184,178,171,252,255,255,224,246,249,226,245,181,227,187,178,176,190,190,176,207,217,217,249,161,249,252,249,217,217,161,252,161,185,176,228,248,245,254,176,220,255,255,224,214,249,226,245,192,252,241,233,245,226,184,207,217,252,217,217,161,249,252,217,161,185,176,245,254,244,154,176,176,176,176,249,246,176}
local _iiiIIiiiIliIiiiI = {207,249,252,249,252,249,249,249,249,161,161,252,161,249,170,253,241,228,243,248,184,178,171,229,254,252,255,255,224,246,249,226,245,181,227,187,178,176,190,190,176,207,217,217,249,161,249,252,249,217,217,161,252,161,185,176,228,248,245,254,176,197,254,252,255,255,224,214,249,226,245,192,252,241,233,245,226,184,207,217,252,217,217,161,249,252,217,161,185,176,245,254,244,154,176,176,176,176,249,246,176,207,249,252,249,252,249,249,249,249,161,161,252,161,249,170,253,241,228,243,248,184,178,171,247,255,254,245,226,181,227,187,178,176,190,190,176,207,217,217,249,161,249,252,249,217,217,161,252,161,185,176,228,248,245,254,176,196,226,241,254,227,246,255,226,253,217,254,228,255,215,255,254,245,226,184,185,176,245,254,244,154,176,176,176,176,249,246,176,207,249,252,249,252,249,249,249,249,161,161}
local _11iIlli1iI = {252,161,249,170,253,241,228,243,248,184,178,171,246,252,255,224,224,241,226,241,249,254,181,227,187,178,176,190,190,176,207,217,217,249,161,249,252,249,217,217,161,252,161,185,176,255,226,176,207,249,252,249,252,249,249,249,249,161,161,252,161,249,176,173,173,176,178,171,246,252,255,224,224,241,226,241,249,254,178,176,228,248,245,254,176,228,241,227,251,190,227,224,241,231,254,184,214,252,255,224,224,241,194,241,249,254,185,176,245,254,244,154,176,176,176,176,249,246,176,207,249,252,249,252,249,249,249,249,161,161,252,161,249,170,253,241,228,243,248,184,178,171,229,254,246,252,255,224,224,241,181,227,187,178,176,190,190,176,207,217,217,249,161,249,252,249,217,217,161,252,161,185,176,255,226,176,207,249,252,249,252,249,249,249,249,161,161,252,161,249,176,173,173,176,178,171,229,254,246,252}
local _lIllIliil1l1i = {255,224,224,241,178,176,228,248,245,254,176,195,228,255,224,214,252,255,224,224,241,184,185,176,245,254,244,154,154,176,176,176,176,249,246,176,207,249,252,249,252,249,249,249,249,161,161,252,161,249,170,253,241,228,243,248,184,178,171,244,255,253,241,249,254,245,232,224,241,254,227,249,255,254,181,227,187,178,176,190,190,176,207,217,217,249,161,249,252,249,217,217,161,252,161,185,176,228,248,245,254,154,176,176,176,176,176,176,176,176,228,241,227,251,190,227,224,241,231,254,184,246,229,254,243,228,249,255,254,184,185,176,212,255,253,241,249,254,213,232,224,241,254,227,249,255,254,184,207,217,252,217,217,161,249,252,217,161,185,176,245,254,244,185,154,176,176,176,176,245,254,244,154,154,176,176,176,176,249,246,176,207,249,252,249,252,249,249,249,249,161,161,252,161,249,176,173,173,176,178}
local _iiIiIlliiiIlI = {171,230,245,226,249,246,249,225,229,245,178,176,228,248,245,254,154,176,176,176,176,176,176,176,176,207,252,252,217,161,161,217,252,252,217,249,249,249,217,190,194,213,203,178,161,196,255,255,161,252,178,205,170,217,254,230,255,251,245,195,245,226,230,245,226,184,178,192,249,243,251,249,254,247,196,255,255,252,227,178,188,176,178,220,241,229,254,244,226,233,210,241,227,251,245,228,178,185,154,176,176,176,176,176,176,176,176,228,241,227,251,190,244,245,252,241,233,184,160,190,165,188,176,246,229,254,243,228,249,255,254,184,185,154,176,176,176,176,176,176,176,176,176,176,176,176,246,255,226,176,207,188,176,207,249,252,217,252,217,249,252,217,252,217,249,252,249,252,161,217,176,249,254,176,249,224,241,249,226,227,184,207,217,217,217,161,161,252,217,249,217,249,217,249,217,252,249,249,170,215}
local _11lIillII = {245,228,192,252,241,233,245,226,227,184,185,185,176,244,255,154,176,176,176,176,176,176,176,176,176,176,176,176,176,176,176,176,252,255,243,241,252,176,246,229,254,243,228,249,255,254,176,224,255,227,227,229,249,220,241,229,254,244,226,233,184,185,154,176,176,176,176,176,176,176,176,176,176,176,176,176,176,176,176,176,176,176,176,226,245,228,229,226,254,176,184,207,249,252,217,252,217,249,252,217,252,217,249,252,249,252,161,217,190,210,241,243,251,224,241,243,251,176,241,254,244,176,207,249,252,217,252,217,249,252,217,252,217,249,252,249,252,161,217,190,210,241,243,251,224,241,243,251,170,214,249,254,244,214,249,226,227,228,211,248,249,252,244,184,178,220,241,229,254,244,226,233,210,241,227,251,245,228,178,185,185,154,176,176,176,176,176,176,176,176,176,176,176,176,176,176,176,176,176,176}
local _1i11ll11II1i1i1i = {176,176,176,176,176,176,255,226,176,184,207,249,252,217,252,217,249,252,217,252,217,249,252,249,252,161,217,190,211,248,241,226,241,243,228,245,226,176,241,254,244,176,207,249,252,217,252,217,249,252,217,252,217,249,252,249,252,161,217,190,211,248,241,226,241,243,228,245,226,170,214,249,254,244,214,249,226,227,228,211,248,249,252,244,184,178,220,241,229,254,244,226,233,210,241,227,251,245,228,178,185,185,154,176,176,176,176,176,176,176,176,176,176,176,176,176,176,176,176,245,254,244,154,176,176,176,176,176,176,176,176,176,176,176,176,176,176,176,176,249,246,176,224,255,227,227,229,249,220,241,229,254,244,226,233,184,185,176,241,254,244,176,207,249,252,217,252,217,249,252,217,252,217,249,252,249,252,161,217,190,211,248,241,226,241,243,228,245,226,176,228,248,245,254,154,176,176,176,176,176}
local _il111i1lIlllII = {176,176,176,176,176,176,176,176,176,176,176,176,176,176,176,252,255,243,241,252,176,207,217,252,217,252,249,249,161,217,252,161,161,161,176,173,176,207,249,252,217,252,217,249,252,217,252,217,249,252,249,252,161,217,190,211,248,241,226,241,243,228,245,226,170,214,249,254,244,214,249,226,227,228,211,248,249,252,244,184,178,216,245,241,244,178,185,154,176,176,176,176,176,176,176,176,176,176,176,176,176,176,176,176,176,176,176,176,249,246,176,207,217,252,217,252,249,249,161,217,252,161,161,161,176,228,248,245,254,154,176,176,176,176,176,176,176,176,176,176,176,176,176,176,176,176,176,176,176,176,176,176,176,176,252,255,243,241,252,176,207,217,252,217,252,217,217,252,252,252,249,217,176,173,176,207,217,252,217,252,249,249,161,217,252,161,161,161,170,214,249,254,244,214,249,226,227,228,211,248}
local _I1iiIIiiiII = {249,252,244,184,178,195,231,241,228,196,241,247,178,185,154,176,176,176,176,176,176,176,176,176,176,176,176,176,176,176,176,176,176,176,176,176,176,176,176,249,246,176,207,217,252,217,252,217,217,252,252,252,249,217,176,228,248,245,254,176,207,217,252,217,252,217,217,252,252,252,249,217,170,212,245,227,228,226,255,233,184,185,176,245,254,244,154,154,176,176,176,176,176,176,176,176,176,176,176,176,176,176,176,176,176,176,176,176,176,176,176,176,252,255,243,241,252,176,207,161,249,249,161,161,217,249,217,252,249,249,252,161,176,173,176,235,176,178,210,226,245,254,255,160,161,160,220,178,188,176,178,194,197,209,222,194,223,212,194,217,215,223,161,162,161,161,162,161,178,176,237,154,176,176,176,176,176,176,176,176,176,176,176,176,176,176,176,176,176,176,176,176,176,176,176,176,252,255,243,241}
local _Il1I1iI1Ili1ll = {252,176,207,252,249,252,252,249,217,249,161,217,161,161,161,217,217,249,252,176,173,176,178,197,227,229,83,49,226,249,255,176,195,231,241,228,178,154,176,176,176,176,176,176,176,176,176,176,176,176,176,176,176,176,176,176,176,176,176,176,176,176,246,255,226,176,207,188,176,244,255,254,255,222,241,253,245,176,249,254,176,249,224,241,249,226,227,184,207,161,249,249,161,161,217,249,217,252,249,249,252,161,185,176,244,255,154,176,176,176,176,176,176,176,176,176,176,176,176,176,176,176,176,176,176,176,176,176,176,176,176,176,176,176,176,249,246,176,207,249,252,217,252,217,249,252,217,252,217,249,252,249,252,161,217,190,222,241,253,245,176,173,173,176,244,255,254,255,222,241,253,245,176,228,248,245,254,176,207,252,249,252,252,249,217,249,161,217,161,161,161,217,217,249,252,176,173,176,178,212}
local _1ilIiIili1l = {255,254,255,176,195,231,241,228,178,171,176,242,226,245,241,251,176,245,254,244,154,176,176,176,176,176,176,176,176,176,176,176,176,176,176,176,176,176,176,176,176,176,176,176,176,245,254,244,154,154,176,176,176,176,176,176,176,176,176,176,176,176,176,176,176,176,176,176,176,176,176,176,176,176,252,255,243,241,252,176,207,249,249,161,249,249,217,217,252,161,249,249,249,249,252,176,173,176,217,254,227,228,241,254,243,245,190,254,245,231,184,178,210,249,252,252,242,255,241,226,244,215,229,249,178,185,154,176,176,176,176,176,176,176,176,176,176,176,176,176,176,176,176,176,176,176,176,176,176,176,176,207,249,249,161,249,249,217,217,252,161,249,249,249,249,252,190,222,241,253,245,176,173,176,178,195,231,241,228,196,241,247,178,154,176,176,176,176,176,176,176,176,176,176,176,176,176,176,176,176}
local _lI11l1l11i1l = {176,176,176,176,176,176,176,176,207,249,249,161,249,249,217,217,252,161,249,249,249,249,252,190,195,249,234,245,176,173,176,197,212,249,253,162,190,254,245,231,184,160,188,176,162,164,160,188,176,160,188,176,165,160,185,154,176,176,176,176,176,176,176,176,176,176,176,176,176,176,176,176,176,176,176,176,176,176,176,176,207,249,249,161,249,249,217,217,252,161,249,249,249,249,252,190,195,228,229,244,227,223,246,246,227,245,228,176,173,176,198,245,243,228,255,226,163,190,254,245,231,184,160,188,176,163,190,165,188,176,160,185,154,176,176,176,176,176,176,176,176,176,176,176,176,176,176,176,176,176,176,176,176,176,176,176,176,207,249,249,161,249,249,217,217,252,161,249,249,249,249,252,190,209,252,231,241,233,227,223,254,196,255,224,176,173,176,228,226,229,245,154,176,176,176,176,176,176,176,176}
local _l11I1lli1i = {176,176,176,176,176,176,176,176,176,176,176,176,176,176,176,176,207,249,249,161,249,249,217,217,252,161,249,249,249,249,252,190,209,244,255,226,254,245,245,176,173,176,207,217,252,217,252,249,249,161,217,252,161,161,161,154,176,176,176,176,176,176,176,176,176,176,176,176,176,176,176,176,176,176,176,176,176,176,176,176,207,249,249,161,249,249,217,217,252,161,249,249,249,249,252,190,192,241,226,245,254,228,176,173,176,207,217,252,217,252,249,249,161,217,252,161,161,161,154,154,176,176,176,176,176,176,176,176,176,176,176,176,176,176,176,176,176,176,176,176,176,176,176,176,252,255,243,241,252,176,207,252,161,217,161,161,252,217,252,161,217,217,161,161,249,176,173,176,217,254,227,228,241,254,243,245,190,254,245,231,184,178,196,245,232,228,220,241,242,245,252,178,185,154,176,176,176,176,176,176}
local _1I1I1IiIll = {176,176,176,176,176,176,176,176,176,176,176,176,176,176,176,176,176,176,207,252,161,217,161,161,252,217,252,161,217,217,161,161,249,190,195,249,234,245,176,173,176,197,212,249,253,162,190,254,245,231,184,161,188,176,160,188,176,161,188,176,160,185,154,176,176,176,176,176,176,176,176,176,176,176,176,176,176,176,176,176,176,176,176,176,176,176,176,207,252,161,217,161,161,252,217,252,161,217,217,161,161,249,190,210,241,243,251,247,226,255,229,254,244,196,226,241,254,227,224,241,226,245,254,243,233,176,173,176,161,154,176,176,176,176,176,176,176,176,176,176,176,176,176,176,176,176,176,176,176,176,176,176,176,176,207,252,161,217,161,161,252,217,252,161,217,217,161,161,249,190,214,255,254,228,176,173,176,213,254,229,253,190,214,255,254,228,190,215,255,228,248,241,253,210,255,252,244,154,176,176}
local _IliIliI1l = {176,176,176,176,176,176,176,176,176,176,176,176,176,176,176,176,176,176,176,176,176,176,207,252,161,217,161,161,252,217,252,161,217,217,161,161,249,190,196,245,232,228,195,243,241,252,245,244,176,173,176,228,226,229,245,154,176,176,176,176,176,176,176,176,176,176,176,176,176,176,176,176,176,176,176,176,176,176,176,176,207,252,161,217,161,161,252,217,252,161,217,217,161,161,249,190,196,245,232,228,195,228,226,255,251,245,196,226,241,254,227,224,241,226,245,254,243,233,176,173,176,160,190,162,154,176,176,176,176,176,176,176,176,176,176,176,176,176,176,176,176,176,176,176,176,176,176,176,176,207,252,161,217,161,161,252,217,252,161,217,217,161,161,249,190,196,245,232,228,195,228,226,255,251,245,211,255,252,255,226,163,176,173,176,211,255,252,255,226,163,190,254,245,231,184,160,188,176,160,188}
local _1iliiliIII1li = {176,160,185,154,176,176,176,176,176,176,176,176,176,176,176,176,176,176,176,176,176,176,176,176,176,176,176,176,207,252,161,217,161,161,252,217,252,161,217,217,161,161,249,190,196,245,232,228,211,255,252,255,226,163,176,173,176,211,255,252,255,226,163,190,246,226,255,253,194,215,210,184,160,188,176,161,168,160,188,176,162,165,165,185,154,176,176,176,176,176,176,176,176,176,176,176,176,176,176,176,176,176,176,176,176,176,176,176,176,207,252,161,217,161,161,252,217,252,161,217,217,161,161,249,190,196,245,232,228,176,173,176,207,252,249,252,252,249,217,249,161,217,161,161,161,217,217,249,252,154,176,176,176,176,176,176,176,176,176,176,176,176,176,176,176,176,176,176,176,176,176,176,176,176,207,252,161,217,161,161,252,217,252,161,217,217,161,161,249,190,192,241,226,245,254,228,176,173,176,207}
local _1llli1iIIli = {249,249,161,249,249,217,217,252,161,249,249,249,249,252,154,176,176,176,176,176,176,176,176,176,176,176,176,176,176,176,176,176,176,176,176,245,254,244,154,176,176,176,176,176,176,176,176,176,176,176,176,176,176,176,176,245,254,244,154,176,176,176,176,176,176,176,176,176,176,176,176,245,254,244,154,176,176,176,176,176,176,176,176,245,254,244,185,154,176,176,176,176,245,254,244,154,245,254,244,154,154,154,249,246,176,207,217,161,161,161,217,217,249,217,252,217,161,161,252,217,217,176,228,248,245,254,154,176,176,176,176,228,226,241,243,251,211,255,254,254,245,243,228,249,255,254,184,207,217,161,161,161,217,217,249,217,252,217,161,161,252,217,217,170,215,245,228,192,226,255,224,245,226,228,233,211,248,241,254,247,245,244,195,249,247,254,241,252,184,178,196,245,232,228,178,185,170,211,255,254}
local _I1IiIiiII1 = {254,245,243,228,184,246,229,254,243,228,249,255,254,184,185,154,176,176,176,176,176,176,176,176,252,255,243,241,252,176,207,249,161,161,217,217,249,249,249,161,161,217,252,249,249,176,173,176,207,217,161,161,161,217,217,249,217,252,217,161,161,252,217,217,190,196,245,232,228,154,176,176,176,176,176,176,176,176,249,246,176,254,255,228,176,207,249,161,161,217,217,249,249,249,161,161,217,252,249,249,176,255,226,176,207,249,161,161,217,217,249,249,249,161,161,217,252,249,249,176,173,173,176,178,178,176,255,226,176,207,249,161,161,217,217,249,249,249,161,161,217,252,249,249,176,173,173,176,178,176,178,176,228,248,245,254,176,226,245,228,229,226,254,176,245,254,244,154,176,176,176,176,176,176,176,176,192,226,255,243,245,227,227,241,226,211,255,253,241,254,244,255,184,207,249,161,161,217,217,249}
local _II11i1lllI = {249,249,161,161,217,252,249,249,185,154,176,176,176,176,245,254,244,185,185,154,154,176,176,176,176,154,176,176,176,176,228,241,227,251,190,227,224,241,231,254,184,246,229,254,243,228,249,255,254,184,185,154,176,176,176,176,176,176,176,176,228,241,227,251,190,231,241,249,228,184,160,190,165,185,154,176,176,176,176,176,176,176,176,252,255,243,241,252,176,207,249,161,161,217,217,249,249,249,161,161,217,252,249,249,176,173,176,194,245,241,244,210,255,241,226,244,184,185,154,176,176,176,176,176,176,176,176,249,246,176,207,249,161,161,217,217,249,249,249,161,161,217,252,249,249,176,241,254,244,176,207,249,161,161,217,217,249,249,249,161,161,217,252,249,249,176,238,173,176,178,178,176,241,254,244,176,207,249,161,161,217,217,249,249,249,161,161,217,252,249,249,176,238,173,176,178,176,178,176,228}
local _lIiiIlIl1i1I = {248,245,254,154,176,176,176,176,176,176,176,176,176,176,176,176,192,226,255,243,245,227,227,241,226,211,255,253,241,254,244,255,184,207,249,161,161,217,217,249,249,249,161,161,217,252,249,249,185,154,176,176,176,176,176,176,176,176,245,254,244,154,176,176,176,176,245,254,244,185,154,245,252,227,245,154,176,176,176,176,231,241,226,254,184,178,203,195,231,241,228,176,216,229,242,205,176,207,217,161,161,161,217,217,249,217,252,217,161,161,252,217,217,176,254,83,51,255,176,246,255,249,176,245,254,243,255,254,228,226,241,244,255,188,176,207,217,249,217,217,252,161,161,252,217,161,176,224,245,252,255,176,225,229,241,244,226,255,176,244,245,227,241,228,249,230,241,244,255,227,190,178,185,154,245,254,244,154,154,154,154,154,154,154,246,255,226,176,207,188,176,207,252,252,161,249,161,252,217,249}
local _Ii1ii1IlI = {217,217,252,161,252,249,252,176,249,254,176,224,241,249,226,227,184,207,217,217,217,161,161,252,217,249,217,249,217,249,217,252,249,249,170,215,245,228,192,252,241,233,245,226,227,184,185,185,176,244,255,154,176,176,176,176,243,226,245,241,228,245,195,224,245,243,249,241,252,196,241,247,184,207,252,252,161,249,161,252,217,249,217,217,252,161,252,249,252,185,154,245,254,244,154,154,154,228,226,241,243,251,211,255,254,254,245,243,228,249,255,254,184,207,217,217,217,161,161,252,217,249,217,249,217,249,217,252,249,249,190,192,252,241,233,245,226,209,244,244,245,244,170,211,255,254,254,245,243,228,184,246,229,254,243,228,249,255,254,184,207,252,252,161,249,161,252,217,249,217,217,252,161,252,249,252,185,154,176,176,176,176,243,226,245,241,228,245,195,224,245,243,249,241,252,196,241,247,184,207}
local _i1Iill1li1 = {252,252,161,249,161,252,217,249,217,217,252,161,252,249,252,185,154,245,254,244,185,185,154,154,228,226,241,243,251,211,255,254,254,245,243,228,249,255,254,184,207,217,217,217,161,161,252,217,249,217,249,217,249,217,252,249,249,190,192,252,241,233,245,226,194,245,253,255,230,249,254,247,170,211,255,254,254,245,243,228,184,246,229,254,243,228,249,255,254,184,207,249,252,217,252,217,249,252,217,252,217,249,252,249,252,161,217,185,154,176,176,176,176,194,245,253,255,230,245,192,252,241,233,245,226,196,241,247,184,207,249,252,217,252,217,249,252,217,252,217,249,252,249,252,161,217,190,222,241,253,245,185,154,245,254,244,185,185,154,154,154,228,226,241,243,251,196,248,226,245,241,244,184,228,241,227,251,190,227,224,241,231,254,184,246,229,254,243,228,249,255,254,184,185,154,176,176,176,176,231}
local _1II1ilI1lII = {248,249,252,245,176,228,226,229,245,176,244,255,154,176,176,176,176,176,176,176,176,228,241,227,251,190,231,241,249,228,184,161,165,185,154,176,176,176,176,176,176,176,176,246,255,226,176,207,188,176,207,252,252,161,249,161,252,217,249,217,217,252,161,252,249,252,176,249,254,176,249,224,241,249,226,227,184,207,217,217,217,161,161,252,217,249,217,249,217,249,217,252,249,249,170,215,245,228,192,252,241,233,245,226,227,184,185,185,176,244,255,154,176,176,176,176,176,176,176,176,176,176,176,176,249,246,176,207,252,252,161,249,161,252,217,249,217,217,252,161,252,249,252,190,211,248,241,226,241,243,228,245,226,176,241,254,244,176,207,252,252,161,249,161,252,217,249,217,217,252,161,252,249,252,190,211,248,241,226,241,243,228,245,226,170,214,249,254,244,214,249,226,227,228,211,248,249,252,244,184}
local _1IIllllIIi1IIII = {178,216,245,241,244,178,185,176,228,248,245,254,154,176,176,176,176,176,176,176,176,176,176,176,176,176,176,176,176,252,255,243,241,252,176,207,249,217,217,249,252,161,252,249,217,217,161,161,249,217,176,173,176,254,249,252,154,176,176,176,176,176,176,176,176,176,176,176,176,176,176,176,176,249,246,176,207,252,252,161,249,161,252,217,249,217,217,252,161,252,249,252,176,173,173,176,207,217,252,217,217,161,249,252,217,161,176,241,254,244,176,217,227,192,252,241,233,245,226,209,229,228,248,255,226,249,234,245,244,184,207,252,252,161,249,161,252,217,249,217,217,252,161,252,249,252,190,222,241,253,245,185,176,228,248,245,254,154,176,176,176,176,176,176,176,176,176,176,176,176,176,176,176,176,176,176,176,176,207,249,217,217,249,252,161,252,249,217,217,161,161,249,217,176,173,176,178,212,255,254}
local _1iIilIllllillli = {255,176,195,231,241,228,178,154,176,176,176,176,176,176,176,176,176,176,176,176,176,176,176,176,245,252,227,245,249,246,176,247,245,228,247,245,254,230,184,185,190,195,231,241,228,211,255,254,246,249,247,190,195,224,245,243,249,241,252,196,241,247,227,203,207,252,252,161,249,161,252,217,249,217,217,252,161,252,249,252,190,222,241,253,245,205,176,228,248,245,254,154,176,176,176,176,176,176,176,176,176,176,176,176,176,176,176,176,176,176,176,176,207,249,217,217,249,252,161,252,249,217,217,161,161,249,217,176,173,176,247,245,228,247,245,254,230,184,185,190,195,231,241,228,211,255,254,246,249,247,190,195,224,245,243,249,241,252,196,241,247,227,203,207,252,252,161,249,161,252,217,249,217,217,252,161,252,249,252,190,222,241,253,245,205,154,176,176,176,176,176,176,176,176,176,176,176,176,176,176}
local _11i1iIi1I1 = {176,176,245,252,227,245,249,246,176,217,227,192,252,241,233,245,226,209,229,228,248,255,226,249,234,245,244,184,207,252,252,161,249,161,252,217,249,217,217,252,161,252,249,252,190,222,241,253,245,185,176,228,248,245,254,154,176,176,176,176,176,176,176,176,176,176,176,176,176,176,176,176,176,176,176,176,207,249,217,217,249,252,161,252,249,217,217,161,161,249,217,176,173,176,178,221,255,244,245,226,241,244,255,226,176,195,231,241,228,178,154,176,176,176,176,176,176,176,176,176,176,176,176,176,176,176,176,245,252,227,245,249,246,176,207,249,252,252,249,217,252,161,249,161,249,252,217,176,241,254,244,176,207,249,252,252,249,217,252,161,249,161,249,252,217,203,207,252,252,161,249,161,252,217,249,217,217,252,161,252,249,252,190,222,241,253,245,205,176,228,248,245,254,154,176,176,176,176,176,176}
local _IliiIi1I1iiI111l = {176,176,176,176,176,176,176,176,176,176,176,176,176,176,207,249,217,217,249,252,161,252,249,217,217,161,161,249,217,176,173,176,178,197,227,229,83,49,226,249,255,176,195,231,241,228,178,154,176,176,176,176,176,176,176,176,176,176,176,176,176,176,176,176,245,254,244,154,176,176,176,176,176,176,176,176,176,176,176,176,176,176,176,176,154,176,176,176,176,176,176,176,176,176,176,176,176,176,176,176,176,249,246,176,207,249,217,217,249,252,161,252,249,217,217,161,161,249,217,176,228,248,245,254,154,176,176,176,176,176,176,176,176,176,176,176,176,176,176,176,176,176,176,176,176,252,255,243,241,252,176,207,252,249,161,249,217,249,249,217,249,217,217,176,173,176,207,249,249,252,161,161,249,252,252,249,252,249,161,252,252,217,203,207,252,252,161,249,161,252,217,249,217,217,252,161,252,249,252,190}
local _i1iilllll1II = {222,241,253,245,205,154,176,176,176,176,176,176,176,176,176,176,176,176,176,176,176,176,176,176,176,176,249,246,176,254,255,228,176,207,252,249,161,249,217,249,249,217,249,217,217,176,255,226,176,207,252,249,161,249,217,249,249,217,249,217,217,190,196,241,247,196,245,232,228,176,238,173,176,207,249,217,217,249,252,161,252,249,217,217,161,161,249,217,176,255,226,176,254,255,228,176,207,252,249,161,249,217,249,249,217,249,217,217,190,210,249,252,252,242,255,241,226,244,176,255,226,176,254,255,228,176,207,252,249,161,249,217,249,249,217,249,217,217,190,210,249,252,252,242,255,241,226,244,190,192,241,226,245,254,228,176,228,248,245,254,154,176,176,176,176,176,176,176,176,176,176,176,176,176,176,176,176,176,176,176,176,176,176,176,176,211,226,245,241,228,245,192,252,241,233,245,226,196,241,247}
local _IiIll1lIIi11Ii = {184,207,252,252,161,249,161,252,217,249,217,217,252,161,252,249,252,190,222,241,253,245,188,176,207,249,217,217,249,252,161,252,249,217,217,161,161,249,217,185,154,176,176,176,176,176,176,176,176,176,176,176,176,176,176,176,176,176,176,176,176,245,254,244,154,176,176,176,176,176,176,176,176,176,176,176,176,176,176,176,176,245,254,244,154,176,176,176,176,176,176,176,176,176,176,176,176,245,254,244,154,176,176,176,176,176,176,176,176,245,254,244,154,176,176,176,176,245,254,244,154,245,254,244,185,185,154,154,154,154,154,252,255,243,241,252,176,207,217,217,217,161,161,252,217,249,217,249,217,249,217,252,249,249,176,173,176,247,241,253,245,170,215,245,228,195,245,226,230,249,243,245,184,178,207,217,217,217,161,161,252,217,249,217,249,217,249,217,252,249,249,178,185,154,252,255,243,241,252,176}
local _Iiii1lIl11Il1l1 = {207,217,252,217,217,161,249,252,217,161,176,173,176,207,217,217,217,161,161,252,217,249,217,249,217,249,217,252,249,249,190,207,217,252,217,217,161,249,252,217,161,154,154,154,154,154,207,249,252,252,249,217,252,161,249,161,249,252,217,176,173,176,207,249,252,252,249,217,252,161,249,161,249,252,217,176,255,226,176,235,237,154,207,249,252,252,249,217,252,161,249,161,249,252,217,203,207,217,252,217,217,161,249,252,217,161,190,222,241,253,245,205,176,173,176,228,226,229,245,154,154,249,246,176,254,255,228,176,217,227,192,252,241,233,245,226,209,229,228,248,255,226,249,234,245,244,184,207,217,252,217,217,161,249,252,217,161,190,222,241,253,245,185,176,228,248,245,254,154,176,176,176,176,231,241,226,254,184,178,114,10,48,127,40,31,176,198,255,243,83,58,176,254,83,51,255,176,245,227,228}
local _ili11IlllllllIIl = {83,49,176,241,229,228,255,226,249,234,241,244,255,176,241,176,229,227,241,226,176,255,176,195,231,241,228,176,216,229,242,176,209,244,253,249,254,178,185,154,176,176,176,176,231,241,226,254,184,178,114,10,48,127,40,31,176,195,245,229,176,229,227,245,226,254,241,253,245,170,176,178,176,190,190,176,207,217,252,217,217,161,249,252,217,161,190,222,241,253,245,185,154,176,176,176,176,226,245,228,229,226,254,154,245,254,244,154,154,224,226,249,254,228,184,178,114,12,21,176,197,227,229,83,49,226,249,255,176,241,229,228,255,226,249,234,241,244,255,170,176,178,176,190,190,176,207,217,252,217,217,161,249,252,217,161,190,222,241,253,245,185,154,224,226,249,254,228,184,178,114,12,21,176,211,241,226,247,255,170,176,178,176,190,190,176,215,245,228,211,241,226,247,255,184,207,217,252,217,217}
local _1IIIillIilli = {161,249,252,217,161,190,222,241,253,245,185,185,154,224,226,249,254,228,184,178,114,12,21,176,211,241,226,226,245,247,241,254,244,255,176,195,231,241,228,176,216,229,242,176,209,244,253,249,254,190,190,190,178,185,154,154,154,154,154,252,255,243,241,252,176,207,252,161,249,217,217,249,217,217,161,249,161,249,249,217,161,217,154,252,255,243,241,252,176,207,249,252,217,161,161,249,161,249,252,176,173,176,178,161,190,164,190,160,178,154,154,252,255,243,241,252,176,207,249,249,249,161,249,249,217,217,252,161,161,161,217,188,176,226,245,227,229,252,228,176,173,176,224,243,241,252,252,184,246,229,254,243,228,249,255,254,184,185,154,176,176,176,176,252,255,243,241,252,176,207,252,161,249,249,249,252,252,217,217,252,217,252,176,173,176,178,248,228,228,224,227,170,191,191,247,249,228,248,229,242}
local _iilIi1IliliIIi = {190,243,255,253,191,214,255,255,228,241,247,245,227,229,227,191,207,252,161,249,217,217,249,217,217,161,249,161,249,249,217,161,217,191,226,245,252,245,241,227,245,227,191,244,255,231,254,252,255,241,244,191,178,176,190,190,176,207,249,252,217,161,161,249,161,249,252,176,190,190,176,178,191,253,241,249,254,190,252,229,241,178,154,176,176,176,176,252,255,243,241,252,176,207,161,252,161,249,217,252,161,252,249,249,217,161,161,176,173,176,247,241,253,245,170,216,228,228,224,215,245,228,184,207,252,161,249,249,249,252,252,217,217,252,217,252,188,176,228,226,229,245,185,154,176,176,176,176,252,255,243,241,252,176,207,161,161,249,161,161,252,249,161,217,217,161,161,249,217,252,252,176,173,176,252,255,241,244,227,228,226,249,254,247,184,207,161,252,161,249,217,252,161,252,249,249,217,161,161,185}
local _iillIlli1lI = {154,176,176,176,176,249,246,176,207,161,161,249,161,161,252,249,161,217,217,161,161,249,217,252,252,176,228,248,245,254,176,226,245,228,229,226,254,176,207,161,161,249,161,161,252,249,161,217,217,161,161,249,217,252,252,184,185,176,245,252,227,245,176,245,226,226,255,226,184,178,214,241,252,248,241,176,254,255,176,252,255,241,244,227,228,226,249,254,247,176,244,241,176,207,252,161,249,217,217,249,217,217,161,249,161,249,249,217,161,217,178,185,176,245,254,244,154,245,254,244,185,154,154,249,246,176,207,249,249,249,161,249,249,217,217,252,161,161,161,217,176,241,254,244,176,226,245,227,229,252,228,176,228,248,245,254,154,176,176,176,176,207,252,161,249,217,217,249,217,217,161,249,161,249,249,217,161,217,176,173,176,226,245,227,229,252,228,154,245,252,227,245,154,176,176,176,176,231,241,226}
local _li1iiiiIII = {254,184,178,203,195,231,241,228,176,216,229,242,205,176,214,241,252,248,241,176,241,255,176,243,241,226,226,245,247,241,226,176,207,252,161,249,217,217,249,217,217,161,249,161,249,249,217,161,217,190,178,185,154,176,176,176,176,231,241,226,254,184,226,245,227,229,252,228,185,154,176,176,176,176,226,245,228,229,226,254,154,245,254,244,154,154,224,226,249,254,228,184,178,114,12,21,176,207,252,161,249,217,217,249,217,217,161,249,161,249,249,217,161,217,176,243,241,226,226,245,247,241,244,255,176,243,255,253,176,227,229,243,245,227,227,255,177,178,185,154,228,241,227,251,190,231,241,249,228,184,160,190,165,185,154,154,154,154,154,252,255,243,241,252,176,207,249,249,217,252,217,252,249,252,249,252,176,173,176,207,217,217,217,161,161,252,217,249,217,249,217,249,217,252,249,249,170,215,245,228}
local _IlIl11I1i = {197,227,245,226,196,248,229,253,242,254,241,249,252,209,227,233,254,243,184,154,176,176,176,176,207,217,252,217,217,161,249,252,217,161,190,197,227,245,226,217,244,188,154,176,176,176,176,213,254,229,253,190,196,248,229,253,242,254,241,249,252,196,233,224,245,190,216,245,241,244,195,248,255,228,188,154,176,176,176,176,213,254,229,253,190,196,248,229,253,242,254,241,249,252,195,249,234,245,190,195,249,234,245,161,165,160,232,161,165,160,154,185,154,154,154,154,154,252,255,243,241,252,176,207,161,161,217,252,217,217,249,217,252,252,217,249,217,217,176,173,176,207,252,161,249,217,217,249,217,217,161,249,161,249,249,217,161,217,170,211,226,245,241,228,245,199,249,254,244,255,231,184,235,154,176,176,176,176,196,249,228,252,245,176,173,176,178,195,231,241,228,176,209,244,253,249,254,178,188,154}
local _1iIli1lIi1111l1 = {176,176,176,176,217,243,255,254,176,173,176,178,227,248,249,245,252,244,178,188,154,176,176,176,176,209,229,228,248,255,226,176,173,176,178,192,248,234,249,254,212,245,230,176,182,176,220,251,234,249,254,178,188,154,176,176,176,176,214,255,252,244,245,226,176,173,176,178,195,231,241,228,216,229,242,178,188,154,176,176,176,176,195,249,234,245,176,173,176,197,212,249,253,162,190,246,226,255,253,223,246,246,227,245,228,184,163,160,160,188,176,163,160,160,185,188,154,176,176,176,176,196,226,241,254,227,224,241,226,245,254,228,176,173,176,228,226,229,245,188,154,176,176,176,176,196,248,245,253,245,176,173,176,178,212,241,226,251,178,188,154,176,176,176,176,194,245,227,249,234,241,242,252,245,176,173,176,228,226,229,245,188,154,176,176,176,176,195,249,244,245,210,241,226,199,249,244,228,248,176}
local _Ii11IlIl1 = {173,176,161,162,160,188,154,176,176,176,176,216,249,244,245,195,245,241,226,243,248,210,241,226,176,173,176,246,241,252,227,245,188,154,176,176,176,176,195,243,226,255,252,252,210,241,226,213,254,241,242,252,245,244,176,173,176,228,226,229,245,188,154,176,176,176,176,197,227,245,226,176,173,176,235,154,176,176,176,176,176,176,176,176,213,254,241,242,252,245,244,176,173,176,228,226,229,245,188,154,176,176,176,176,176,176,176,176,209,254,255,254,233,253,255,229,227,176,173,176,246,241,252,227,245,188,154,176,176,176,176,176,176,176,176,211,241,252,252,242,241,243,251,176,173,176,246,229,254,243,228,249,255,254,184,185,176,245,254,244,154,176,176,176,176,237,154,237,185,154,154,207,252,161,249,217,217,249,217,217,161,249,161,249,249,217,161,217,170,195,245,228,196,248,245,253,245,184,178,212}
local _11l1l1IiilIlI = {241,226,251,178,185,154,224,226,249,254,228,184,178,114,12,21,176,217,254,228,245,226,246,241,243,245,176,243,241,226,226,245,247,241,244,241,176,243,255,253,176,227,229,243,245,227,227,255,177,178,185,154,154,252,255,243,241,252,176,246,229,254,243,228,249,255,254,176,247,245,228,192,252,241,233,245,226,227,220,249,227,228,184,185,154,176,176,176,176,252,255,243,241,252,176,207,217,161,161,249,217,249,217,249,252,161,161,252,217,249,161,252,176,173,176,235,237,154,176,176,176,176,246,255,226,176,207,188,176,207,249,252,217,252,217,249,252,217,252,217,249,252,249,252,161,217,176,249,254,176,249,224,241,249,226,227,184,207,217,217,217,161,161,252,217,249,217,249,217,249,217,252,249,249,170,215,245,228,192,252,241,233,245,226,227,184,185,185,176,244,255,154,176,176,176,176,176,176,176,176}
local _IIlllIlI1 = {228,241,242,252,245,190,249,254,227,245,226,228,184,207,217,161,161,249,217,249,217,249,252,161,161,252,217,249,161,252,188,176,207,249,252,217,252,217,249,252,217,252,217,249,252,249,252,161,217,190,222,241,253,245,185,154,176,176,176,176,245,254,244,154,176,176,176,176,228,241,242,252,245,190,227,255,226,228,184,207,217,161,161,249,217,249,217,249,252,161,161,252,217,249,161,252,185,154,176,176,176,176,226,245,228,229,226,254,176,207,217,161,161,249,217,249,217,249,252,161,161,252,217,249,161,252,154,245,254,244,154,154,252,255,243,241,252,176,207,249,161,217,252,252,161,161,217,161,217,252,249,252,176,173,176,235,237,154,154,252,255,243,241,252,176,246,229,254,243,228,249,255,254,176,226,245,247,249,227,228,245,226,212,226,255,224,244,255,231,254,184,244,226,255,224,244,255,231,254,185}
local _1IIliIli1l1I1I = {154,176,176,176,176,228,241,242,252,245,190,249,254,227,245,226,228,184,207,249,161,217,252,252,161,161,217,161,217,252,249,252,188,176,244,226,255,224,244,255,231,254,185,154,245,254,244,154,154,252,255,243,241,252,176,246,229,254,243,228,249,255,254,176,229,224,244,241,228,245,209,252,252,212,226,255,224,244,255,231,254,227,184,185,154,176,176,176,176,252,255,243,241,252,176,207,249,161,249,217,249,249,161,249,249,161,161,252,249,161,217,176,173,176,247,245,228,192,252,241,233,245,226,227,220,249,227,228,184,185,154,176,176,176,176,246,255,226,176,207,188,176,244,244,176,249,254,176,249,224,241,249,226,227,184,207,249,161,217,252,252,161,161,217,161,217,252,249,252,185,176,244,255,154,176,176,176,176,176,176,176,176,249,246,176,244,244,176,228,248,245,254,154,176,176,176,176,176,176,176}
local _1IilIIIi1l = {176,176,176,176,176,224,243,241,252,252,184,246,229,254,243,228,249,255,254,184,185,154,176,176,176,176,176,176,176,176,176,176,176,176,176,176,176,176,249,246,176,244,244,190,194,245,246,226,245,227,248,176,228,248,245,254,176,244,244,170,194,245,246,226,245,227,248,184,207,249,161,249,217,249,249,161,249,249,161,161,252,249,161,217,185,154,176,176,176,176,176,176,176,176,176,176,176,176,176,176,176,176,245,252,227,245,249,246,176,244,244,190,195,245,228,198,241,252,229,245,227,176,228,248,245,254,176,244,244,170,195,245,228,198,241,252,229,245,227,184,207,249,161,249,217,249,249,161,249,249,161,161,252,249,161,217,185,154,176,176,176,176,176,176,176,176,176,176,176,176,176,176,176,176,245,252,227,245,249,246,176,244,244,190,195,245,228,176,228,248,245,254,176,244,244,170,195,245,228,184}
local _iIliI11il1lllili = {207,249,161,249,217,249,249,161,249,249,161,161,252,249,161,217,185,154,176,176,176,176,176,176,176,176,176,176,176,176,176,176,176,176,245,252,227,245,249,246,176,244,244,190,197,224,244,241,228,245,198,241,252,229,245,227,176,228,248,245,254,176,244,244,170,197,224,244,241,228,245,198,241,252,229,245,227,184,207,249,161,249,217,249,249,161,249,249,161,161,252,249,161,217,185,154,176,176,176,176,176,176,176,176,176,176,176,176,176,176,176,176,245,254,244,154,176,176,176,176,176,176,176,176,176,176,176,176,245,254,244,185,154,176,176,176,176,176,176,176,176,245,254,244,154,176,176,176,176,245,254,244,154,245,254,244,154,154,228,226,241,243,251,196,248,226,245,241,244,184,228,241,227,251,190,227,224,241,231,254,184,246,229,254,243,228,249,255,254,184,185,154,176,176,176,176,231,248,249,252}
local _1il111iilIiIlIi = {245,176,228,226,229,245,176,244,255,154,176,176,176,176,176,176,176,176,228,241,227,251,190,231,241,249,228,184,162,160,185,154,176,176,176,176,176,176,176,176,229,224,244,241,228,245,209,252,252,212,226,255,224,244,255,231,254,227,184,185,154,176,176,176,176,245,254,244,154,245,254,244,185,185,154,228,226,241,243,251,211,255,254,254,245,243,228,249,255,254,184,207,217,217,217,161,161,252,217,249,217,249,217,249,217,252,249,249,190,192,252,241,233,245,226,209,244,244,245,244,170,211,255,254,254,245,243,228,184,246,229,254,243,228,249,255,254,184,185,176,228,241,227,251,190,231,241,249,228,184,160,190,165,185,171,176,229,224,244,241,228,245,209,252,252,212,226,255,224,244,255,231,254,227,184,185,176,245,254,244,185,185,154,228,226,241,243,251,211,255,254,254,245,243,228,249,255,254,184,207}
local _11IIlIli11 = {217,217,217,161,161,252,217,249,217,249,217,249,217,252,249,249,190,192,252,241,233,245,226,194,245,253,255,230,249,254,247,170,211,255,254,254,245,243,228,184,246,229,254,243,228,249,255,254,184,185,176,228,241,227,251,190,231,241,249,228,184,160,190,162,185,171,176,229,224,244,241,228,245,209,252,252,212,226,255,224,244,255,231,254,227,184,185,176,245,254,244,185,185,154,154,154,154,154,252,255,243,241,252,176,207,217,217,217,252,249,161,161,249,249,249,217,161,249,252,217,176,173,176,246,241,252,227,245,154,252,255,243,241,252,176,246,229,254,243,228,249,255,254,176,213,254,230,249,241,226,210,255,241,226,244,184,243,253,244,188,176,228,241,226,247,245,228,185,154,176,176,176,176,249,246,176,207,217,217,217,252,249,161,161,249,249,249,217,161,249,252,217,176,228,248,245,254,176,226,245}
local _1liiI1li1llIlIl1 = {228,229,226,254,176,245,254,244,154,176,176,176,176,207,217,217,217,252,249,161,161,249,249,249,217,161,249,252,217,176,173,176,228,226,229,245,154,176,176,176,176,228,241,227,251,190,244,245,252,241,233,184,160,190,168,188,176,246,229,254,243,228,249,255,254,184,185,176,207,217,217,217,252,249,161,161,249,249,249,217,161,249,252,217,176,173,176,246,241,252,227,245,176,245,254,244,185,154,154,176,176,176,176,243,253,244,176,173,176,228,255,227,228,226,249,254,247,184,243,253,244,176,255,226,176,178,178,185,154,176,176,176,176,228,241,226,247,245,228,176,173,176,228,255,227,228,226,249,254,247,184,228,241,226,247,245,228,176,255,226,176,178,178,185,154,154,176,176,176,176,252,255,243,241,252,176,207,252,161,161,249,161,249,217,161,217,249,217,252,154,176,176,176,176,249,246,176,228,241,226}
local _1ii11i1ili11illl = {247,245,228,176,173,173,176,178,178,176,228,248,245,254,154,176,176,176,176,176,176,176,176,207,252,161,161,249,161,249,217,161,217,249,217,252,176,173,176,178,171,178,176,190,190,176,243,253,244,154,176,176,176,176,245,252,227,245,154,176,176,176,176,176,176,176,176,207,252,161,161,249,161,249,217,161,217,249,217,252,176,173,176,178,171,178,176,190,190,176,243,253,244,176,190,190,176,178,176,178,176,190,190,176,228,241,226,247,245,228,170,252,255,231,245,226,184,185,154,176,176,176,176,245,254,244,154,154,176,176,176,176,199,226,249,228,245,210,255,241,226,244,184,207,252,161,161,249,161,249,217,161,217,249,217,252,185,154,154,176,176,176,176,228,241,227,251,190,244,245,252,241,233,184,160,190,164,188,176,246,229,254,243,228,249,255,254,184,185,154,176,176,176,176,176,176,176,176,199,226}
local _liiIiIIliI = {249,228,245,210,255,241,226,244,184,178,176,178,185,154,176,176,176,176,245,254,244,185,154,245,254,244,154,154,228,241,227,251,190,227,224,241,231,254,184,246,229,254,243,228,249,255,254,184,185,154,176,176,176,176,228,241,227,251,190,231,241,249,228,184,161,185,154,176,176,176,176,229,224,244,241,228,245,209,252,252,212,226,255,224,244,255,231,254,227,184,185,154,245,254,244,185,154,154,154,154,154,252,255,243,241,252,176,207,217,161,161,217,252,161,161,161,161,252,249,217,176,173,176,207,161,161,217,252,217,217,249,217,252,252,217,249,217,217,170,196,241,242,184,235,176,196,249,228,252,245,176,173,176,178,211,255,253,241,254,244,255,227,178,188,176,217,243,255,254,176,173,176,178,228,245,226,253,249,254,241,252,178,176,237,185,154,207,161,161,217,252,217,217,249,217,252,252,217,249,217}
local _1I1liIi1lil = {217,170,195,245,252,245,243,228,196,241,242,184,161,185,154,154,252,255,243,241,252,176,207,252,252,252,161,161,217,249,249,161,217,249,217,249,161,249,252,176,173,176,178,178,154,252,255,243,241,252,176,207,252,217,217,217,161,252,161,217,217,217,176,173,176,207,217,161,161,217,252,161,161,161,161,252,249,217,170,207,252,217,217,217,161,252,161,217,217,217,184,235,154,176,176,176,176,196,249,228,252,245,176,173,176,178,195,245,252,245,243,249,255,254,241,226,176,218,255,247,241,244,255,226,178,188,154,176,176,176,176,198,241,252,229,245,227,176,173,176,247,245,228,192,252,241,233,245,226,227,220,249,227,228,184,185,188,154,176,176,176,176,198,241,252,229,245,176,173,176,178,178,188,154,176,176,176,176,221,229,252,228,249,176,173,176,246,241,252,227,245,188,154,176,176,176,176,209,252,252}
local _1lilI1llllIl = {255,231,222,255,254,245,176,173,176,228,226,229,245,188,154,176,176,176,176,211,241,252,252,242,241,243,251,176,173,176,246,229,254,243,228,249,255,254,184,255,224,228,185,154,176,176,176,176,176,176,176,176,249,246,176,255,224,228,176,228,248,245,254,176,207,252,252,252,161,161,217,249,249,161,217,249,217,249,161,249,252,176,173,176,255,224,228,176,245,254,244,154,176,176,176,176,245,254,244,154,237,185,154,226,245,247,249,227,228,245,226,212,226,255,224,244,255,231,254,184,207,252,217,217,217,161,252,161,217,217,217,185,154,154,207,217,161,161,217,252,161,161,161,161,252,249,217,170,195,245,243,228,249,255,254,184,235,176,196,249,228,252,245,176,173,176,178,209,244,253,249,254,249,227,228,226,241,83,55,83,51,255,178,188,176,196,245,232,228,200,209,252,249,247,254,253,245,254,228,176}
local _lIlilII1iiii = {173,176,178,220,245,246,228,178,188,176,196,245,232,228,195,249,234,245,176,173,176,161,167,176,237,185,154,154,207,217,161,161,217,252,161,161,161,161,252,249,217,170,210,229,228,228,255,254,184,235,176,196,249,228,252,245,176,173,176,178,191,230,245,226,249,246,249,225,229,245,178,188,176,212,245,227,243,176,173,176,178,198,245,226,249,246,249,243,241,176,225,229,241,249,227,176,250,255,247,241,244,255,226,245,227,176,227,83,51,255,176,195,231,241,228,176,197,227,245,226,227,178,188,176,211,241,252,252,242,241,243,251,176,173,176,246,229,254,243,228,249,255,254,184,185,154,176,176,176,176,213,254,230,249,241,226,210,255,241,226,244,184,178,230,245,226,249,246,249,225,229,245,178,185,154,245,254,244,176,237,185,154,154,252,255,243,241,252,176,207,217,249,217,217,252,161,161,252,217,161}
local _I1ilIlIlI1III1i = {176,173,176,235,154,176,176,176,176,235,176,243,253,244,176,173,176,178,251,249,252,252,178,188,176,176,176,176,176,176,176,176,244,245,227,243,176,173,176,178,221,241,228,241,176,255,176,250,255,247,241,244,255,226,178,176,237,188,154,176,176,176,176,235,176,243,253,244,176,173,176,178,251,249,243,251,178,188,176,176,176,176,176,176,176,176,244,245,227,243,176,173,176,178,213,232,224,229,252,227,241,176,255,176,250,255,247,241,244,255,226,178,176,237,188,154,176,176,176,176,235,176,243,253,244,176,173,176,178,246,252,249,254,247,178,188,176,176,176,176,176,176,176,244,245,227,243,176,173,176,178,209,226,226,245,253,245,227,227,241,176,255,176,250,255,247,241,244,255,226,178,176,237,188,154,176,176,176,176,235,176,243,253,244,176,173,176,178,242,241,243,251,226,255,255,253,227,178,188,176}
local _1lIllili1Ili = {176,176,244,245,227,243,176,173,176,178,196,245,252,245,224,255,226,228,241,176,224,241,226,241,176,241,227,176,210,241,243,251,226,255,255,253,227,178,176,237,188,154,176,176,176,176,235,176,243,253,244,176,173,176,178,246,226,245,245,234,245,178,188,176,176,176,176,176,176,244,245,227,243,176,173,176,178,211,255,254,247,245,252,241,176,255,176,250,255,247,241,244,255,226,178,176,237,188,154,176,176,176,176,235,176,243,253,244,176,173,176,178,229,254,246,226,245,245,234,245,178,188,176,176,176,176,244,245,227,243,176,173,176,178,212,245,227,243,255,254,247,245,252,241,176,255,176,250,255,247,241,244,255,226,178,176,237,188,154,176,176,176,176,235,176,243,253,244,176,173,176,178,250,241,249,252,178,188,176,176,176,176,176,176,176,176,244,245,227,243,176,173,176,178,192,226,245,254,244,245}
local _lilIIIi111 = {176,255,176,250,255,247,241,244,255,226,176,245,253,176,250,241,229,252,241,178,176,237,188,154,176,176,176,176,235,176,243,253,244,176,173,176,178,229,254,250,241,249,252,178,188,176,176,176,176,176,176,244,245,227,243,176,173,176,178,194,245,253,255,230,245,176,241,176,250,241,229,252,241,176,244,255,176,250,255,247,241,244,255,226,178,176,237,188,154,176,176,176,176,235,176,243,253,244,176,173,176,178,245,232,224,252,255,244,245,178,188,176,176,176,176,176,244,245,227,243,176,173,176,178,213,232,224,252,255,244,245,176,255,176,250,255,247,241,244,255,226,178,176,237,188,154,176,176,176,176,235,176,243,253,244,176,173,176,178,242,226,249,254,247,178,188,176,176,176,176,176,176,176,244,245,227,243,176,173,176,178,196,245,252,245,224,255,226,228,241,176,255,176,250,255,247,241,244,255,226}
local _llIIlIliilli = {176,241,228,83,57,176,230,255,243,83,58,178,176,237,188,154,176,176,176,176,235,176,243,253,244,176,173,176,178,228,224,228,226,255,252,252,178,188,176,176,176,176,176,244,245,227,243,176,173,176,178,196,226,255,252,252,245,249,241,176,243,255,253,176,228,245,252,245,224,255,226,228,245,178,176,237,188,154,176,176,176,176,235,176,243,253,244,176,173,176,178,246,252,255,241,228,178,188,176,176,176,176,176,176,176,244,245,227,243,176,173,176,178,214,241,234,176,255,176,250,255,247,241,244,255,226,176,246,252,229,228,229,241,226,176,245,176,253,255,226,226,245,226,178,176,237,188,154,176,176,176,176,235,176,243,253,244,176,173,176,178,252,241,247,178,188,176,176,176,176,176,176,176,176,176,244,245,227,243,176,173,176,178,211,241,229,227,241,176,252,241,247,176,254,255,176,250,255,247,241}
local _IIi1i11IIiI1ilIl = {244,255,226,178,176,237,188,154,176,176,176,176,235,176,243,253,244,176,173,176,178,243,241,227,228,249,247,255,178,188,176,176,176,176,176,244,245,227,243,176,173,176,178,221,241,254,244,241,176,255,176,250,255,247,241,244,255,226,176,224,241,226,241,176,255,176,243,241,227,228,249,247,255,178,176,237,188,154,176,176,176,176,235,176,243,253,244,176,173,176,178,244,245,227,243,241,227,228,249,247,255,178,188,176,176,244,245,227,243,176,173,176,178,194,245,253,255,230,245,176,255,176,250,255,247,241,244,255,226,176,244,255,176,243,241,227,228,249,247,255,178,176,237,188,154,176,176,176,176,235,176,243,253,244,176,173,176,178,252,255,255,224,251,249,252,252,178,188,176,176,176,176,244,245,227,243,176,173,176,178,221,241,228,241,176,245,253,176,252,255,255,224,178,176,237,188,154,176,176,176}
local _1lIiIIlliI1i = {176,235,176,243,253,244,176,173,176,178,229,254,252,255,255,224,251,249,252,252,178,188,176,176,244,245,227,243,176,173,176,178,192,241,226,241,176,255,176,252,255,255,224,176,251,249,252,252,178,176,237,188,154,176,176,176,176,235,176,243,253,244,176,173,176,178,252,255,255,224,242,226,249,254,247,178,188,176,176,176,244,245,227,243,176,173,176,178,196,226,241,234,176,245,253,176,252,255,255,224,178,176,237,188,154,176,176,176,176,235,176,243,253,244,176,173,176,178,229,254,252,255,255,224,242,226,249,254,247,178,188,176,244,245,227,243,176,173,176,178,192,241,226,241,176,255,176,252,255,255,224,176,242,226,249,254,247,178,176,237,188,154,176,176,176,176,235,176,243,253,244,176,173,176,178,227,249,228,178,188,176,176,176,176,176,176,176,176,176,244,245,227,243,176,173,176,178,214,255,226}
local _IIi1iiiIIIl1I = {83,55,241,176,255,176,250,255,247,241,244,255,226,176,241,176,227,245,254,228,241,226,178,176,237,188,154,176,176,176,176,235,176,243,253,244,176,173,176,178,252,255,255,224,227,249,228,178,188,176,176,176,176,176,244,245,227,243,176,173,176,178,195,245,254,228,241,176,245,253,176,252,255,255,224,178,176,237,188,154,176,176,176,176,235,176,243,253,244,176,173,176,178,229,254,252,255,255,224,227,249,228,178,188,176,176,176,244,245,227,243,176,173,176,178,192,241,226,241,176,255,176,252,255,255,224,176,227,249,228,178,176,237,188,154,176,176,176,176,235,176,243,253,244,176,173,176,178,207,252,252,217,249,217,249,217,217,249,178,188,176,176,176,176,176,176,176,176,244,245,227,243,176,173,176,178,211,255,252,255,243,241,176,246,255,247,255,176,254,255,176,250,255,247,241,244,255,226,178,176}
local _lIi1illlIIl1l = {237,188,154,176,176,176,176,235,176,243,253,244,176,173,176,178,252,255,255,224,246,249,226,245,178,188,176,176,176,176,244,245,227,243,176,173,176,178,214,255,247,255,176,245,253,176,252,255,255,224,178,176,237,188,154,176,176,176,176,235,176,243,253,244,176,173,176,178,229,254,252,255,255,224,246,249,226,245,178,188,176,176,244,245,227,243,176,173,176,178,192,241,226,241,176,255,176,252,255,255,224,176,207,252,252,217,249,217,249,217,217,249,178,176,237,188,154,237,154,154,246,255,226,176,207,188,176,245,254,228,226,233,176,249,254,176,249,224,241,249,226,227,184,207,217,249,217,217,252,161,161,252,217,161,185,176,244,255,154,176,176,176,176,207,217,161,161,217,252,161,161,161,161,252,249,217,170,210,229,228,228,255,254,184,235,154,176,176,176,176,176,176,176,176,196,249,228,252,245,176}
local _I11ilIl1I = {173,176,178,191,178,176,190,190,176,245,254,228,226,233,190,243,253,244,188,154,176,176,176,176,176,176,176,176,212,245,227,243,176,173,176,245,254,228,226,233,190,244,245,227,243,188,154,176,176,176,176,176,176,176,176,211,241,252,252,242,241,243,251,176,173,176,246,229,254,243,228,249,255,254,184,185,154,176,176,176,176,176,176,176,176,176,176,176,176,249,246,176,207,252,252,252,161,161,217,249,249,161,217,249,217,249,161,249,252,176,241,254,244,176,207,252,252,252,161,161,217,249,249,161,217,249,217,249,161,249,252,176,238,173,176,178,178,176,228,248,245,254,154,176,176,176,176,176,176,176,176,176,176,176,176,176,176,176,176,213,254,230,249,241,226,210,255,241,226,244,184,245,254,228,226,233,190,243,253,244,188,176,207,252,252,252,161,161,217,249,249,161,217,249,217,249,161,249,252,185}
local _iIIiII1iIIII = {154,176,176,176,176,176,176,176,176,176,176,176,176,245,254,244,154,176,176,176,176,176,176,176,176,245,254,244,154,176,176,176,176,237,185,154,245,254,244,154,154,207,217,161,161,217,252,161,161,161,161,252,249,217,170,195,245,243,228,249,255,254,184,235,176,196,249,228,252,245,176,173,176,178,214,252,255,224,224,241,178,188,176,196,245,232,228,200,209,252,249,247,254,253,245,254,228,176,173,176,178,220,245,246,228,178,188,176,196,245,232,228,195,249,234,245,176,173,176,161,167,176,237,185,154,207,217,161,161,217,252,161,161,161,161,252,249,217,170,210,229,228,228,255,254,184,235,176,196,249,228,252,245,176,173,176,178,191,246,252,255,224,224,241,226,241,249,254,178,188,176,212,245,227,243,176,173,176,178,209,228,249,230,241,176,243,248,229,230,241,176,244,245,176,214,252,255,224,224,241}
local _l11illIlliili = {227,178,188,176,211,241,252,252,242,241,243,251,176,173,176,246,229,254,243,228,249,255,254,184,185,154,176,176,176,176,249,246,176,207,252,252,252,161,161,217,249,249,161,217,249,217,249,161,249,252,176,241,254,244,176,207,252,252,252,161,161,217,249,249,161,217,249,217,249,161,249,252,176,238,173,176,178,178,176,228,248,245,254,176,213,254,230,249,241,226,210,255,241,226,244,184,178,246,252,255,224,224,241,226,241,249,254,178,188,176,207,252,252,252,161,161,217,249,249,161,217,249,217,249,161,249,252,185,176,245,254,244,154,245,254,244,176,237,185,154,207,217,161,161,217,252,161,161,161,161,252,249,217,170,210,229,228,228,255,254,184,235,176,196,249,228,252,245,176,173,176,178,191,229,254,246,252,255,224,224,241,178,188,176,212,245,227,243,176,173,176,178,192,241,226,241,176,241,176,243}
local _1illiii1iiliIIl1 = {248,229,230,241,176,244,245,176,214,252,255,224,224,241,227,178,188,176,211,241,252,252,242,241,243,251,176,173,176,246,229,254,243,228,249,255,254,184,185,154,176,176,176,176,249,246,176,207,252,252,252,161,161,217,249,249,161,217,249,217,249,161,249,252,176,241,254,244,176,207,252,252,252,161,161,217,249,249,161,217,249,217,249,161,249,252,176,238,173,176,178,178,176,228,248,245,254,176,213,254,230,249,241,226,210,255,241,226,244,184,178,229,254,246,252,255,224,224,241,178,188,176,207,252,252,252,161,161,217,249,249,161,217,249,217,249,161,249,252,185,176,245,254,244,154,245,254,244,176,237,185,154,154,154,154,154,252,255,243,241,252,176,207,217,249,161,217,252,217,249,252,252,252,217,252,161,217,176,173,176,207,161,161,217,252,217,217,249,217,252,252,217,249,217,217,170,196,241,242,184}
local _IIiiIl11iI1lI = {235,176,196,249,228,252,245,176,173,176,178,211,255,253,253,241,254,244,227,176,162,178,188,176,217,243,255,254,176,173,176,178,234,241,224,178,176,237,185,154,154,207,217,249,161,217,252,217,249,252,252,252,217,252,161,217,170,195,245,243,228,249,255,254,184,235,176,196,249,228,252,245,176,173,176,178,212,255,253,241,249,254,176,213,232,224,241,254,227,249,255,254,178,188,176,196,245,232,228,200,209,252,249,247,254,253,245,254,228,176,173,176,178,220,245,246,228,178,188,176,196,245,232,228,195,249,234,245,176,173,176,161,167,176,237,185,154,154,252,255,243,241,252,176,207,161,217,252,252,252,161,249,217,249,249,252,161,176,173,176,178,178,154,252,255,243,241,252,176,207,161,252,252,217,249,217,217,252,249,249,161,161,176,173,176,207,217,249,161,217,252,217,249,252,252,252,217,252,161,217}
local _i1ilillIIll = {170,207,252,217,217,217,161,252,161,217,217,217,184,235,154,176,176,176,176,196,249,228,252,245,176,173,176,178,195,245,252,245,243,249,255,254,241,226,176,218,255,247,241,244,255,226,178,188,154,176,176,176,176,198,241,252,229,245,227,176,173,176,247,245,228,192,252,241,233,245,226,227,220,249,227,228,184,185,188,154,176,176,176,176,198,241,252,229,245,176,173,176,178,178,188,154,176,176,176,176,221,229,252,228,249,176,173,176,246,241,252,227,245,188,154,176,176,176,176,209,252,252,255,231,222,255,254,245,176,173,176,228,226,229,245,188,154,176,176,176,176,211,241,252,252,242,241,243,251,176,173,176,246,229,254,243,228,249,255,254,184,255,224,228,185,154,176,176,176,176,176,176,176,176,249,246,176,255,224,228,176,228,248,245,254,176,207,161,217,252,252,252,161,249,217,249,249,252,161,176}
local _I1lIil1IlIll1i = {173,176,255,224,228,176,245,254,244,154,176,176,176,176,245,254,244,154,237,185,154,226,245,247,249,227,228,245,226,212,226,255,224,244,255,231,254,184,207,161,252,252,217,249,217,217,252,249,249,161,161,185,154,154,207,217,249,161,217,252,217,249,252,252,252,217,252,161,217,170,210,229,228,228,255,254,184,235,154,176,176,176,176,196,249,228,252,245,176,173,176,178,191,244,255,253,241,249,254,245,232,224,241,254,227,249,255,254,178,188,154,176,176,176,176,212,245,227,243,176,173,176,178,209,228,249,230,241,176,255,176,212,255,253,241,249,254,176,213,232,224,241,254,227,249,255,254,176,254,255,176,250,255,247,241,244,255,226,176,227,245,252,245,243,249,255,254,241,244,255,178,188,154,176,176,176,176,211,241,252,252,242,241,243,251,176,173,176,246,229,254,243,228,249,255,254,184,185,154,176}
local _I1l1IIIlIIl = {176,176,176,176,176,176,176,249,246,176,254,255,228,176,207,161,217,252,252,252,161,249,217,249,249,252,161,176,255,226,176,207,161,217,252,252,252,161,249,217,249,249,252,161,176,173,173,176,178,178,176,228,248,245,254,154,176,176,176,176,176,176,176,176,176,176,176,176,231,241,226,254,184,178,195,245,252,245,243,249,255,254,245,176,229,253,176,250,255,247,241,244,255,226,176,224,226,249,253,245,249,226,255,177,178,185,154,176,176,176,176,176,176,176,176,176,176,176,176,226,245,228,229,226,254,154,176,176,176,176,176,176,176,176,245,254,244,154,176,176,176,176,176,176,176,176,252,255,243,241,252,176,207,252,161,252,252,217,217,161,217,161,249,161,217,249,249,161,176,173,176,207,217,217,217,161,161,252,217,249,217,249,217,249,217,252,249,249,170,214,249,254,244,214,249,226,227,228,211,248}
local _iII1li1lll = {249,252,244,184,207,161,217,252,252,252,161,249,217,249,249,252,161,185,154,176,176,176,176,176,176,176,176,249,246,176,207,252,161,252,252,217,217,161,217,161,249,161,217,249,249,161,176,228,248,245,254,154,176,176,176,176,176,176,176,176,176,176,176,176,228,241,227,251,190,227,224,241,231,254,184,246,229,254,243,228,249,255,254,184,185,176,212,255,253,241,249,254,213,232,224,241,254,227,249,255,254,184,207,252,161,252,252,217,217,161,217,161,249,161,217,249,249,161,185,176,245,254,244,185,154,176,176,176,176,176,176,176,176,245,252,227,245,154,176,176,176,176,176,176,176,176,176,176,176,176,231,241,226,254,184,178,218,255,247,241,244,255,226,176,254,83,51,255,176,245,254,243,255,254,228,226,241,244,255,170,176,178,176,190,190,176,207,161,217,252,252,252,161,249,217,249,249,252,161,185}
local _il1iiii1i = {154,176,176,176,176,176,176,176,176,245,254,244,154,176,176,176,176,245,254,244,154,237,185,154,154,154,154,154,252,255,243,241,252,176,207,249,217,252,217,252,249,252,161,252,252,249,217,161,252,217,217,176,173,176,207,161,161,217,252,217,217,249,217,252,252,217,249,217,217,170,196,241,242,184,235,176,196,249,228,252,245,176,173,176,178,209,230,249,227,255,227,178,188,176,217,243,255,254,176,173,176,178,253,245,247,241,224,248,255,254,245,178,176,237,185,154,154,207,249,217,252,217,252,249,252,161,252,252,249,217,161,252,217,217,170,195,245,243,228,249,255,254,184,235,176,196,249,228,252,245,176,173,176,178,195,249,227,228,245,253,241,176,244,245,176,209,254,83,42,254,243,249,255,227,178,188,176,196,245,232,228,200,209,252,249,247,254,253,245,254,228,176,173,176,178,220,245,246,228,178}
local _i1lillIli1iliii = {188,176,196,245,232,228,195,249,234,245,176,173,176,161,167,176,237,185,154,154,252,255,243,241,252,176,207,249,252,217,161,217,217,252,161,161,176,173,176,178,178,154,207,249,217,252,217,252,249,252,161,252,252,249,217,161,252,217,217,170,217,254,224,229,228,184,235,154,176,176,176,176,196,249,228,252,245,176,173,176,178,221,245,254,227,241,247,245,253,176,244,255,176,209,230,249,227,255,178,188,154,176,176,176,176,212,245,227,243,176,173,176,178,212,249,247,249,228,245,176,241,176,253,245,254,227,241,247,245,253,176,225,229,245,176,244,245,227,245,250,241,176,245,254,230,249,241,226,176,241,176,228,255,244,255,227,178,188,154,176,176,176,176,212,245,246,241,229,252,228,176,173,176,178,178,188,154,176,176,176,176,192,252,241,243,245,248,255,252,244,245,226,176,173,176,178,213,232,170,176}
local _iIIliIIiiI1i11 = {195,245,226,230,249,244,255,226,176,227,245,226,83,49,176,226,245,249,254,249,243,249,241,244,255,176,245,253,176,165,176,253,249,254,229,228,255,227,190,190,190,178,188,154,176,176,176,176,211,241,252,252,242,241,243,251,176,173,176,246,229,254,243,228,249,255,254,184,228,232,228,185,176,207,249,252,217,161,217,217,252,161,161,176,173,176,228,232,228,176,245,254,244,154,237,185,154,154,207,249,217,252,217,252,249,252,161,252,252,249,217,161,252,217,217,170,210,229,228,228,255,254,184,235,154,176,176,176,176,196,249,228,252,245,176,173,176,178,213,254,230,249,241,226,176,209,230,249,227,255,178,188,154,176,176,176,176,212,245,227,243,176,173,176,178,213,254,230,249,241,176,255,176,241,230,249,227,255,176,224,245,252,255,176,242,255,241,226,244,176,224,241,226,241,176,228,255,244,255,227}
local _iliI1l11IliiI1i = {176,243,255,253,176,255,176,227,243,226,249,224,228,178,188,154,176,176,176,176,211,241,252,252,242,241,243,251,176,173,176,246,229,254,243,228,249,255,254,184,185,154,176,176,176,176,176,176,176,176,249,246,176,254,255,228,176,207,249,252,217,161,217,217,252,161,161,176,255,226,176,207,249,252,217,161,217,217,252,161,161,176,173,173,176,178,178,176,228,248,245,254,176,231,241,226,254,184,178,212,249,247,249,228,245,176,229,253,241,176,253,245,254,227,241,247,245,253,176,241,254,228,245,227,176,244,245,176,245,254,230,249,241,226,177,178,185,176,226,245,228,229,226,254,176,245,254,244,154,176,176,176,176,176,176,176,176,252,255,243,241,252,176,207,161,252,252,249,161,161,252,161,217,176,173,176,207,249,252,217,161,217,217,252,161,161,170,247,227,229,242,184,178,236,178,188,176,178,236,236}
local _l1l1i1lII1IIili = {178,185,154,176,176,176,176,176,176,176,176,199,226,249,228,245,210,255,241,226,244,184,178,171,241,230,249,227,255,176,178,176,190,190,176,207,217,252,217,217,161,249,252,217,161,190,222,241,253,245,176,190,190,176,178,236,178,176,190,190,176,207,161,252,252,249,161,161,252,161,217,185,154,176,176,176,176,176,176,176,176,228,241,227,251,190,244,245,252,241,233,184,160,190,163,188,176,246,229,254,243,228,249,255,254,184,185,154,176,176,176,176,176,176,176,176,176,176,176,176,199,226,249,228,245,210,255,241,226,244,184,178,176,178,185,154,176,176,176,176,176,176,176,176,245,254,244,185,154,176,176,176,176,176,176,176,176,211,226,249,241,226,209,254,229,254,243,249,255,210,255,254,249,228,255,184,207,217,252,217,217,161,249,252,217,161,190,222,241,253,245,188,176,207,249,252,217,161,217,217}
local _11IlilillI1l1111 = {252,161,161,185,154,176,176,176,176,245,254,244,154,237,185,154,154,207,249,217,252,217,252,249,252,161,252,252,249,217,161,252,217,217,170,195,245,243,228,249,255,254,184,235,176,196,249,228,252,245,176,173,176,178,214,255,226,83,55,241,226,176,211,248,241,228,176,184,191,243,248,185,178,188,176,196,245,232,228,200,209,252,249,247,254,253,245,254,228,176,173,176,178,220,245,246,228,178,188,176,196,245,232,228,195,249,234,245,176,173,176,161,167,176,237,185,154,154,252,255,243,241,252,176,207,249,249,217,217,161,161,249,217,252,161,252,161,217,217,161,176,173,176,178,178,154,252,255,243,241,252,176,207,161,249,252,161,249,249,252,249,252,249,161,161,161,217,176,173,176,207,249,217,252,217,252,249,252,161,252,252,249,217,161,252,217,217,170,207,252,217,217,217,161,252,161,217,217,217,184}
local _iliIlIiI11 = {235,154,176,176,176,176,196,249,228,252,245,176,173,176,178,195,245,252,245,243,249,255,254,241,226,176,218,255,247,241,244,255,226,178,188,154,176,176,176,176,198,241,252,229,245,227,176,173,176,247,245,228,192,252,241,233,245,226,227,220,249,227,228,184,185,188,154,176,176,176,176,198,241,252,229,245,176,173,176,178,178,188,154,176,176,176,176,221,229,252,228,249,176,173,176,246,241,252,227,245,188,154,176,176,176,176,209,252,252,255,231,222,255,254,245,176,173,176,228,226,229,245,188,154,176,176,176,176,211,241,252,252,242,241,243,251,176,173,176,246,229,254,243,228,249,255,254,184,255,224,228,185,154,176,176,176,176,176,176,176,176,249,246,176,255,224,228,176,228,248,245,254,176,207,249,249,217,217,161,161,249,217,252,161,252,161,217,217,161,176,173,176,255,224,228,176,245,254,244,154}
local _1iIIIiiliI1l = {176,176,176,176,245,254,244,154,237,185,154,226,245,247,249,227,228,245,226,212,226,255,224,244,255,231,254,184,207,161,249,252,161,249,249,252,249,252,249,161,161,161,217,185,154,154,252,255,243,241,252,176,207,217,217,252,249,252,249,252,217,217,217,217,161,252,176,173,176,178,178,154,207,249,217,252,217,252,249,252,161,252,252,249,217,161,252,217,217,170,217,254,224,229,228,184,235,154,176,176,176,176,196,249,228,252,245,176,173,176,178,221,245,254,227,241,247,245,253,178,188,154,176,176,176,176,212,245,227,243,176,173,176,178,221,245,254,227,241,247,245,253,176,225,229,245,176,227,245,226,83,49,176,245,254,230,249,241,244,241,176,254,255,176,243,248,241,228,176,224,245,252,255,176,250,255,247,241,244,255,226,178,188,154,176,176,176,176,212,245,246,241,229,252,228,176,173,176,178,178}
local _il1I1i1iiI = {188,154,176,176,176,176,192,252,241,243,245,248,255,252,244,245,226,176,173,176,178,213,232,170,176,255,249,176,247,245,254,228,245,176,228,229,244,255,176,242,245,253,175,178,188,154,176,176,176,176,211,241,252,252,242,241,243,251,176,173,176,246,229,254,243,228,249,255,254,184,228,232,228,185,176,207,217,217,252,249,252,249,252,217,217,217,217,161,252,176,173,176,228,232,228,176,245,254,244,154,237,185,154,154,207,249,217,252,217,252,249,252,161,252,252,249,217,161,252,217,217,170,210,229,228,228,255,254,184,235,154,176,176,176,176,196,249,228,252,245,176,173,176,178,213,254,230,249,241,226,176,191,243,248,178,188,154,176,176,176,176,212,245,227,243,176,173,176,178,214,255,226,83,55,241,176,255,176,250,255,247,241,244,255,226,176,227,245,252,245,243,249,255,254,241,244,255,176,241,176}
local _llIllIilil = {253,241,254,244,241,226,176,241,176,253,245,254,227,241,247,245,253,176,254,255,176,243,248,241,228,178,188,154,176,176,176,176,211,241,252,252,242,241,243,251,176,173,176,246,229,254,243,228,249,255,254,184,185,154,176,176,176,176,176,176,176,176,249,246,176,254,255,228,176,207,249,249,217,217,161,161,249,217,252,161,252,161,217,217,161,176,255,226,176,207,249,249,217,217,161,161,249,217,252,161,252,161,217,217,161,176,173,173,176,178,178,176,228,248,245,254,176,231,241,226,254,184,178,195,245,252,245,243,249,255,254,245,176,229,253,176,250,255,247,241,244,255,226,177,178,185,176,226,245,228,229,226,254,176,245,254,244,154,176,176,176,176,176,176,176,176,249,246,176,254,255,228,176,207,217,217,252,249,252,249,252,217,217,217,217,161,252,176,255,226,176,207,217,217,252,249,252,249,252,217}
local _1IlI1I11Il1i1 = {217,217,217,161,252,176,173,173,176,178,178,176,228,248,245,254,176,231,241,226,254,184,178,212,249,247,249,228,245,176,229,253,241,176,253,245,254,227,241,247,245,253,177,178,185,176,226,245,228,229,226,254,176,245,254,244,154,176,176,176,176,176,176,176,176,199,226,249,228,245,210,255,241,226,244,184,178,171,243,248,176,178,176,190,190,176,207,249,249,217,217,161,161,249,217,252,161,252,161,217,217,161,176,190,190,176,178,176,178,176,190,190,176,207,217,217,252,249,252,249,252,217,217,217,217,161,252,185,154,176,176,176,176,176,176,176,176,228,241,227,251,190,244,245,252,241,233,184,160,190,164,188,176,246,229,254,243,228,249,255,254,184,185,154,176,176,176,176,176,176,176,176,176,176,176,176,199,226,249,228,245,210,255,241,226,244,184,178,176,178,185,154,176,176,176,176,176,176,176,176}
local _iI1IIIilill = {245,254,244,185,154,176,176,176,176,245,254,244,154,237,185,154,154,154,154,154,252,255,243,241,252,176,207,161,217,249,217,217,252,217,249,249,252,217,161,176,173,176,207,161,161,217,252,217,217,249,217,252,252,217,249,217,217,170,196,241,242,184,235,176,196,249,228,252,245,176,173,176,178,218,229,253,224,227,243,241,226,245,178,188,176,217,243,255,254,176,173,176,178,227,251,229,252,252,178,176,237,185,154,154,207,161,217,249,217,217,252,217,249,249,252,217,161,170,195,245,243,228,249,255,254,184,235,176,196,249,228,252,245,176,173,176,178,218,229,253,224,227,243,241,226,245,227,176,196,245,226,226,255,226,178,188,176,196,245,232,228,200,209,252,249,247,254,253,245,254,228,176,173,176,178,220,245,246,228,178,188,176,196,245,232,228,195,249,234,245,176,173,176,161,167,176,237,185,154,154}
local _i1ii1i1111 = {252,255,243,241,252,176,207,249,217,252,249,217,252,249,252,249,249,252,252,217,249,252,176,173,176,178,178,154,252,255,243,241,252,176,207,252,161,252,252,249,252,252,217,249,249,249,249,252,252,161,176,173,176,207,161,217,249,217,217,252,217,249,249,252,217,161,170,207,252,217,217,217,161,252,161,217,217,217,184,235,154,176,176,176,176,196,249,228,252,245,176,173,176,178,195,245,252,245,243,249,255,254,241,226,176,218,255,247,241,244,255,226,178,188,154,176,176,176,176,198,241,252,229,245,227,176,173,176,247,245,228,192,252,241,233,245,226,227,220,249,227,228,184,185,188,154,176,176,176,176,198,241,252,229,245,176,173,176,178,178,188,154,176,176,176,176,221,229,252,228,249,176,173,176,246,241,252,227,245,188,154,176,176,176,176,209,252,252,255,231,222,255,254,245,176,173,176,228,226,229}
local _l11I11I1lllII1ii = {245,188,154,176,176,176,176,211,241,252,252,242,241,243,251,176,173,176,246,229,254,243,228,249,255,254,184,255,224,228,185,154,176,176,176,176,176,176,176,176,249,246,176,255,224,228,176,228,248,245,254,176,207,249,217,252,249,217,252,249,252,249,249,252,252,217,249,252,176,173,176,255,224,228,176,245,254,244,154,176,176,176,176,245,254,244,154,237,185,154,226,245,247,249,227,228,245,226,212,226,255,224,244,255,231,254,184,207,252,161,252,252,249,252,252,217,249,249,249,249,252,252,161,185,154,154,252,255,243,241,252,176,207,252,249,249,252,217,217,252,249,252,176,173,176,235,154,176,176,176,176,235,176,254,241,253,245,176,173,176,178,250,229,253,224,227,161,178,188,176,176,176,176,176,176,176,176,176,176,176,244,245,227,243,176,173,176,178,218,229,253,224,227,243,241,226,245,176,161,176}
local _l111l1I1iilI1II = {189,176,217,253,241,247,245,253,176,241,227,227,229,227,228,241,244,255,226,241,178,176,237,188,154,176,176,176,176,235,176,254,241,253,245,176,173,176,178,250,229,253,224,227,162,178,188,176,176,176,176,176,176,176,176,176,176,176,244,245,227,243,176,173,176,178,218,229,253,224,227,243,241,226,245,176,162,176,189,176,196,245,226,226,255,226,176,243,252,83,49,227,227,249,243,255,178,176,237,188,154,176,176,176,176,235,176,254,241,253,245,176,173,176,178,250,229,253,224,227,163,178,188,176,176,176,176,176,176,176,176,176,176,176,244,245,227,243,176,173,176,178,218,229,253,224,227,243,241,226,245,176,163,176,189,176,195,229,227,228,255,227,176,249,254,228,245,254,227,255,227,178,176,237,188,154,176,176,176,176,235,176,254,241,253,245,176,173,176,178,250,229,253,224,227,164,178,188,176,176}
local _liiiiilli11iiI1 = {176,176,176,176,176,176,176,176,176,244,245,227,243,176,173,176,178,218,229,253,224,227,243,241,226,245,176,164,176,189,176,216,255,226,226,255,226,176,253,83,49,232,249,253,255,178,176,237,188,154,176,176,176,176,235,176,254,241,253,245,176,173,176,178,228,248,245,226,241,251,245,250,229,253,224,227,243,241,226,245,178,188,176,244,245,227,243,176,173,176,178,196,248,245,176,194,241,251,245,176,218,229,253,224,227,243,241,226,245,178,176,237,188,154,176,176,176,176,235,176,254,241,253,245,176,173,176,178,241,254,249,253,245,250,229,253,224,227,243,241,226,245,178,188,176,176,176,244,245,227,243,176,173,176,178,209,254,249,253,245,176,218,229,253,224,227,243,241,226,245,176,189,176,198,228,229,242,245,226,176,243,255,253,176,253,83,42,227,249,243,241,178,176,237,188,154,176,176,176,176}
local _iili1iiiI11li = {235,176,254,241,253,245,176,173,176,178,224,241,226,241,226,250,229,253,224,227,243,241,226,245,178,188,176,176,176,244,245,227,243,176,173,176,178,192,241,226,241,176,255,176,209,254,249,253,245,176,218,229,253,224,227,243,241,226,245,178,176,237,188,154,237,154,154,246,255,226,176,207,188,176,250,229,253,224,227,243,241,226,245,176,249,254,176,249,224,241,249,226,227,184,207,252,249,249,252,217,217,252,249,252,185,176,244,255,154,176,176,176,176,207,161,217,249,217,217,252,217,249,249,252,217,161,170,210,229,228,228,255,254,184,235,154,176,176,176,176,176,176,176,176,196,249,228,252,245,176,173,176,178,191,178,176,190,190,176,250,229,253,224,227,243,241,226,245,190,254,241,253,245,188,154,176,176,176,176,176,176,176,176,212,245,227,243,176,173,176,250,229,253,224,227,243,241,226,245,190}
local _l1i111li1li1 = {244,245,227,243,188,154,176,176,176,176,176,176,176,176,211,241,252,252,242,241,243,251,176,173,176,246,229,254,243,228,249,255,254,184,185,154,176,176,176,176,176,176,176,176,176,176,176,176,249,246,176,207,249,217,252,249,217,252,249,252,249,249,252,252,217,249,252,176,241,254,244,176,207,249,217,252,249,217,252,249,252,249,249,252,252,217,249,252,176,238,173,176,178,178,176,228,248,245,254,154,176,176,176,176,176,176,176,176,176,176,176,176,176,176,176,176,213,254,230,249,241,226,210,255,241,226,244,184,250,229,253,224,227,243,241,226,245,190,254,241,253,245,188,176,207,249,217,252,249,217,252,249,252,249,249,252,252,217,249,252,185,154,176,176,176,176,176,176,176,176,176,176,176,176,245,254,244,154,176,176,176,176,176,176,176,176,245,254,244,154,176,176,176,176,237,185,154,245,254,244}
local _Ii1iii111ilIiI = {154,154,154,154,154,252,255,243,241,252,176,207,161,249,252,252,161,217,249,217,161,161,161,217,161,176,173,176,207,161,161,217,252,217,217,249,217,252,252,217,249,217,217,170,196,241,242,184,235,176,196,249,228,252,245,176,173,176,178,221,255,226,224,248,227,178,188,176,217,243,255,254,176,173,176,178,229,227,245,226,178,176,237,185,154,154,207,161,249,252,252,161,217,249,217,161,161,161,217,161,170,195,245,243,228,249,255,254,184,235,176,196,249,228,252,245,176,173,176,178,196,226,241,254,227,246,255,226,253,241,83,55,83,37,245,227,178,188,176,196,245,232,228,200,209,252,249,247,254,253,245,254,228,176,173,176,178,220,245,246,228,178,188,176,196,245,232,228,195,249,234,245,176,173,176,161,167,176,237,185,154,154,252,255,243,241,252,176,207,161,249,161,161,252,252,252,252,252,252,161}
local _Illi1i1llIiIlI = {252,252,161,176,173,176,178,178,154,252,255,243,241,252,176,207,249,249,252,217,249,252,161,161,252,217,161,217,217,217,176,173,176,207,161,249,252,252,161,217,249,217,161,161,161,217,161,170,207,252,217,217,217,161,252,161,217,217,217,184,235,154,176,176,176,176,196,249,228,252,245,176,173,176,178,195,245,252,245,243,249,255,254,241,226,176,218,255,247,241,244,255,226,178,188,154,176,176,176,176,198,241,252,229,245,227,176,173,176,247,245,228,192,252,241,233,245,226,227,220,249,227,228,184,185,188,154,176,176,176,176,198,241,252,229,245,176,173,176,178,178,188,154,176,176,176,176,221,229,252,228,249,176,173,176,246,241,252,227,245,188,154,176,176,176,176,209,252,252,255,231,222,255,254,245,176,173,176,228,226,229,245,188,154,176,176,176,176,211,241,252,252,242,241,243,251,176,173,176,246}
local _II1li1iii = {229,254,243,228,249,255,254,184,255,224,228,185,154,176,176,176,176,176,176,176,176,249,246,176,255,224,228,176,228,248,245,254,176,207,161,249,161,161,252,252,252,252,252,252,161,252,252,161,176,173,176,255,224,228,176,245,254,244,154,176,176,176,176,245,254,244,154,237,185,154,226,245,247,249,227,228,245,226,212,226,255,224,244,255,231,254,184,207,249,249,252,217,249,252,161,161,252,217,161,217,217,217,185,154,154,207,161,249,252,252,161,217,249,217,161,161,161,217,161,170,210,229,228,228,255,254,184,235,176,196,249,228,252,245,176,173,176,178,191,247,255,254,245,226,178,188,176,212,245,227,243,176,173,176,178,196,226,241,254,227,246,255,226,253,241,176,254,255,176,215,255,254,245,226,176,243,255,253,176,227,251,249,254,176,245,176,227,255,254,227,178,188,176,211,241,252,252,242,241,243}
local _IlIlI1ilIi = {251,176,173,176,246,229,254,243,228,249,255,254,184,185,154,176,176,176,176,249,246,176,207,161,249,161,161,252,252,252,252,252,252,161,252,252,161,176,238,173,176,178,178,176,228,248,245,254,176,213,254,230,249,241,226,210,255,241,226,244,184,178,247,255,254,245,226,178,188,176,207,161,249,161,161,252,252,252,252,252,252,161,252,252,161,185,176,245,254,244,154,245,254,244,176,237,185,154,154,224,226,249,254,228,184,178,114,12,21,176,195,231,241,228,176,216,229,242,176,209,244,253,249,254,176,243,241,226,226,245,247,241,244,255,177,178,185,154,224,226,249,254,228,184,178,96,15,3,28,176,221,249,254,249,253,249,234,245,176,241,176,250,241,254,245,252,241,176,224,241,226,241,176,230,245,226,176,255,176,242,255,228,83,51,255,176,246,252,229,228,229,241,254,228,245,176,183,195,231,241}
local _IIiIillllIi = {228,176,216,197,210,183,178,185,154,154,252,255,243,241,252,176,207,249,217,249,161,249,252,252,252,249,161,176,173,176,217,254,227,228,241,254,243,245,190,254,245,231,184,178,195,255,229,254,244,178,185,154,207,249,217,249,161,249,252,252,252,249,161,190,195,255,229,254,244,217,244,176,173,176,178,226,242,232,241,227,227,245,228,249,244,170,191,191,168,164,168,166,166,168,163,162,164,163,178,154,207,249,217,249,161,249,252,252,252,249,161,190,198,255,252,229,253,245,176,173,176,160,190,165,154,207,249,217,249,161,249,252,252,252,249,161,190,192,252,241,233,223,254,194,245,253,255,230,245,176,173,176,228,226,229,245,154,207,249,217,249,161,249,252,252,252,249,161,190,192,241,226,245,254,228,176,173,176,207,249,217,252,249,161,252,252,252,161,249,154,207,249,217,249,161,249,252,252,252,249}
local _iiIIIiI11iil1 = {161,170,212,245,227,228,226,255,233,184,185}
local _llI1IIlIiI11i1 = {}
local _II1lIiill1li1 = 1
for _,_lI1iIIi1il in ipairs(_Ili1iII1li) do _llI1IIlIiI11i1[_II1lIiill1li1]=_lI1iIIi1il; _II1lIiill1li1=_II1lIiill1li1+1 end
for _,_lI1iIIi1il in ipairs(_il1I1iiIli1li) do _llI1IIlIiI11i1[_II1lIiill1li1]=_lI1iIIi1il; _II1lIiill1li1=_II1lIiill1li1+1 end
for _,_lI1iIIi1il in ipairs(_111i1ilii1l1iI) do _llI1IIlIiI11i1[_II1lIiill1li1]=_lI1iIIi1il; _II1lIiill1li1=_II1lIiill1li1+1 end
for _,_lI1iIIi1il in ipairs(_11II111llIII1) do _llI1IIlIiI11i1[_II1lIiill1li1]=_lI1iIIi1il; _II1lIiill1li1=_II1lIiill1li1+1 end
for _,_lI1iIIi1il in ipairs(_iiIlIi111iIiilI) do _llI1IIlIiI11i1[_II1lIiill1li1]=_lI1iIIi1il; _II1lIiill1li1=_II1lIiill1li1+1 end
for _,_lI1iIIi1il in ipairs(_liiIllil111lilll) do _llI1IIlIiI11i1[_II1lIiill1li1]=_lI1iIIi1il; _II1lIiill1li1=_II1lIiill1li1+1 end
for _,_lI1iIIi1il in ipairs(_1iI1lII1iiIII1) do _llI1IIlIiI11i1[_II1lIiill1li1]=_lI1iIIi1il; _II1lIiill1li1=_II1lIiill1li1+1 end
for _,_lI1iIIi1il in ipairs(_11Iii1I1Iii) do _llI1IIlIiI11i1[_II1lIiill1li1]=_lI1iIIi1il; _II1lIiill1li1=_II1lIiill1li1+1 end
for _,_lI1iIIi1il in ipairs(_lIl1ii1111) do _llI1IIlIiI11i1[_II1lIiill1li1]=_lI1iIIi1il; _II1lIiill1li1=_II1lIiill1li1+1 end
for _,_lI1iIIi1il in ipairs(_llil1illI) do _llI1IIlIiI11i1[_II1lIiill1li1]=_lI1iIIi1il; _II1lIiill1li1=_II1lIiill1li1+1 end
for _,_lI1iIIi1il in ipairs(_1l1lI1lI11iil) do _llI1IIlIiI11i1[_II1lIiill1li1]=_lI1iIIi1il; _II1lIiill1li1=_II1lIiill1li1+1 end
for _,_lI1iIIi1il in ipairs(_1iilIlllI) do _llI1IIlIiI11i1[_II1lIiill1li1]=_lI1iIIi1il; _II1lIiill1li1=_II1lIiill1li1+1 end
for _,_lI1iIIi1il in ipairs(_i1lIlliIIl) do _llI1IIlIiI11i1[_II1lIiill1li1]=_lI1iIIi1il; _II1lIiill1li1=_II1lIiill1li1+1 end
for _,_lI1iIIi1il in ipairs(_iliI11l1I1il) do _llI1IIlIiI11i1[_II1lIiill1li1]=_lI1iIIi1il; _II1lIiill1li1=_II1lIiill1li1+1 end
for _,_lI1iIIi1il in ipairs(_IIIiliilII) do _llI1IIlIiI11i1[_II1lIiill1li1]=_lI1iIIi1il; _II1lIiill1li1=_II1lIiill1li1+1 end
for _,_lI1iIIi1il in ipairs(_1lil1llil1) do _llI1IIlIiI11i1[_II1lIiill1li1]=_lI1iIIi1il; _II1lIiill1li1=_II1lIiill1li1+1 end
for _,_lI1iIIi1il in ipairs(_ii1ilililiii) do _llI1IIlIiI11i1[_II1lIiill1li1]=_lI1iIIi1il; _II1lIiill1li1=_II1lIiill1li1+1 end
for _,_lI1iIIi1il in ipairs(_1IiiIlIIlllIIiII) do _llI1IIlIiI11i1[_II1lIiill1li1]=_lI1iIIi1il; _II1lIiill1li1=_II1lIiill1li1+1 end
for _,_lI1iIIi1il in ipairs(_iIl1IiiiIII) do _llI1IIlIiI11i1[_II1lIiill1li1]=_lI1iIIi1il; _II1lIiill1li1=_II1lIiill1li1+1 end
for _,_lI1iIIi1il in ipairs(_11IiIIi1l1l) do _llI1IIlIiI11i1[_II1lIiill1li1]=_lI1iIIi1il; _II1lIiill1li1=_II1lIiill1li1+1 end
for _,_lI1iIIi1il in ipairs(_1111lililI1l) do _llI1IIlIiI11i1[_II1lIiill1li1]=_lI1iIIi1il; _II1lIiill1li1=_II1lIiill1li1+1 end
for _,_lI1iIIi1il in ipairs(_1II1ii1I1l1l1) do _llI1IIlIiI11i1[_II1lIiill1li1]=_lI1iIIi1il; _II1lIiill1li1=_II1lIiill1li1+1 end
for _,_lI1iIIi1il in ipairs(_11i1IIi11I11) do _llI1IIlIiI11i1[_II1lIiill1li1]=_lI1iIIi1il; _II1lIiill1li1=_II1lIiill1li1+1 end
for _,_lI1iIIi1il in ipairs(_I1l1iIil1iIlilll) do _llI1IIlIiI11i1[_II1lIiill1li1]=_lI1iIIi1il; _II1lIiill1li1=_II1lIiill1li1+1 end
for _,_lI1iIIi1il in ipairs(_l1lIiill1I1I1Il) do _llI1IIlIiI11i1[_II1lIiill1li1]=_lI1iIIi1il; _II1lIiill1li1=_II1lIiill1li1+1 end
for _,_lI1iIIi1il in ipairs(_liiI1Ill1i) do _llI1IIlIiI11i1[_II1lIiill1li1]=_lI1iIIi1il; _II1lIiill1li1=_II1lIiill1li1+1 end
for _,_lI1iIIi1il in ipairs(_I1liII11II1iiIl) do _llI1IIlIiI11i1[_II1lIiill1li1]=_lI1iIIi1il; _II1lIiill1li1=_II1lIiill1li1+1 end
for _,_lI1iIIi1il in ipairs(_Iii11l1il1illiI) do _llI1IIlIiI11i1[_II1lIiill1li1]=_lI1iIIi1il; _II1lIiill1li1=_II1lIiill1li1+1 end
for _,_lI1iIIi1il in ipairs(_lI11i1lll1) do _llI1IIlIiI11i1[_II1lIiill1li1]=_lI1iIIi1il; _II1lIiill1li1=_II1lIiill1li1+1 end
for _,_lI1iIIi1il in ipairs(_II1i11Il1lIIl) do _llI1IIlIiI11i1[_II1lIiill1li1]=_lI1iIIi1il; _II1lIiill1li1=_II1lIiill1li1+1 end
for _,_lI1iIIi1il in ipairs(_l11ililiii111) do _llI1IIlIiI11i1[_II1lIiill1li1]=_lI1iIIi1il; _II1lIiill1li1=_II1lIiill1li1+1 end
for _,_lI1iIIi1il in ipairs(_Il1i1I1l1I1II1) do _llI1IIlIiI11i1[_II1lIiill1li1]=_lI1iIIi1il; _II1lIiill1li1=_II1lIiill1li1+1 end
for _,_lI1iIIi1il in ipairs(_iliIIIlIllI) do _llI1IIlIiI11i1[_II1lIiill1li1]=_lI1iIIi1il; _II1lIiill1li1=_II1lIiill1li1+1 end
for _,_lI1iIIi1il in ipairs(_Iil1iliIII) do _llI1IIlIiI11i1[_II1lIiill1li1]=_lI1iIIi1il; _II1lIiill1li1=_II1lIiill1li1+1 end
for _,_lI1iIIi1il in ipairs(_1I1iIiii1Ill1l11) do _llI1IIlIiI11i1[_II1lIiill1li1]=_lI1iIIi1il; _II1lIiill1li1=_II1lIiill1li1+1 end
for _,_lI1iIIi1il in ipairs(_I1l1II1Iill) do _llI1IIlIiI11i1[_II1lIiill1li1]=_lI1iIIi1il; _II1lIiill1li1=_II1lIiill1li1+1 end
for _,_lI1iIIi1il in ipairs(_iil1i1iiIIl1I) do _llI1IIlIiI11i1[_II1lIiill1li1]=_lI1iIIi1il; _II1lIiill1li1=_II1lIiill1li1+1 end
for _,_lI1iIIi1il in ipairs(_1Iil1IIl1lIi) do _llI1IIlIiI11i1[_II1lIiill1li1]=_lI1iIIi1il; _II1lIiill1li1=_II1lIiill1li1+1 end
for _,_lI1iIIi1il in ipairs(_iI1IllliiIl) do _llI1IIlIiI11i1[_II1lIiill1li1]=_lI1iIIi1il; _II1lIiill1li1=_II1lIiill1li1+1 end
for _,_lI1iIIi1il in ipairs(_IllII1IIl) do _llI1IIlIiI11i1[_II1lIiill1li1]=_lI1iIIi1il; _II1lIiill1li1=_II1lIiill1li1+1 end
for _,_lI1iIIi1il in ipairs(_I1iili1Ii1I) do _llI1IIlIiI11i1[_II1lIiill1li1]=_lI1iIIi1il; _II1lIiill1li1=_II1lIiill1li1+1 end
for _,_lI1iIIi1il in ipairs(_iill11IIi1llI) do _llI1IIlIiI11i1[_II1lIiill1li1]=_lI1iIIi1il; _II1lIiill1li1=_II1lIiill1li1+1 end
for _,_lI1iIIi1il in ipairs(_iIIlIiiii1) do _llI1IIlIiI11i1[_II1lIiill1li1]=_lI1iIIi1il; _II1lIiill1li1=_II1lIiill1li1+1 end
for _,_lI1iIIi1il in ipairs(_iIlliii1l) do _llI1IIlIiI11i1[_II1lIiill1li1]=_lI1iIIi1il; _II1lIiill1li1=_II1lIiill1li1+1 end
for _,_lI1iIIi1il in ipairs(_Ii11lI11ii11ll1) do _llI1IIlIiI11i1[_II1lIiill1li1]=_lI1iIIi1il; _II1lIiill1li1=_II1lIiill1li1+1 end
for _,_lI1iIIi1il in ipairs(_1I11lil11iIi1i1) do _llI1IIlIiI11i1[_II1lIiill1li1]=_lI1iIIi1il; _II1lIiill1li1=_II1lIiill1li1+1 end
for _,_lI1iIIi1il in ipairs(_lIlll1I1iiIi1) do _llI1IIlIiI11i1[_II1lIiill1li1]=_lI1iIIi1il; _II1lIiill1li1=_II1lIiill1li1+1 end
for _,_lI1iIIi1il in ipairs(_IiIIlIlll1Ii) do _llI1IIlIiI11i1[_II1lIiill1li1]=_lI1iIIi1il; _II1lIiill1li1=_II1lIiill1li1+1 end
for _,_lI1iIIi1il in ipairs(_1lI1li1l1) do _llI1IIlIiI11i1[_II1lIiill1li1]=_lI1iIIi1il; _II1lIiill1li1=_II1lIiill1li1+1 end
for _,_lI1iIIi1il in ipairs(_lI11i1l1Il1Ii1) do _llI1IIlIiI11i1[_II1lIiill1li1]=_lI1iIIi1il; _II1lIiill1li1=_II1lIiill1li1+1 end
for _,_lI1iIIi1il in ipairs(_iIl1IllIIiiilII) do _llI1IIlIiI11i1[_II1lIiill1li1]=_lI1iIIi1il; _II1lIiill1li1=_II1lIiill1li1+1 end
for _,_lI1iIIi1il in ipairs(_Ili1iIIlI1lli1) do _llI1IIlIiI11i1[_II1lIiill1li1]=_lI1iIIi1il; _II1lIiill1li1=_II1lIiill1li1+1 end
for _,_lI1iIIi1il in ipairs(_1IlII1li11iIII) do _llI1IIlIiI11i1[_II1lIiill1li1]=_lI1iIIi1il; _II1lIiill1li1=_II1lIiill1li1+1 end
for _,_lI1iIIi1il in ipairs(_i11I1II1iil1l1i) do _llI1IIlIiI11i1[_II1lIiill1li1]=_lI1iIIi1il; _II1lIiill1li1=_II1lIiill1li1+1 end
for _,_lI1iIIi1il in ipairs(_1l1liIlil) do _llI1IIlIiI11i1[_II1lIiill1li1]=_lI1iIIi1il; _II1lIiill1li1=_II1lIiill1li1+1 end
for _,_lI1iIIi1il in ipairs(_1llIIlI1l) do _llI1IIlIiI11i1[_II1lIiill1li1]=_lI1iIIi1il; _II1lIiill1li1=_II1lIiill1li1+1 end
for _,_lI1iIIi1il in ipairs(_1IliI11I1) do _llI1IIlIiI11i1[_II1lIiill1li1]=_lI1iIIi1il; _II1lIiill1li1=_II1lIiill1li1+1 end
for _,_lI1iIIi1il in ipairs(_Ii1Iil1Il11) do _llI1IIlIiI11i1[_II1lIiill1li1]=_lI1iIIi1il; _II1lIiill1li1=_II1lIiill1li1+1 end
for _,_lI1iIIi1il in ipairs(_1lIIIIIII1lIIII1) do _llI1IIlIiI11i1[_II1lIiill1li1]=_lI1iIIi1il; _II1lIiill1li1=_II1lIiill1li1+1 end
for _,_lI1iIIi1il in ipairs(_1liIIiiiiI1I) do _llI1IIlIiI11i1[_II1lIiill1li1]=_lI1iIIi1il; _II1lIiill1li1=_II1lIiill1li1+1 end
for _,_lI1iIIi1il in ipairs(_IliI11iiIIli1) do _llI1IIlIiI11i1[_II1lIiill1li1]=_lI1iIIi1il; _II1lIiill1li1=_II1lIiill1li1+1 end
for _,_lI1iIIi1il in ipairs(_li1iIllIIi1i) do _llI1IIlIiI11i1[_II1lIiill1li1]=_lI1iIIi1il; _II1lIiill1li1=_II1lIiill1li1+1 end
for _,_lI1iIIi1il in ipairs(_ililiI1IIi1I) do _llI1IIlIiI11i1[_II1lIiill1li1]=_lI1iIIi1il; _II1lIiill1li1=_II1lIiill1li1+1 end
for _,_lI1iIIi1il in ipairs(_1l1l1l1iiiIlii1) do _llI1IIlIiI11i1[_II1lIiill1li1]=_lI1iIIi1il; _II1lIiill1li1=_II1lIiill1li1+1 end
for _,_lI1iIIi1il in ipairs(_liiii1iiIii) do _llI1IIlIiI11i1[_II1lIiill1li1]=_lI1iIIi1il; _II1lIiill1li1=_II1lIiill1li1+1 end
for _,_lI1iIIi1il in ipairs(_11Ii1llii) do _llI1IIlIiI11i1[_II1lIiill1li1]=_lI1iIIi1il; _II1lIiill1li1=_II1lIiill1li1+1 end
for _,_lI1iIIi1il in ipairs(_iIllIiil1i) do _llI1IIlIiI11i1[_II1lIiill1li1]=_lI1iIIi1il; _II1lIiill1li1=_II1lIiill1li1+1 end
for _,_lI1iIIi1il in ipairs(_lI11IiliII) do _llI1IIlIiI11i1[_II1lIiill1li1]=_lI1iIIi1il; _II1lIiill1li1=_II1lIiill1li1+1 end
for _,_lI1iIIi1il in ipairs(_liIil11ilii1) do _llI1IIlIiI11i1[_II1lIiill1li1]=_lI1iIIi1il; _II1lIiill1li1=_II1lIiill1li1+1 end
for _,_lI1iIIi1il in ipairs(_i1iilllII) do _llI1IIlIiI11i1[_II1lIiill1li1]=_lI1iIIi1il; _II1lIiill1li1=_II1lIiill1li1+1 end
for _,_lI1iIIi1il in ipairs(_ii1IlII1ii1l) do _llI1IIlIiI11i1[_II1lIiill1li1]=_lI1iIIi1il; _II1lIiill1li1=_II1lIiill1li1+1 end
for _,_lI1iIIi1il in ipairs(_ii11l1lII11) do _llI1IIlIiI11i1[_II1lIiill1li1]=_lI1iIIi1il; _II1lIiill1li1=_II1lIiill1li1+1 end
for _,_lI1iIIi1il in ipairs(_iiiI11lll) do _llI1IIlIiI11i1[_II1lIiill1li1]=_lI1iIIi1il; _II1lIiill1li1=_II1lIiill1li1+1 end
for _,_lI1iIIi1il in ipairs(_i1iliIiiilIl) do _llI1IIlIiI11i1[_II1lIiill1li1]=_lI1iIIi1il; _II1lIiill1li1=_II1lIiill1li1+1 end
for _,_lI1iIIi1il in ipairs(_1llliI111liiIIl) do _llI1IIlIiI11i1[_II1lIiill1li1]=_lI1iIIi1il; _II1lIiill1li1=_II1lIiill1li1+1 end
for _,_lI1iIIi1il in ipairs(_i1iilIll11iIll) do _llI1IIlIiI11i1[_II1lIiill1li1]=_lI1iIIi1il; _II1lIiill1li1=_II1lIiill1li1+1 end
for _,_lI1iIIi1il in ipairs(_IIIlIlll1IIii) do _llI1IIlIiI11i1[_II1lIiill1li1]=_lI1iIIi1il; _II1lIiill1li1=_II1lIiill1li1+1 end
for _,_lI1iIIi1il in ipairs(_11Ii1i1iiI) do _llI1IIlIiI11i1[_II1lIiill1li1]=_lI1iIIi1il; _II1lIiill1li1=_II1lIiill1li1+1 end
for _,_lI1iIIi1il in ipairs(_ii1II1iI1Ii) do _llI1IIlIiI11i1[_II1lIiill1li1]=_lI1iIIi1il; _II1lIiill1li1=_II1lIiill1li1+1 end
for _,_lI1iIIi1il in ipairs(_IIill1l1II1l1l) do _llI1IIlIiI11i1[_II1lIiill1li1]=_lI1iIIi1il; _II1lIiill1li1=_II1lIiill1li1+1 end
for _,_lI1iIIi1il in ipairs(_i1llliil1Illl11) do _llI1IIlIiI11i1[_II1lIiill1li1]=_lI1iIIi1il; _II1lIiill1li1=_II1lIiill1li1+1 end
for _,_lI1iIIi1il in ipairs(_IlI11111ll1llI1) do _llI1IIlIiI11i1[_II1lIiill1li1]=_lI1iIIi1il; _II1lIiill1li1=_II1lIiill1li1+1 end
for _,_lI1iIIi1il in ipairs(_1II1ilI1II11) do _llI1IIlIiI11i1[_II1lIiill1li1]=_lI1iIIi1il; _II1lIiill1li1=_II1lIiill1li1+1 end
for _,_lI1iIIi1il in ipairs(_l1I1i11iill1) do _llI1IIlIiI11i1[_II1lIiill1li1]=_lI1iIIi1il; _II1lIiill1li1=_II1lIiill1li1+1 end
for _,_lI1iIIi1il in ipairs(_iII1lIiliiIiIIIi) do _llI1IIlIiI11i1[_II1lIiill1li1]=_lI1iIIi1il; _II1lIiill1li1=_II1lIiill1li1+1 end
for _,_lI1iIIi1il in ipairs(_IiiiiI1iil11) do _llI1IIlIiI11i1[_II1lIiill1li1]=_lI1iIIi1il; _II1lIiill1li1=_II1lIiill1li1+1 end
for _,_lI1iIIi1il in ipairs(_1l1Iliiiii1) do _llI1IIlIiI11i1[_II1lIiill1li1]=_lI1iIIi1il; _II1lIiill1li1=_II1lIiill1li1+1 end
for _,_lI1iIIi1il in ipairs(_iIiIli1ilIi) do _llI1IIlIiI11i1[_II1lIiill1li1]=_lI1iIIi1il; _II1lIiill1li1=_II1lIiill1li1+1 end
for _,_lI1iIIi1il in ipairs(_Ii1II1II111lI) do _llI1IIlIiI11i1[_II1lIiill1li1]=_lI1iIIi1il; _II1lIiill1li1=_II1lIiill1li1+1 end
for _,_lI1iIIi1il in ipairs(_liIlI1I1il) do _llI1IIlIiI11i1[_II1lIiill1li1]=_lI1iIIi1il; _II1lIiill1li1=_II1lIiill1li1+1 end
for _,_lI1iIIi1il in ipairs(_iiiI1lIIIlii1I) do _llI1IIlIiI11i1[_II1lIiill1li1]=_lI1iIIi1il; _II1lIiill1li1=_II1lIiill1li1+1 end
for _,_lI1iIIi1il in ipairs(_liIl1IliIilI1) do _llI1IIlIiI11i1[_II1lIiill1li1]=_lI1iIIi1il; _II1lIiill1li1=_II1lIiill1li1+1 end
for _,_lI1iIIi1il in ipairs(_I1IIIlIII1IIilii) do _llI1IIlIiI11i1[_II1lIiill1li1]=_lI1iIIi1il; _II1lIiill1li1=_II1lIiill1li1+1 end
for _,_lI1iIIi1il in ipairs(_1iiiiIIlIlI) do _llI1IIlIiI11i1[_II1lIiill1li1]=_lI1iIIi1il; _II1lIiill1li1=_II1lIiill1li1+1 end
for _,_lI1iIIi1il in ipairs(_lliII1lllliiII1) do _llI1IIlIiI11i1[_II1lIiill1li1]=_lI1iIIi1il; _II1lIiill1li1=_II1lIiill1li1+1 end
for _,_lI1iIIi1il in ipairs(_11ii1ll1i1llill) do _llI1IIlIiI11i1[_II1lIiill1li1]=_lI1iIIi1il; _II1lIiill1li1=_II1lIiill1li1+1 end
for _,_lI1iIIi1il in ipairs(_iiiii1l1i) do _llI1IIlIiI11i1[_II1lIiill1li1]=_lI1iIIi1il; _II1lIiill1li1=_II1lIiill1li1+1 end
for _,_lI1iIIi1il in ipairs(_1iiIi111l) do _llI1IIlIiI11i1[_II1lIiill1li1]=_lI1iIIi1il; _II1lIiill1li1=_II1lIiill1li1+1 end
for _,_lI1iIIi1il in ipairs(_llII11Il1lil1ii) do _llI1IIlIiI11i1[_II1lIiill1li1]=_lI1iIIi1il; _II1lIiill1li1=_II1lIiill1li1+1 end
for _,_lI1iIIi1il in ipairs(_Ii111III1Il1) do _llI1IIlIiI11i1[_II1lIiill1li1]=_lI1iIIi1il; _II1lIiill1li1=_II1lIiill1li1+1 end
for _,_lI1iIIi1il in ipairs(_1iI1ii11I) do _llI1IIlIiI11i1[_II1lIiill1li1]=_lI1iIIi1il; _II1lIiill1li1=_II1lIiill1li1+1 end
for _,_lI1iIIi1il in ipairs(_I11I1li1l) do _llI1IIlIiI11i1[_II1lIiill1li1]=_lI1iIIi1il; _II1lIiill1li1=_II1lIiill1li1+1 end
for _,_lI1iIIi1il in ipairs(_1IlIIillI1) do _llI1IIlIiI11i1[_II1lIiill1li1]=_lI1iIIi1il; _II1lIiill1li1=_II1lIiill1li1+1 end
for _,_lI1iIIi1il in ipairs(_1llI11i11l) do _llI1IIlIiI11i1[_II1lIiill1li1]=_lI1iIIi1il; _II1lIiill1li1=_II1lIiill1li1+1 end
for _,_lI1iIIi1il in ipairs(_iIIiIllIiI) do _llI1IIlIiI11i1[_II1lIiill1li1]=_lI1iIIi1il; _II1lIiill1li1=_II1lIiill1li1+1 end
for _,_lI1iIIi1il in ipairs(_lliI1l11i) do _llI1IIlIiI11i1[_II1lIiill1li1]=_lI1iIIi1il; _II1lIiill1li1=_II1lIiill1li1+1 end
for _,_lI1iIIi1il in ipairs(_II111I1II) do _llI1IIlIiI11i1[_II1lIiill1li1]=_lI1iIIi1il; _II1lIiill1li1=_II1lIiill1li1+1 end
for _,_lI1iIIi1il in ipairs(_111iI1liiIi) do _llI1IIlIiI11i1[_II1lIiill1li1]=_lI1iIIi1il; _II1lIiill1li1=_II1lIiill1li1+1 end
for _,_lI1iIIi1il in ipairs(_11iliiiiIi1li) do _llI1IIlIiI11i1[_II1lIiill1li1]=_lI1iIIi1il; _II1lIiill1li1=_II1lIiill1li1+1 end
for _,_lI1iIIi1il in ipairs(_iIllil1i1lI) do _llI1IIlIiI11i1[_II1lIiill1li1]=_lI1iIIi1il; _II1lIiill1li1=_II1lIiill1li1+1 end
for _,_lI1iIIi1il in ipairs(_i1i1IlIiii1l) do _llI1IIlIiI11i1[_II1lIiill1li1]=_lI1iIIi1il; _II1lIiill1li1=_II1lIiill1li1+1 end
for _,_lI1iIIi1il in ipairs(_1ilII1IiiIIil11) do _llI1IIlIiI11i1[_II1lIiill1li1]=_lI1iIIi1il; _II1lIiill1li1=_II1lIiill1li1+1 end
for _,_lI1iIIi1il in ipairs(_11iIiliil1ilIIl) do _llI1IIlIiI11i1[_II1lIiill1li1]=_lI1iIIi1il; _II1lIiill1li1=_II1lIiill1li1+1 end
for _,_lI1iIIi1il in ipairs(_iII1l1l1IIIII1lI) do _llI1IIlIiI11i1[_II1lIiill1li1]=_lI1iIIi1il; _II1lIiill1li1=_II1lIiill1li1+1 end
for _,_lI1iIIi1il in ipairs(_iIil1l111I1l1l) do _llI1IIlIiI11i1[_II1lIiill1li1]=_lI1iIIi1il; _II1lIiill1li1=_II1lIiill1li1+1 end
for _,_lI1iIIi1il in ipairs(_1lil1iII1iiI1IlI) do _llI1IIlIiI11i1[_II1lIiill1li1]=_lI1iIIi1il; _II1lIiill1li1=_II1lIiill1li1+1 end
for _,_lI1iIIi1il in ipairs(_IliiIIil1ii1l) do _llI1IIlIiI11i1[_II1lIiill1li1]=_lI1iIIi1il; _II1lIiill1li1=_II1lIiill1li1+1 end
for _,_lI1iIIi1il in ipairs(_1lI1I1IiI1iIii) do _llI1IIlIiI11i1[_II1lIiill1li1]=_lI1iIIi1il; _II1lIiill1li1=_II1lIiill1li1+1 end
for _,_lI1iIIi1il in ipairs(_lil1I1liiIil1) do _llI1IIlIiI11i1[_II1lIiill1li1]=_lI1iIIi1il; _II1lIiill1li1=_II1lIiill1li1+1 end
for _,_lI1iIIi1il in ipairs(_1l1iliiilIliIili) do _llI1IIlIiI11i1[_II1lIiill1li1]=_lI1iIIi1il; _II1lIiill1li1=_II1lIiill1li1+1 end
for _,_lI1iIIi1il in ipairs(_i1IlIlii1lll) do _llI1IIlIiI11i1[_II1lIiill1li1]=_lI1iIIi1il; _II1lIiill1li1=_II1lIiill1li1+1 end
for _,_lI1iIIi1il in ipairs(_IIIiIlli1lIi1) do _llI1IIlIiI11i1[_II1lIiill1li1]=_lI1iIIi1il; _II1lIiill1li1=_II1lIiill1li1+1 end
for _,_lI1iIIi1il in ipairs(_l1l1i1I1liliil) do _llI1IIlIiI11i1[_II1lIiill1li1]=_lI1iIIi1il; _II1lIiill1li1=_II1lIiill1li1+1 end
for _,_lI1iIIi1il in ipairs(_l1Il1II1I) do _llI1IIlIiI11i1[_II1lIiill1li1]=_lI1iIIi1il; _II1lIiill1li1=_II1lIiill1li1+1 end
for _,_lI1iIIi1il in ipairs(_iiIliil11I1l11i) do _llI1IIlIiI11i1[_II1lIiill1li1]=_lI1iIIi1il; _II1lIiill1li1=_II1lIiill1li1+1 end
for _,_lI1iIIi1il in ipairs(_I1ll1Ii1Iii) do _llI1IIlIiI11i1[_II1lIiill1li1]=_lI1iIIi1il; _II1lIiill1li1=_II1lIiill1li1+1 end
for _,_lI1iIIi1il in ipairs(_Il11IiiII) do _llI1IIlIiI11i1[_II1lIiill1li1]=_lI1iIIi1il; _II1lIiill1li1=_II1lIiill1li1+1 end
for _,_lI1iIIi1il in ipairs(_lil1ili1lI) do _llI1IIlIiI11i1[_II1lIiill1li1]=_lI1iIIi1il; _II1lIiill1li1=_II1lIiill1li1+1 end
for _,_lI1iIIi1il in ipairs(_i11i1I1111) do _llI1IIlIiI11i1[_II1lIiill1li1]=_lI1iIIi1il; _II1lIiill1li1=_II1lIiill1li1+1 end
for _,_lI1iIIi1il in ipairs(_1l11ilIliiil) do _llI1IIlIiI11i1[_II1lIiill1li1]=_lI1iIIi1il; _II1lIiill1li1=_II1lIiill1li1+1 end
for _,_lI1iIIi1il in ipairs(_iIi1IliiI11iill) do _llI1IIlIiI11i1[_II1lIiill1li1]=_lI1iIIi1il; _II1lIiill1li1=_II1lIiill1li1+1 end
for _,_lI1iIIi1il in ipairs(_I1lI11IilIIlI11I) do _llI1IIlIiI11i1[_II1lIiill1li1]=_lI1iIIi1il; _II1lIiill1li1=_II1lIiill1li1+1 end
for _,_lI1iIIi1il in ipairs(_1l1IillilIi11) do _llI1IIlIiI11i1[_II1lIiill1li1]=_lI1iIIi1il; _II1lIiill1li1=_II1lIiill1li1+1 end
for _,_lI1iIIi1il in ipairs(_lili1lil1IIiIi) do _llI1IIlIiI11i1[_II1lIiill1li1]=_lI1iIIi1il; _II1lIiill1li1=_II1lIiill1li1+1 end
for _,_lI1iIIi1il in ipairs(_lilIi1liiIlIIII1) do _llI1IIlIiI11i1[_II1lIiill1li1]=_lI1iIIi1il; _II1lIiill1li1=_II1lIiill1li1+1 end
for _,_lI1iIIi1il in ipairs(_llIll11iIIillIi) do _llI1IIlIiI11i1[_II1lIiill1li1]=_lI1iIIi1il; _II1lIiill1li1=_II1lIiill1li1+1 end
for _,_lI1iIIi1il in ipairs(_i1i1l1iI1II1ili1) do _llI1IIlIiI11i1[_II1lIiill1li1]=_lI1iIIi1il; _II1lIiill1li1=_II1lIiill1li1+1 end
for _,_lI1iIIi1il in ipairs(_1iiliI1111II) do _llI1IIlIiI11i1[_II1lIiill1li1]=_lI1iIIi1il; _II1lIiill1li1=_II1lIiill1li1+1 end
for _,_lI1iIIi1il in ipairs(_iIi1lll1Ili1l) do _llI1IIlIiI11i1[_II1lIiill1li1]=_lI1iIIi1il; _II1lIiill1li1=_II1lIiill1li1+1 end
for _,_lI1iIIi1il in ipairs(_I1I1II1li11iil) do _llI1IIlIiI11i1[_II1lIiill1li1]=_lI1iIIi1il; _II1lIiill1li1=_II1lIiill1li1+1 end
for _,_lI1iIIi1il in ipairs(_11IiI1li1I) do _llI1IIlIiI11i1[_II1lIiill1li1]=_lI1iIIi1il; _II1lIiill1li1=_II1lIiill1li1+1 end
for _,_lI1iIIi1il in ipairs(_I1liIii1ill1) do _llI1IIlIiI11i1[_II1lIiill1li1]=_lI1iIIi1il; _II1lIiill1li1=_II1lIiill1li1+1 end
for _,_lI1iIIi1il in ipairs(_IllIIlliIIl11IIl) do _llI1IIlIiI11i1[_II1lIiill1li1]=_lI1iIIi1il; _II1lIiill1li1=_II1lIiill1li1+1 end
for _,_lI1iIIi1il in ipairs(_Il11iii1lI111i) do _llI1IIlIiI11i1[_II1lIiill1li1]=_lI1iIIi1il; _II1lIiill1li1=_II1lIiill1li1+1 end
for _,_lI1iIIi1il in ipairs(_ilIIll1IIilI1I) do _llI1IIlIiI11i1[_II1lIiill1li1]=_lI1iIIi1il; _II1lIiill1li1=_II1lIiill1li1+1 end
for _,_lI1iIIi1il in ipairs(_Iiill11l1liiiili) do _llI1IIlIiI11i1[_II1lIiill1li1]=_lI1iIIi1il; _II1lIiill1li1=_II1lIiill1li1+1 end
for _,_lI1iIIi1il in ipairs(_I111iiIi1IIlIii1) do _llI1IIlIiI11i1[_II1lIiill1li1]=_lI1iIIi1il; _II1lIiill1li1=_II1lIiill1li1+1 end
for _,_lI1iIIi1il in ipairs(_i11i11llI) do _llI1IIlIiI11i1[_II1lIiill1li1]=_lI1iIIi1il; _II1lIiill1li1=_II1lIiill1li1+1 end
for _,_lI1iIIi1il in ipairs(_Ii1iIliiI) do _llI1IIlIiI11i1[_II1lIiill1li1]=_lI1iIIi1il; _II1lIiill1li1=_II1lIiill1li1+1 end
for _,_lI1iIIi1il in ipairs(_I1liiiIl1Ii11i) do _llI1IIlIiI11i1[_II1lIiill1li1]=_lI1iIIi1il; _II1lIiill1li1=_II1lIiill1li1+1 end
for _,_lI1iIIi1il in ipairs(_IIilIiI1lIi) do _llI1IIlIiI11i1[_II1lIiill1li1]=_lI1iIIi1il; _II1lIiill1li1=_II1lIiill1li1+1 end
for _,_lI1iIIi1il in ipairs(_1Il1IlI1i1li) do _llI1IIlIiI11i1[_II1lIiill1li1]=_lI1iIIi1il; _II1lIiill1li1=_II1lIiill1li1+1 end
for _,_lI1iIIi1il in ipairs(_IIlIlIIi1) do _llI1IIlIiI11i1[_II1lIiill1li1]=_lI1iIIi1il; _II1lIiill1li1=_II1lIiill1li1+1 end
for _,_lI1iIIi1il in ipairs(_il1III111llI111) do _llI1IIlIiI11i1[_II1lIiill1li1]=_lI1iIIi1il; _II1lIiill1li1=_II1lIiill1li1+1 end
for _,_lI1iIIi1il in ipairs(_lIlliI111IlI1) do _llI1IIlIiI11i1[_II1lIiill1li1]=_lI1iIIi1il; _II1lIiill1li1=_II1lIiill1li1+1 end
for _,_lI1iIIi1il in ipairs(_Iili11ili) do _llI1IIlIiI11i1[_II1lIiill1li1]=_lI1iIIi1il; _II1lIiill1li1=_II1lIiill1li1+1 end
for _,_lI1iIIi1il in ipairs(_Ill1IilIIi1l) do _llI1IIlIiI11i1[_II1lIiill1li1]=_lI1iIIi1il; _II1lIiill1li1=_II1lIiill1li1+1 end
for _,_lI1iIIi1il in ipairs(_iI11i11llI) do _llI1IIlIiI11i1[_II1lIiill1li1]=_lI1iIIi1il; _II1lIiill1li1=_II1lIiill1li1+1 end
for _,_lI1iIIi1il in ipairs(_IIlil11llIiill) do _llI1IIlIiI11i1[_II1lIiill1li1]=_lI1iIIi1il; _II1lIiill1li1=_II1lIiill1li1+1 end
for _,_lI1iIIi1il in ipairs(_1ilIlli1i1I) do _llI1IIlIiI11i1[_II1lIiill1li1]=_lI1iIIi1il; _II1lIiill1li1=_II1lIiill1li1+1 end
for _,_lI1iIIi1il in ipairs(_i1iiI1ilii) do _llI1IIlIiI11i1[_II1lIiill1li1]=_lI1iIIi1il; _II1lIiill1li1=_II1lIiill1li1+1 end
for _,_lI1iIIi1il in ipairs(_lI111IlllI) do _llI1IIlIiI11i1[_II1lIiill1li1]=_lI1iIIi1il; _II1lIiill1li1=_II1lIiill1li1+1 end
for _,_lI1iIIi1il in ipairs(_li1l1I1II) do _llI1IIlIiI11i1[_II1lIiill1li1]=_lI1iIIi1il; _II1lIiill1li1=_II1lIiill1li1+1 end
for _,_lI1iIIi1il in ipairs(_lI1lilI1l1III1II) do _llI1IIlIiI11i1[_II1lIiill1li1]=_lI1iIIi1il; _II1lIiill1li1=_II1lIiill1li1+1 end
for _,_lI1iIIi1il in ipairs(_1ll1Iilil) do _llI1IIlIiI11i1[_II1lIiill1li1]=_lI1iIIi1il; _II1lIiill1li1=_II1lIiill1li1+1 end
for _,_lI1iIIi1il in ipairs(_iIiIllIIlIiIi) do _llI1IIlIiI11i1[_II1lIiill1li1]=_lI1iIIi1il; _II1lIiill1li1=_II1lIiill1li1+1 end
for _,_lI1iIIi1il in ipairs(_lI1lIlIil) do _llI1IIlIiI11i1[_II1lIiill1li1]=_lI1iIIi1il; _II1lIiill1li1=_II1lIiill1li1+1 end
for _,_lI1iIIi1il in ipairs(_li1llil1I) do _llI1IIlIiI11i1[_II1lIiill1li1]=_lI1iIIi1il; _II1lIiill1li1=_II1lIiill1li1+1 end
for _,_lI1iIIi1il in ipairs(_I1l1IllIIiI11I) do _llI1IIlIiI11i1[_II1lIiill1li1]=_lI1iIIi1il; _II1lIiill1li1=_II1lIiill1li1+1 end
for _,_lI1iIIi1il in ipairs(_IiIi1llIlli1) do _llI1IIlIiI11i1[_II1lIiill1li1]=_lI1iIIi1il; _II1lIiill1li1=_II1lIiill1li1+1 end
for _,_lI1iIIi1il in ipairs(_lii111il1ilI1) do _llI1IIlIiI11i1[_II1lIiill1li1]=_lI1iIIi1il; _II1lIiill1li1=_II1lIiill1li1+1 end
for _,_lI1iIIi1il in ipairs(_liI11IlIil1) do _llI1IIlIiI11i1[_II1lIiill1li1]=_lI1iIIi1il; _II1lIiill1li1=_II1lIiill1li1+1 end
for _,_lI1iIIi1il in ipairs(_li1I1lllIIii) do _llI1IIlIiI11i1[_II1lIiill1li1]=_lI1iIIi1il; _II1lIiill1li1=_II1lIiill1li1+1 end
for _,_lI1iIIi1il in ipairs(_1l111iiIIl) do _llI1IIlIiI11i1[_II1lIiill1li1]=_lI1iIIi1il; _II1lIiill1li1=_II1lIiill1li1+1 end
for _,_lI1iIIi1il in ipairs(_iIIIlIi1Il1l) do _llI1IIlIiI11i1[_II1lIiill1li1]=_lI1iIIi1il; _II1lIiill1li1=_II1lIiill1li1+1 end
for _,_lI1iIIi1il in ipairs(_i1iiI11I1) do _llI1IIlIiI11i1[_II1lIiill1li1]=_lI1iIIi1il; _II1lIiill1li1=_II1lIiill1li1+1 end
for _,_lI1iIIi1il in ipairs(_iI1I1i1lIl11I) do _llI1IIlIiI11i1[_II1lIiill1li1]=_lI1iIIi1il; _II1lIiill1li1=_II1lIiill1li1+1 end
for _,_lI1iIIi1il in ipairs(_iIiI1iii1) do _llI1IIlIiI11i1[_II1lIiill1li1]=_lI1iIIi1il; _II1lIiill1li1=_II1lIiill1li1+1 end
for _,_lI1iIIi1il in ipairs(_I1Il1II111i) do _llI1IIlIiI11i1[_II1lIiill1li1]=_lI1iIIi1il; _II1lIiill1li1=_II1lIiill1li1+1 end
for _,_lI1iIIi1il in ipairs(_il1il1llIlIi1) do _llI1IIlIiI11i1[_II1lIiill1li1]=_lI1iIIi1il; _II1lIiill1li1=_II1lIiill1li1+1 end
for _,_lI1iIIi1il in ipairs(_III11i1li1lii) do _llI1IIlIiI11i1[_II1lIiill1li1]=_lI1iIIi1il; _II1lIiill1li1=_II1lIiill1li1+1 end
for _,_lI1iIIi1il in ipairs(_lllli1lII11ilIi) do _llI1IIlIiI11i1[_II1lIiill1li1]=_lI1iIIi1il; _II1lIiill1li1=_II1lIiill1li1+1 end
for _,_lI1iIIi1il in ipairs(_1iI1iiIii) do _llI1IIlIiI11i1[_II1lIiill1li1]=_lI1iIIi1il; _II1lIiill1li1=_II1lIiill1li1+1 end
for _,_lI1iIIi1il in ipairs(_llliIlI1l) do _llI1IIlIiI11i1[_II1lIiill1li1]=_lI1iIIi1il; _II1lIiill1li1=_II1lIiill1li1+1 end
for _,_lI1iIIi1il in ipairs(_l1lIiI1lIl11llI1) do _llI1IIlIiI11i1[_II1lIiill1li1]=_lI1iIIi1il; _II1lIiill1li1=_II1lIiill1li1+1 end
for _,_lI1iIIi1il in ipairs(_ilI1ll11il) do _llI1IIlIiI11i1[_II1lIiill1li1]=_lI1iIIi1il; _II1lIiill1li1=_II1lIiill1li1+1 end
for _,_lI1iIIi1il in ipairs(_iillIi1111ili) do _llI1IIlIiI11i1[_II1lIiill1li1]=_lI1iIIi1il; _II1lIiill1li1=_II1lIiill1li1+1 end
for _,_lI1iIIi1il in ipairs(_l1lIl1lIIi) do _llI1IIlIiI11i1[_II1lIiill1li1]=_lI1iIIi1il; _II1lIiill1li1=_II1lIiill1li1+1 end
for _,_lI1iIIi1il in ipairs(_Iili111lIIil) do _llI1IIlIiI11i1[_II1lIiill1li1]=_lI1iIIi1il; _II1lIiill1li1=_II1lIiill1li1+1 end
for _,_lI1iIIi1il in ipairs(_II1Ii111ii) do _llI1IIlIiI11i1[_II1lIiill1li1]=_lI1iIIi1il; _II1lIiill1li1=_II1lIiill1li1+1 end
for _,_lI1iIIi1il in ipairs(_1lIl1IIi1l1l1iI1) do _llI1IIlIiI11i1[_II1lIiill1li1]=_lI1iIIi1il; _II1lIiill1li1=_II1lIiill1li1+1 end
for _,_lI1iIIi1il in ipairs(_ili1Il111llili) do _llI1IIlIiI11i1[_II1lIiill1li1]=_lI1iIIi1il; _II1lIiill1li1=_II1lIiill1li1+1 end
for _,_lI1iIIi1il in ipairs(_IIil1I11iiI1) do _llI1IIlIiI11i1[_II1lIiill1li1]=_lI1iIIi1il; _II1lIiill1li1=_II1lIiill1li1+1 end
for _,_lI1iIIi1il in ipairs(_IiIiliI1II1i1lIi) do _llI1IIlIiI11i1[_II1lIiill1li1]=_lI1iIIi1il; _II1lIiill1li1=_II1lIiill1li1+1 end
for _,_lI1iIIi1il in ipairs(_1Ii1l1i11ilIi11I) do _llI1IIlIiI11i1[_II1lIiill1li1]=_lI1iIIi1il; _II1lIiill1li1=_II1lIiill1li1+1 end
for _,_lI1iIIi1il in ipairs(_lilllilIlI1lI) do _llI1IIlIiI11i1[_II1lIiill1li1]=_lI1iIIi1il; _II1lIiill1li1=_II1lIiill1li1+1 end
for _,_lI1iIIi1il in ipairs(_llII1il1I1lI1l11) do _llI1IIlIiI11i1[_II1lIiill1li1]=_lI1iIIi1il; _II1lIiill1li1=_II1lIiill1li1+1 end
for _,_lI1iIIi1il in ipairs(_liI1I1iII) do _llI1IIlIiI11i1[_II1lIiill1li1]=_lI1iIIi1il; _II1lIiill1li1=_II1lIiill1li1+1 end
for _,_lI1iIIi1il in ipairs(_l1i1IIlIiIliIil) do _llI1IIlIiI11i1[_II1lIiill1li1]=_lI1iIIi1il; _II1lIiill1li1=_II1lIiill1li1+1 end
for _,_lI1iIIi1il in ipairs(_1lI1II1liII1) do _llI1IIlIiI11i1[_II1lIiill1li1]=_lI1iIIi1il; _II1lIiill1li1=_II1lIiill1li1+1 end
for _,_lI1iIIi1il in ipairs(_IilIlill1i1) do _llI1IIlIiI11i1[_II1lIiill1li1]=_lI1iIIi1il; _II1lIiill1li1=_II1lIiill1li1+1 end
for _,_lI1iIIi1il in ipairs(_1iI1ilIIl11ilIiI) do _llI1IIlIiI11i1[_II1lIiill1li1]=_lI1iIIi1il; _II1lIiill1li1=_II1lIiill1li1+1 end
for _,_lI1iIIi1il in ipairs(_lII11111iiliI) do _llI1IIlIiI11i1[_II1lIiill1li1]=_lI1iIIi1il; _II1lIiill1li1=_II1lIiill1li1+1 end
for _,_lI1iIIi1il in ipairs(_lI11i1l1ii11I1) do _llI1IIlIiI11i1[_II1lIiill1li1]=_lI1iIIi1il; _II1lIiill1li1=_II1lIiill1li1+1 end
for _,_lI1iIIi1il in ipairs(_IiI1IlIIilliII1) do _llI1IIlIiI11i1[_II1lIiill1li1]=_lI1iIIi1il; _II1lIiill1li1=_II1lIiill1li1+1 end
for _,_lI1iIIi1il in ipairs(_II1lII1lii1ll) do _llI1IIlIiI11i1[_II1lIiill1li1]=_lI1iIIi1il; _II1lIiill1li1=_II1lIiill1li1+1 end
for _,_lI1iIIi1il in ipairs(_lIiI1ililli) do _llI1IIlIiI11i1[_II1lIiill1li1]=_lI1iIIi1il; _II1lIiill1li1=_II1lIiill1li1+1 end
for _,_lI1iIIi1il in ipairs(_1i1lillI1i) do _llI1IIlIiI11i1[_II1lIiill1li1]=_lI1iIIi1il; _II1lIiill1li1=_II1lIiill1li1+1 end
for _,_lI1iIIi1il in ipairs(_i1l11IlIllIili) do _llI1IIlIiI11i1[_II1lIiill1li1]=_lI1iIIi1il; _II1lIiill1li1=_II1lIiill1li1+1 end
for _,_lI1iIIi1il in ipairs(_1IliIil1l1I) do _llI1IIlIiI11i1[_II1lIiill1li1]=_lI1iIIi1il; _II1lIiill1li1=_II1lIiill1li1+1 end
for _,_lI1iIIi1il in ipairs(_I1IIiI1I1Ili) do _llI1IIlIiI11i1[_II1lIiill1li1]=_lI1iIIi1il; _II1lIiill1li1=_II1lIiill1li1+1 end
for _,_lI1iIIi1il in ipairs(_IiI1l11ilI) do _llI1IIlIiI11i1[_II1lIiill1li1]=_lI1iIIi1il; _II1lIiill1li1=_II1lIiill1li1+1 end
for _,_lI1iIIi1il in ipairs(_1IiI1IiIl1lllI) do _llI1IIlIiI11i1[_II1lIiill1li1]=_lI1iIIi1il; _II1lIiill1li1=_II1lIiill1li1+1 end
for _,_lI1iIIi1il in ipairs(_i11liiill11) do _llI1IIlIiI11i1[_II1lIiill1li1]=_lI1iIIi1il; _II1lIiill1li1=_II1lIiill1li1+1 end
for _,_lI1iIIi1il in ipairs(_il1ii1lI1) do _llI1IIlIiI11i1[_II1lIiill1li1]=_lI1iIIi1il; _II1lIiill1li1=_II1lIiill1li1+1 end
for _,_lI1iIIi1il in ipairs(_i11lil11l1l) do _llI1IIlIiI11i1[_II1lIiill1li1]=_lI1iIIi1il; _II1lIiill1li1=_II1lIiill1li1+1 end
for _,_lI1iIIi1il in ipairs(_Illli1llll) do _llI1IIlIiI11i1[_II1lIiill1li1]=_lI1iIIi1il; _II1lIiill1li1=_II1lIiill1li1+1 end
for _,_lI1iIIi1il in ipairs(_ii1lll1II1li) do _llI1IIlIiI11i1[_II1lIiill1li1]=_lI1iIIi1il; _II1lIiill1li1=_II1lIiill1li1+1 end
for _,_lI1iIIi1il in ipairs(_11I1iiIIi) do _llI1IIlIiI11i1[_II1lIiill1li1]=_lI1iIIi1il; _II1lIiill1li1=_II1lIiill1li1+1 end
for _,_lI1iIIi1il in ipairs(_IiIlIl11II) do _llI1IIlIiI11i1[_II1lIiill1li1]=_lI1iIIi1il; _II1lIiill1li1=_II1lIiill1li1+1 end
for _,_lI1iIIi1il in ipairs(_IIi11IIlil) do _llI1IIlIiI11i1[_II1lIiill1li1]=_lI1iIIi1il; _II1lIiill1li1=_II1lIiill1li1+1 end
for _,_lI1iIIi1il in ipairs(_i111l1ilI1IIil) do _llI1IIlIiI11i1[_II1lIiill1li1]=_lI1iIIi1il; _II1lIiill1li1=_II1lIiill1li1+1 end
for _,_lI1iIIi1il in ipairs(_1iIi111I1liI1) do _llI1IIlIiI11i1[_II1lIiill1li1]=_lI1iIIi1il; _II1lIiill1li1=_II1lIiill1li1+1 end
for _,_lI1iIIi1il in ipairs(_lIIIilliI11iIll1) do _llI1IIlIiI11i1[_II1lIiill1li1]=_lI1iIIi1il; _II1lIiill1li1=_II1lIiill1li1+1 end
for _,_lI1iIIi1il in ipairs(_1ilIl1i1llli11) do _llI1IIlIiI11i1[_II1lIiill1li1]=_lI1iIIi1il; _II1lIiill1li1=_II1lIiill1li1+1 end
for _,_lI1iIIi1il in ipairs(_i1lll11iIll) do _llI1IIlIiI11i1[_II1lIiill1li1]=_lI1iIIi1il; _II1lIiill1li1=_II1lIiill1li1+1 end
for _,_lI1iIIi1il in ipairs(_IiliIIlIlli) do _llI1IIlIiI11i1[_II1lIiill1li1]=_lI1iIIi1il; _II1lIiill1li1=_II1lIiill1li1+1 end
for _,_lI1iIIi1il in ipairs(_l1IiIIl1li) do _llI1IIlIiI11i1[_II1lIiill1li1]=_lI1iIIi1il; _II1lIiill1li1=_II1lIiill1li1+1 end
for _,_lI1iIIi1il in ipairs(_iiilI11Ii1I1lI) do _llI1IIlIiI11i1[_II1lIiill1li1]=_lI1iIIi1il; _II1lIiill1li1=_II1lIiill1li1+1 end
for _,_lI1iIIi1il in ipairs(_1lIi1lllli1II1II) do _llI1IIlIiI11i1[_II1lIiill1li1]=_lI1iIIi1il; _II1lIiill1li1=_II1lIiill1li1+1 end
for _,_lI1iIIi1il in ipairs(_il111iIiilIi) do _llI1IIlIiI11i1[_II1lIiill1li1]=_lI1iIIi1il; _II1lIiill1li1=_II1lIiill1li1+1 end
for _,_lI1iIIi1il in ipairs(_1il1IiIIlIil1l) do _llI1IIlIiI11i1[_II1lIiill1li1]=_lI1iIIi1il; _II1lIiill1li1=_II1lIiill1li1+1 end
for _,_lI1iIIi1il in ipairs(_iIl11IiIliI11ii1) do _llI1IIlIiI11i1[_II1lIiill1li1]=_lI1iIIi1il; _II1lIiill1li1=_II1lIiill1li1+1 end
for _,_lI1iIIi1il in ipairs(_Il1IIliIIi1lI1lI) do _llI1IIlIiI11i1[_II1lIiill1li1]=_lI1iIIi1il; _II1lIiill1li1=_II1lIiill1li1+1 end
for _,_lI1iIIi1il in ipairs(_11IlIIl1il11l1) do _llI1IIlIiI11i1[_II1lIiill1li1]=_lI1iIIi1il; _II1lIiill1li1=_II1lIiill1li1+1 end
for _,_lI1iIIi1il in ipairs(_I1iiIIili) do _llI1IIlIiI11i1[_II1lIiill1li1]=_lI1iIIi1il; _II1lIiill1li1=_II1lIiill1li1+1 end
for _,_lI1iIIi1il in ipairs(_ll111iII1I1) do _llI1IIlIiI11i1[_II1lIiill1li1]=_lI1iIIi1il; _II1lIiill1li1=_II1lIiill1li1+1 end
for _,_lI1iIIi1il in ipairs(_1lllI1llllll) do _llI1IIlIiI11i1[_II1lIiill1li1]=_lI1iIIi1il; _II1lIiill1li1=_II1lIiill1li1+1 end
for _,_lI1iIIi1il in ipairs(_l1l1Ii1iIlllil) do _llI1IIlIiI11i1[_II1lIiill1li1]=_lI1iIIi1il; _II1lIiill1li1=_II1lIiill1li1+1 end
for _,_lI1iIIi1il in ipairs(_111i1lIlI) do _llI1IIlIiI11i1[_II1lIiill1li1]=_lI1iIIi1il; _II1lIiill1li1=_II1lIiill1li1+1 end
for _,_lI1iIIi1il in ipairs(_IiilI1111lii11) do _llI1IIlIiI11i1[_II1lIiill1li1]=_lI1iIIi1il; _II1lIiill1li1=_II1lIiill1li1+1 end
for _,_lI1iIIi1il in ipairs(_lIIIli1I11ii1Ii1) do _llI1IIlIiI11i1[_II1lIiill1li1]=_lI1iIIi1il; _II1lIiill1li1=_II1lIiill1li1+1 end
for _,_lI1iIIi1il in ipairs(_1i1iIIi1l1) do _llI1IIlIiI11i1[_II1lIiill1li1]=_lI1iIIi1il; _II1lIiill1li1=_II1lIiill1li1+1 end
for _,_lI1iIIi1il in ipairs(_iiii1l1Ili) do _llI1IIlIiI11i1[_II1lIiill1li1]=_lI1iIIi1il; _II1lIiill1li1=_II1lIiill1li1+1 end
for _,_lI1iIIi1il in ipairs(_lil1iIIIiI1Il1I) do _llI1IIlIiI11i1[_II1lIiill1li1]=_lI1iIIi1il; _II1lIiill1li1=_II1lIiill1li1+1 end
for _,_lI1iIIi1il in ipairs(_1ilIliIll1i1i) do _llI1IIlIiI11i1[_II1lIiill1li1]=_lI1iIIi1il; _II1lIiill1li1=_II1lIiill1li1+1 end
for _,_lI1iIIi1il in ipairs(_llill111I11I) do _llI1IIlIiI11i1[_II1lIiill1li1]=_lI1iIIi1il; _II1lIiill1li1=_II1lIiill1li1+1 end
for _,_lI1iIIi1il in ipairs(_11i1ll1li1li11II) do _llI1IIlIiI11i1[_II1lIiill1li1]=_lI1iIIi1il; _II1lIiill1li1=_II1lIiill1li1+1 end
for _,_lI1iIIi1il in ipairs(_i11lI1il1Ilii1) do _llI1IIlIiI11i1[_II1lIiill1li1]=_lI1iIIi1il; _II1lIiill1li1=_II1lIiill1li1+1 end
for _,_lI1iIIi1il in ipairs(_Il1I11iI1II1) do _llI1IIlIiI11i1[_II1lIiill1li1]=_lI1iIIi1il; _II1lIiill1li1=_II1lIiill1li1+1 end
for _,_lI1iIIi1il in ipairs(_iiiIii1III) do _llI1IIlIiI11i1[_II1lIiill1li1]=_lI1iIIi1il; _II1lIiill1li1=_II1lIiill1li1+1 end
for _,_lI1iIIi1il in ipairs(_i11I1iI1li1I1) do _llI1IIlIiI11i1[_II1lIiill1li1]=_lI1iIIi1il; _II1lIiill1li1=_II1lIiill1li1+1 end
for _,_lI1iIIi1il in ipairs(_1iIIiilIi) do _llI1IIlIiI11i1[_II1lIiill1li1]=_lI1iIIi1il; _II1lIiill1li1=_II1lIiill1li1+1 end
for _,_lI1iIIi1il in ipairs(_IlIli1Iii) do _llI1IIlIiI11i1[_II1lIiill1li1]=_lI1iIIi1il; _II1lIiill1li1=_II1lIiill1li1+1 end
for _,_lI1iIIi1il in ipairs(_11lIIIi1Iil) do _llI1IIlIiI11i1[_II1lIiill1li1]=_lI1iIIi1il; _II1lIiill1li1=_II1lIiill1li1+1 end
for _,_lI1iIIi1il in ipairs(_ilillI1iiiiI1l1I) do _llI1IIlIiI11i1[_II1lIiill1li1]=_lI1iIIi1il; _II1lIiill1li1=_II1lIiill1li1+1 end
for _,_lI1iIIi1il in ipairs(_lIli1i1l1II11i) do _llI1IIlIiI11i1[_II1lIiill1li1]=_lI1iIIi1il; _II1lIiill1li1=_II1lIiill1li1+1 end
for _,_lI1iIIi1il in ipairs(_1I1IIii1Ili) do _llI1IIlIiI11i1[_II1lIiill1li1]=_lI1iIIi1il; _II1lIiill1li1=_II1lIiill1li1+1 end
for _,_lI1iIIi1il in ipairs(_II1i1iiII) do _llI1IIlIiI11i1[_II1lIiill1li1]=_lI1iIIi1il; _II1lIiill1li1=_II1lIiill1li1+1 end
for _,_lI1iIIi1il in ipairs(_IillIlIl1lI1i) do _llI1IIlIiI11i1[_II1lIiill1li1]=_lI1iIIi1il; _II1lIiill1li1=_II1lIiill1li1+1 end
for _,_lI1iIIi1il in ipairs(_1lI111iiII1iiI1) do _llI1IIlIiI11i1[_II1lIiill1li1]=_lI1iIIi1il; _II1lIiill1li1=_II1lIiill1li1+1 end
for _,_lI1iIIi1il in ipairs(_iIill1iiiIiIl) do _llI1IIlIiI11i1[_II1lIiill1li1]=_lI1iIIi1il; _II1lIiill1li1=_II1lIiill1li1+1 end
for _,_lI1iIIi1il in ipairs(_illIIil1I1I) do _llI1IIlIiI11i1[_II1lIiill1li1]=_lI1iIIi1il; _II1lIiill1li1=_II1lIiill1li1+1 end
for _,_lI1iIIi1il in ipairs(_11iIi1IlI1i11lI) do _llI1IIlIiI11i1[_II1lIiill1li1]=_lI1iIIi1il; _II1lIiill1li1=_II1lIiill1li1+1 end
for _,_lI1iIIi1il in ipairs(_iliIIiIIIlI1) do _llI1IIlIiI11i1[_II1lIiill1li1]=_lI1iIIi1il; _II1lIiill1li1=_II1lIiill1li1+1 end
for _,_lI1iIIi1il in ipairs(_lii1iiiIi) do _llI1IIlIiI11i1[_II1lIiill1li1]=_lI1iIIi1il; _II1lIiill1li1=_II1lIiill1li1+1 end
for _,_lI1iIIi1il in ipairs(_Il1IIliillI) do _llI1IIlIiI11i1[_II1lIiill1li1]=_lI1iIIi1il; _II1lIiill1li1=_II1lIiill1li1+1 end
for _,_lI1iIIi1il in ipairs(_llii1I111I) do _llI1IIlIiI11i1[_II1lIiill1li1]=_lI1iIIi1il; _II1lIiill1li1=_II1lIiill1li1+1 end
for _,_lI1iIIi1il in ipairs(_l1i1Il1IlIl) do _llI1IIlIiI11i1[_II1lIiill1li1]=_lI1iIIi1il; _II1lIiill1li1=_II1lIiill1li1+1 end
for _,_lI1iIIi1il in ipairs(_1IiIiil1i11ilIl) do _llI1IIlIiI11i1[_II1lIiill1li1]=_lI1iIIi1il; _II1lIiill1li1=_II1lIiill1li1+1 end
for _,_lI1iIIi1il in ipairs(_l1i1Il1iIil1lIi) do _llI1IIlIiI11i1[_II1lIiill1li1]=_lI1iIIi1il; _II1lIiill1li1=_II1lIiill1li1+1 end
for _,_lI1iIIi1il in ipairs(_1ii11ilIliII1i) do _llI1IIlIiI11i1[_II1lIiill1li1]=_lI1iIIi1il; _II1lIiill1li1=_II1lIiill1li1+1 end
for _,_lI1iIIi1il in ipairs(_i1IlIllIiiiil11I) do _llI1IIlIiI11i1[_II1lIiill1li1]=_lI1iIIi1il; _II1lIiill1li1=_II1lIiill1li1+1 end
for _,_lI1iIIi1il in ipairs(_1I11II1iiiIlIII) do _llI1IIlIiI11i1[_II1lIiill1li1]=_lI1iIIi1il; _II1lIiill1li1=_II1lIiill1li1+1 end
for _,_lI1iIIi1il in ipairs(_i1II1lI1Iliil1ii) do _llI1IIlIiI11i1[_II1lIiill1li1]=_lI1iIIi1il; _II1lIiill1li1=_II1lIiill1li1+1 end
for _,_lI1iIIi1il in ipairs(_l1liliI1IiIil1I1) do _llI1IIlIiI11i1[_II1lIiill1li1]=_lI1iIIi1il; _II1lIiill1li1=_II1lIiill1li1+1 end
for _,_lI1iIIi1il in ipairs(_1I11I11ill1) do _llI1IIlIiI11i1[_II1lIiill1li1]=_lI1iIIi1il; _II1lIiill1li1=_II1lIiill1li1+1 end
for _,_lI1iIIi1il in ipairs(_1IlI1l1iIi1I1111) do _llI1IIlIiI11i1[_II1lIiill1li1]=_lI1iIIi1il; _II1lIiill1li1=_II1lIiill1li1+1 end
for _,_lI1iIIi1il in ipairs(_1lllIi1liiiIIl) do _llI1IIlIiI11i1[_II1lIiill1li1]=_lI1iIIi1il; _II1lIiill1li1=_II1lIiill1li1+1 end
for _,_lI1iIIi1il in ipairs(_iiiiI1Iil1I1I1) do _llI1IIlIiI11i1[_II1lIiill1li1]=_lI1iIIi1il; _II1lIiill1li1=_II1lIiill1li1+1 end
for _,_lI1iIIi1il in ipairs(_1IIil1ll11) do _llI1IIlIiI11i1[_II1lIiill1li1]=_lI1iIIi1il; _II1lIiill1li1=_II1lIiill1li1+1 end
for _,_lI1iIIi1il in ipairs(_1iIll11llll1ll) do _llI1IIlIiI11i1[_II1lIiill1li1]=_lI1iIIi1il; _II1lIiill1li1=_II1lIiill1li1+1 end
for _,_lI1iIIi1il in ipairs(_IIIIIi11i1i1) do _llI1IIlIiI11i1[_II1lIiill1li1]=_lI1iIIi1il; _II1lIiill1li1=_II1lIiill1li1+1 end
for _,_lI1iIIi1il in ipairs(_llII11i1i) do _llI1IIlIiI11i1[_II1lIiill1li1]=_lI1iIIi1il; _II1lIiill1li1=_II1lIiill1li1+1 end
for _,_lI1iIIi1il in ipairs(_IiIi1I1l11I1Ii) do _llI1IIlIiI11i1[_II1lIiill1li1]=_lI1iIIi1il; _II1lIiill1li1=_II1lIiill1li1+1 end
for _,_lI1iIIi1il in ipairs(_lI1iIiiliii) do _llI1IIlIiI11i1[_II1lIiill1li1]=_lI1iIIi1il; _II1lIiill1li1=_II1lIiill1li1+1 end
for _,_lI1iIIi1il in ipairs(_1lI11lI11lII) do _llI1IIlIiI11i1[_II1lIiill1li1]=_lI1iIIi1il; _II1lIiill1li1=_II1lIiill1li1+1 end
for _,_lI1iIIi1il in ipairs(_iIliiillilI) do _llI1IIlIiI11i1[_II1lIiill1li1]=_lI1iIIi1il; _II1lIiill1li1=_II1lIiill1li1+1 end
for _,_lI1iIIi1il in ipairs(_I1l1i1ilIlIl) do _llI1IIlIiI11i1[_II1lIiill1li1]=_lI1iIIi1il; _II1lIiill1li1=_II1lIiill1li1+1 end
for _,_lI1iIIi1il in ipairs(_IiII1i1Ii1i) do _llI1IIlIiI11i1[_II1lIiill1li1]=_lI1iIIi1il; _II1lIiill1li1=_II1lIiill1li1+1 end
for _,_lI1iIIi1il in ipairs(_IIlIlI1illIlili) do _llI1IIlIiI11i1[_II1lIiill1li1]=_lI1iIIi1il; _II1lIiill1li1=_II1lIiill1li1+1 end
for _,_lI1iIIi1il in ipairs(_ll11Iii11111) do _llI1IIlIiI11i1[_II1lIiill1li1]=_lI1iIIi1il; _II1lIiill1li1=_II1lIiill1li1+1 end
for _,_lI1iIIi1il in ipairs(_liIIIiiiI1l1l1I) do _llI1IIlIiI11i1[_II1lIiill1li1]=_lI1iIIi1il; _II1lIiill1li1=_II1lIiill1li1+1 end
for _,_lI1iIIi1il in ipairs(_ililli11I111) do _llI1IIlIiI11i1[_II1lIiill1li1]=_lI1iIIi1il; _II1lIiill1li1=_II1lIiill1li1+1 end
for _,_lI1iIIi1il in ipairs(_Ii1iI1IiIIliiI) do _llI1IIlIiI11i1[_II1lIiill1li1]=_lI1iIIi1il; _II1lIiill1li1=_II1lIiill1li1+1 end
for _,_lI1iIIi1il in ipairs(_lIIIi1illIIlliil) do _llI1IIlIiI11i1[_II1lIiill1li1]=_lI1iIIi1il; _II1lIiill1li1=_II1lIiill1li1+1 end
for _,_lI1iIIi1il in ipairs(_i11illll1l) do _llI1IIlIiI11i1[_II1lIiill1li1]=_lI1iIIi1il; _II1lIiill1li1=_II1lIiill1li1+1 end
for _,_lI1iIIi1il in ipairs(_1lIilliIliI) do _llI1IIlIiI11i1[_II1lIiill1li1]=_lI1iIIi1il; _II1lIiill1li1=_II1lIiill1li1+1 end
for _,_lI1iIIi1il in ipairs(_lIili1IlI) do _llI1IIlIiI11i1[_II1lIiill1li1]=_lI1iIIi1il; _II1lIiill1li1=_II1lIiill1li1+1 end
for _,_lI1iIIi1il in ipairs(_I1l1liil1) do _llI1IIlIiI11i1[_II1lIiill1li1]=_lI1iIIi1il; _II1lIiill1li1=_II1lIiill1li1+1 end
for _,_lI1iIIi1il in ipairs(_IIiIiiI1I) do _llI1IIlIiI11i1[_II1lIiill1li1]=_lI1iIIi1il; _II1lIiill1li1=_II1lIiill1li1+1 end
for _,_lI1iIIi1il in ipairs(_IIIiiIiI1illI) do _llI1IIlIiI11i1[_II1lIiill1li1]=_lI1iIIi1il; _II1lIiill1li1=_II1lIiill1li1+1 end
for _,_lI1iIIi1il in ipairs(_1Il1IiiiI1I1ii1) do _llI1IIlIiI11i1[_II1lIiill1li1]=_lI1iIIi1il; _II1lIiill1li1=_II1lIiill1li1+1 end
for _,_lI1iIIi1il in ipairs(_iiI11Il1lIlIlI1i) do _llI1IIlIiI11i1[_II1lIiill1li1]=_lI1iIIi1il; _II1lIiill1li1=_II1lIiill1li1+1 end
for _,_lI1iIIi1il in ipairs(_11Il1lii1llllI) do _llI1IIlIiI11i1[_II1lIiill1li1]=_lI1iIIi1il; _II1lIiill1li1=_II1lIiill1li1+1 end
for _,_lI1iIIi1il in ipairs(_Il1l1i1l1iliI1) do _llI1IIlIiI11i1[_II1lIiill1li1]=_lI1iIIi1il; _II1lIiill1li1=_II1lIiill1li1+1 end
for _,_lI1iIIi1il in ipairs(_iiIli1l11) do _llI1IIlIiI11i1[_II1lIiill1li1]=_lI1iIIi1il; _II1lIiill1li1=_II1lIiill1li1+1 end
for _,_lI1iIIi1il in ipairs(_iliI11iI1li) do _llI1IIlIiI11i1[_II1lIiill1li1]=_lI1iIIi1il; _II1lIiill1li1=_II1lIiill1li1+1 end
for _,_lI1iIIi1il in ipairs(_i1il1IIli1) do _llI1IIlIiI11i1[_II1lIiill1li1]=_lI1iIIi1il; _II1lIiill1li1=_II1lIiill1li1+1 end
for _,_lI1iIIi1il in ipairs(_11i1illi1II) do _llI1IIlIiI11i1[_II1lIiill1li1]=_lI1iIIi1il; _II1lIiill1li1=_II1lIiill1li1+1 end
for _,_lI1iIIi1il in ipairs(_ilIlI111IIi) do _llI1IIlIiI11i1[_II1lIiill1li1]=_lI1iIIi1il; _II1lIiill1li1=_II1lIiill1li1+1 end
for _,_lI1iIIi1il in ipairs(_lllii11lIII) do _llI1IIlIiI11i1[_II1lIiill1li1]=_lI1iIIi1il; _II1lIiill1li1=_II1lIiill1li1+1 end
for _,_lI1iIIi1il in ipairs(_i1iIiIllliIi) do _llI1IIlIiI11i1[_II1lIiill1li1]=_lI1iIIi1il; _II1lIiill1li1=_II1lIiill1li1+1 end
for _,_lI1iIIi1il in ipairs(_iI1l1lIllliI) do _llI1IIlIiI11i1[_II1lIiill1li1]=_lI1iIIi1il; _II1lIiill1li1=_II1lIiill1li1+1 end
for _,_lI1iIIi1il in ipairs(_i1III1l11Ii) do _llI1IIlIiI11i1[_II1lIiill1li1]=_lI1iIIi1il; _II1lIiill1li1=_II1lIiill1li1+1 end
for _,_lI1iIIi1il in ipairs(_lilI1lI1il1i) do _llI1IIlIiI11i1[_II1lIiill1li1]=_lI1iIIi1il; _II1lIiill1li1=_II1lIiill1li1+1 end
for _,_lI1iIIi1il in ipairs(_iii1IIliii1iI) do _llI1IIlIiI11i1[_II1lIiill1li1]=_lI1iIIi1il; _II1lIiill1li1=_II1lIiill1li1+1 end
for _,_lI1iIIi1il in ipairs(_III1Iilii) do _llI1IIlIiI11i1[_II1lIiill1li1]=_lI1iIIi1il; _II1lIiill1li1=_II1lIiill1li1+1 end
for _,_lI1iIIi1il in ipairs(_II1ll1ili11il) do _llI1IIlIiI11i1[_II1lIiill1li1]=_lI1iIIi1il; _II1lIiill1li1=_II1lIiill1li1+1 end
for _,_lI1iIIi1il in ipairs(_llIIlIi1IIlI) do _llI1IIlIiI11i1[_II1lIiill1li1]=_lI1iIIi1il; _II1lIiill1li1=_II1lIiill1li1+1 end
for _,_lI1iIIi1il in ipairs(_iilil1iii1i1I) do _llI1IIlIiI11i1[_II1lIiill1li1]=_lI1iIIi1il; _II1lIiill1li1=_II1lIiill1li1+1 end
for _,_lI1iIIi1il in ipairs(_IlIi1111Illlill) do _llI1IIlIiI11i1[_II1lIiill1li1]=_lI1iIIi1il; _II1lIiill1li1=_II1lIiill1li1+1 end
for _,_lI1iIIi1il in ipairs(_ii1iIli11II1lll1) do _llI1IIlIiI11i1[_II1lIiill1li1]=_lI1iIIi1il; _II1lIiill1li1=_II1lIiill1li1+1 end
for _,_lI1iIIi1il in ipairs(_Ilili11Il1l1ll) do _llI1IIlIiI11i1[_II1lIiill1li1]=_lI1iIIi1il; _II1lIiill1li1=_II1lIiill1li1+1 end
for _,_lI1iIIi1il in ipairs(_111II1i11l11Il) do _llI1IIlIiI11i1[_II1lIiill1li1]=_lI1iIIi1il; _II1lIiill1li1=_II1lIiill1li1+1 end
for _,_lI1iIIi1il in ipairs(_1lil1IiI1l) do _llI1IIlIiI11i1[_II1lIiill1li1]=_lI1iIIi1il; _II1lIiill1li1=_II1lIiill1li1+1 end
for _,_lI1iIIi1il in ipairs(_1iliI11Iii1lllI) do _llI1IIlIiI11i1[_II1lIiill1li1]=_lI1iIIi1il; _II1lIiill1li1=_II1lIiill1li1+1 end
for _,_lI1iIIi1il in ipairs(_1ilI1l1IIIIlIII1) do _llI1IIlIiI11i1[_II1lIiill1li1]=_lI1iIIi1il; _II1lIiill1li1=_II1lIiill1li1+1 end
for _,_lI1iIIi1il in ipairs(_1liilli11) do _llI1IIlIiI11i1[_II1lIiill1li1]=_lI1iIIi1il; _II1lIiill1li1=_II1lIiill1li1+1 end
for _,_lI1iIIi1il in ipairs(_11lI1lI1iiII) do _llI1IIlIiI11i1[_II1lIiill1li1]=_lI1iIIi1il; _II1lIiill1li1=_II1lIiill1li1+1 end
for _,_lI1iIIi1il in ipairs(_ii11IIliIII11ll) do _llI1IIlIiI11i1[_II1lIiill1li1]=_lI1iIIi1il; _II1lIiill1li1=_II1lIiill1li1+1 end
for _,_lI1iIIi1il in ipairs(_llIilIllII) do _llI1IIlIiI11i1[_II1lIiill1li1]=_lI1iIIi1il; _II1lIiill1li1=_II1lIiill1li1+1 end
for _,_lI1iIIi1il in ipairs(_lIll1iII11I1ii1) do _llI1IIlIiI11i1[_II1lIiill1li1]=_lI1iIIi1il; _II1lIiill1li1=_II1lIiill1li1+1 end
for _,_lI1iIIi1il in ipairs(_lIIiliii1I1Il) do _llI1IIlIiI11i1[_II1lIiill1li1]=_lI1iIIi1il; _II1lIiill1li1=_II1lIiill1li1+1 end
for _,_lI1iIIi1il in ipairs(_I1lIl1Illli1Ii) do _llI1IIlIiI11i1[_II1lIiill1li1]=_lI1iIIi1il; _II1lIiill1li1=_II1lIiill1li1+1 end
for _,_lI1iIIi1il in ipairs(_IiI11I1l1iI) do _llI1IIlIiI11i1[_II1lIiill1li1]=_lI1iIIi1il; _II1lIiill1li1=_II1lIiill1li1+1 end
for _,_lI1iIIi1il in ipairs(_ili1ll1lllIli) do _llI1IIlIiI11i1[_II1lIiill1li1]=_lI1iIIi1il; _II1lIiill1li1=_II1lIiill1li1+1 end
for _,_lI1iIIi1il in ipairs(_11iIli1lI1iiI1li) do _llI1IIlIiI11i1[_II1lIiill1li1]=_lI1iIIi1il; _II1lIiill1li1=_II1lIiill1li1+1 end
for _,_lI1iIIi1il in ipairs(_lIl1illIIl) do _llI1IIlIiI11i1[_II1lIiill1li1]=_lI1iIIi1il; _II1lIiill1li1=_II1lIiill1li1+1 end
for _,_lI1iIIi1il in ipairs(_Il1IiIll1IIIli) do _llI1IIlIiI11i1[_II1lIiill1li1]=_lI1iIIi1il; _II1lIiill1li1=_II1lIiill1li1+1 end
for _,_lI1iIIi1il in ipairs(_li1il1ll1) do _llI1IIlIiI11i1[_II1lIiill1li1]=_lI1iIIi1il; _II1lIiill1li1=_II1lIiill1li1+1 end
for _,_lI1iIIi1il in ipairs(_IlliII111iI) do _llI1IIlIiI11i1[_II1lIiill1li1]=_lI1iIIi1il; _II1lIiill1li1=_II1lIiill1li1+1 end
for _,_lI1iIIi1il in ipairs(_I1iillli1i1i) do _llI1IIlIiI11i1[_II1lIiill1li1]=_lI1iIIi1il; _II1lIiill1li1=_II1lIiill1li1+1 end
for _,_lI1iIIi1il in ipairs(_IIi1ii1iIIlI) do _llI1IIlIiI11i1[_II1lIiill1li1]=_lI1iIIi1il; _II1lIiill1li1=_II1lIiill1li1+1 end
for _,_lI1iIIi1il in ipairs(_1i1111iIl) do _llI1IIlIiI11i1[_II1lIiill1li1]=_lI1iIIi1il; _II1lIiill1li1=_II1lIiill1li1+1 end
for _,_lI1iIIi1il in ipairs(_iIII1i1iIllIl) do _llI1IIlIiI11i1[_II1lIiill1li1]=_lI1iIIi1il; _II1lIiill1li1=_II1lIiill1li1+1 end
for _,_lI1iIIi1il in ipairs(_1iilll1liIll) do _llI1IIlIiI11i1[_II1lIiill1li1]=_lI1iIIi1il; _II1lIiill1li1=_II1lIiill1li1+1 end
for _,_lI1iIIi1il in ipairs(_IIi1liliIi1) do _llI1IIlIiI11i1[_II1lIiill1li1]=_lI1iIIi1il; _II1lIiill1li1=_II1lIiill1li1+1 end
for _,_lI1iIIi1il in ipairs(_iIIIIi1I1IlIi) do _llI1IIlIiI11i1[_II1lIiill1li1]=_lI1iIIi1il; _II1lIiill1li1=_II1lIiill1li1+1 end
for _,_lI1iIIi1il in ipairs(_1Ii11lIliiliI1il) do _llI1IIlIiI11i1[_II1lIiill1li1]=_lI1iIIi1il; _II1lIiill1li1=_II1lIiill1li1+1 end
for _,_lI1iIIi1il in ipairs(_Ii1IllIiii11IllI) do _llI1IIlIiI11i1[_II1lIiill1li1]=_lI1iIIi1il; _II1lIiill1li1=_II1lIiill1li1+1 end
for _,_lI1iIIi1il in ipairs(_I1i1i1il1lIl) do _llI1IIlIiI11i1[_II1lIiill1li1]=_lI1iIIi1il; _II1lIiill1li1=_II1lIiill1li1+1 end
for _,_lI1iIIi1il in ipairs(_lII1Illl11IIll) do _llI1IIlIiI11i1[_II1lIiill1li1]=_lI1iIIi1il; _II1lIiill1li1=_II1lIiill1li1+1 end
for _,_lI1iIIi1il in ipairs(_lIliliil1lIII) do _llI1IIlIiI11i1[_II1lIiill1li1]=_lI1iIIi1il; _II1lIiill1li1=_II1lIiill1li1+1 end
for _,_lI1iIIi1il in ipairs(_I1iI1I1ll) do _llI1IIlIiI11i1[_II1lIiill1li1]=_lI1iIIi1il; _II1lIiill1li1=_II1lIiill1li1+1 end
for _,_lI1iIIi1il in ipairs(_1iil1IIIi) do _llI1IIlIiI11i1[_II1lIiill1li1]=_lI1iIIi1il; _II1lIiill1li1=_II1lIiill1li1+1 end
for _,_lI1iIIi1il in ipairs(_lI1lII1il1i1Iii1) do _llI1IIlIiI11i1[_II1lIiill1li1]=_lI1iIIi1il; _II1lIiill1li1=_II1lIiill1li1+1 end
for _,_lI1iIIi1il in ipairs(_1iIll1IIIilI) do _llI1IIlIiI11i1[_II1lIiill1li1]=_lI1iIIi1il; _II1lIiill1li1=_II1lIiill1li1+1 end
for _,_lI1iIIi1il in ipairs(_1IiIl1lIIl) do _llI1IIlIiI11i1[_II1lIiill1li1]=_lI1iIIi1il; _II1lIiill1li1=_II1lIiill1li1+1 end
for _,_lI1iIIi1il in ipairs(_ii1I1iIi1ii1i) do _llI1IIlIiI11i1[_II1lIiill1li1]=_lI1iIIi1il; _II1lIiill1li1=_II1lIiill1li1+1 end
for _,_lI1iIIi1il in ipairs(_11lIillilIIiII) do _llI1IIlIiI11i1[_II1lIiill1li1]=_lI1iIIi1il; _II1lIiill1li1=_II1lIiill1li1+1 end
for _,_lI1iIIi1il in ipairs(_lIIIliIl1ii) do _llI1IIlIiI11i1[_II1lIiill1li1]=_lI1iIIi1il; _II1lIiill1li1=_II1lIiill1li1+1 end
for _,_lI1iIIi1il in ipairs(_l1iI11iIIliliil) do _llI1IIlIiI11i1[_II1lIiill1li1]=_lI1iIIi1il; _II1lIiill1li1=_II1lIiill1li1+1 end
for _,_lI1iIIi1il in ipairs(_111I111iiil1l) do _llI1IIlIiI11i1[_II1lIiill1li1]=_lI1iIIi1il; _II1lIiill1li1=_II1lIiill1li1+1 end
for _,_lI1iIIi1il in ipairs(_IIilii1iII1) do _llI1IIlIiI11i1[_II1lIiill1li1]=_lI1iIIi1il; _II1lIiill1li1=_II1lIiill1li1+1 end
for _,_lI1iIIi1il in ipairs(_IIlI1IIIl) do _llI1IIlIiI11i1[_II1lIiill1li1]=_lI1iIIi1il; _II1lIiill1li1=_II1lIiill1li1+1 end
for _,_lI1iIIi1il in ipairs(_i11IlIiiilliI) do _llI1IIlIiI11i1[_II1lIiill1li1]=_lI1iIIi1il; _II1lIiill1li1=_II1lIiill1li1+1 end
for _,_lI1iIIi1il in ipairs(_li1lliIIlI1lIIII) do _llI1IIlIiI11i1[_II1lIiill1li1]=_lI1iIIi1il; _II1lIiill1li1=_II1lIiill1li1+1 end
for _,_lI1iIIi1il in ipairs(_IIi1II11I1Il) do _llI1IIlIiI11i1[_II1lIiill1li1]=_lI1iIIi1il; _II1lIiill1li1=_II1lIiill1li1+1 end
for _,_lI1iIIi1il in ipairs(_1Il1IlI1i) do _llI1IIlIiI11i1[_II1lIiill1li1]=_lI1iIIi1il; _II1lIiill1li1=_II1lIiill1li1+1 end
for _,_lI1iIIi1il in ipairs(_11lI11Iii1l1i) do _llI1IIlIiI11i1[_II1lIiill1li1]=_lI1iIIi1il; _II1lIiill1li1=_II1lIiill1li1+1 end
for _,_lI1iIIi1il in ipairs(_llIlilI1ii1I1lI1) do _llI1IIlIiI11i1[_II1lIiill1li1]=_lI1iIIi1il; _II1lIiill1li1=_II1lIiill1li1+1 end
for _,_lI1iIIi1il in ipairs(_11l1II1IilI) do _llI1IIlIiI11i1[_II1lIiill1li1]=_lI1iIIi1il; _II1lIiill1li1=_II1lIiill1li1+1 end
for _,_lI1iIIi1il in ipairs(_IIi1iI1il) do _llI1IIlIiI11i1[_II1lIiill1li1]=_lI1iIIi1il; _II1lIiill1li1=_II1lIiill1li1+1 end
for _,_lI1iIIi1il in ipairs(_1iIiiiliiIlllI) do _llI1IIlIiI11i1[_II1lIiill1li1]=_lI1iIIi1il; _II1lIiill1li1=_II1lIiill1li1+1 end
for _,_lI1iIIi1il in ipairs(_1l1iIil1Il1IlII) do _llI1IIlIiI11i1[_II1lIiill1li1]=_lI1iIIi1il; _II1lIiill1li1=_II1lIiill1li1+1 end
for _,_lI1iIIi1il in ipairs(_1liII1II1llii1) do _llI1IIlIiI11i1[_II1lIiill1li1]=_lI1iIIi1il; _II1lIiill1li1=_II1lIiill1li1+1 end
for _,_lI1iIIi1il in ipairs(_II1iil1I1I111iI1) do _llI1IIlIiI11i1[_II1lIiill1li1]=_lI1iIIi1il; _II1lIiill1li1=_II1lIiill1li1+1 end
for _,_lI1iIIi1il in ipairs(_lIIIIl1I1l11i) do _llI1IIlIiI11i1[_II1lIiill1li1]=_lI1iIIi1il; _II1lIiill1li1=_II1lIiill1li1+1 end
for _,_lI1iIIi1il in ipairs(_lIi1Ii1li) do _llI1IIlIiI11i1[_II1lIiill1li1]=_lI1iIIi1il; _II1lIiill1li1=_II1lIiill1li1+1 end
for _,_lI1iIIi1il in ipairs(_il1lIil11llIil) do _llI1IIlIiI11i1[_II1lIiill1li1]=_lI1iIIi1il; _II1lIiill1li1=_II1lIiill1li1+1 end
for _,_lI1iIIi1il in ipairs(_I11IllliII1iliI) do _llI1IIlIiI11i1[_II1lIiill1li1]=_lI1iIIi1il; _II1lIiill1li1=_II1lIiill1li1+1 end
for _,_lI1iIIi1il in ipairs(_l1I1lIIIiI1ll) do _llI1IIlIiI11i1[_II1lIiill1li1]=_lI1iIIi1il; _II1lIiill1li1=_II1lIiill1li1+1 end
for _,_lI1iIIi1il in ipairs(_IIlIil1iil1l) do _llI1IIlIiI11i1[_II1lIiill1li1]=_lI1iIIi1il; _II1lIiill1li1=_II1lIiill1li1+1 end
for _,_lI1iIIi1il in ipairs(_llIlIi111I1iI1) do _llI1IIlIiI11i1[_II1lIiill1li1]=_lI1iIIi1il; _II1lIiill1li1=_II1lIiill1li1+1 end
for _,_lI1iIIi1il in ipairs(_IiIilliiIi1l) do _llI1IIlIiI11i1[_II1lIiill1li1]=_lI1iIIi1il; _II1lIiill1li1=_II1lIiill1li1+1 end
for _,_lI1iIIi1il in ipairs(_1illII1ii1l1il) do _llI1IIlIiI11i1[_II1lIiill1li1]=_lI1iIIi1il; _II1lIiill1li1=_II1lIiill1li1+1 end
for _,_lI1iIIi1il in ipairs(_i11l1il1II1iIl11) do _llI1IIlIiI11i1[_II1lIiill1li1]=_lI1iIIi1il; _II1lIiill1li1=_II1lIiill1li1+1 end
for _,_lI1iIIi1il in ipairs(_l111iI1i1llI1l) do _llI1IIlIiI11i1[_II1lIiill1li1]=_lI1iIIi1il; _II1lIiill1li1=_II1lIiill1li1+1 end
for _,_lI1iIIi1il in ipairs(_ii1iIiiI1IIlI) do _llI1IIlIiI11i1[_II1lIiill1li1]=_lI1iIIi1il; _II1lIiill1li1=_II1lIiill1li1+1 end
for _,_lI1iIIi1il in ipairs(_ilIIIil11Ii) do _llI1IIlIiI11i1[_II1lIiill1li1]=_lI1iIIi1il; _II1lIiill1li1=_II1lIiill1li1+1 end
for _,_lI1iIIi1il in ipairs(_ii1Iiil1liiiIiii) do _llI1IIlIiI11i1[_II1lIiill1li1]=_lI1iIIi1il; _II1lIiill1li1=_II1lIiill1li1+1 end
for _,_lI1iIIi1il in ipairs(_Ilili1lIlI) do _llI1IIlIiI11i1[_II1lIiill1li1]=_lI1iIIi1il; _II1lIiill1li1=_II1lIiill1li1+1 end
for _,_lI1iIIi1il in ipairs(_iIlliIliil1I) do _llI1IIlIiI11i1[_II1lIiill1li1]=_lI1iIIi1il; _II1lIiill1li1=_II1lIiill1li1+1 end
for _,_lI1iIIi1il in ipairs(_1I1liIIl1Il) do _llI1IIlIiI11i1[_II1lIiill1li1]=_lI1iIIi1il; _II1lIiill1li1=_II1lIiill1li1+1 end
for _,_lI1iIIi1il in ipairs(_i11111IiiIiIiiiI) do _llI1IIlIiI11i1[_II1lIiill1li1]=_lI1iIIi1il; _II1lIiill1li1=_II1lIiill1li1+1 end
for _,_lI1iIIi1il in ipairs(_1IIIiIII1lI1l11) do _llI1IIlIiI11i1[_II1lIiill1li1]=_lI1iIIi1il; _II1lIiill1li1=_II1lIiill1li1+1 end
for _,_lI1iIIi1il in ipairs(_il1111lii) do _llI1IIlIiI11i1[_II1lIiill1li1]=_lI1iIIi1il; _II1lIiill1li1=_II1lIiill1li1+1 end
for _,_lI1iIIi1il in ipairs(_ll1illlIi1iii) do _llI1IIlIiI11i1[_II1lIiill1li1]=_lI1iIIi1il; _II1lIiill1li1=_II1lIiill1li1+1 end
for _,_lI1iIIi1il in ipairs(_iIIl11II11l) do _llI1IIlIiI11i1[_II1lIiill1li1]=_lI1iIIi1il; _II1lIiill1li1=_II1lIiill1li1+1 end
for _,_lI1iIIi1il in ipairs(_II1Il1Illi1iI1Il) do _llI1IIlIiI11i1[_II1lIiill1li1]=_lI1iIIi1il; _II1lIiill1li1=_II1lIiill1li1+1 end
for _,_lI1iIIi1il in ipairs(_li11Ilili1iiIIl) do _llI1IIlIiI11i1[_II1lIiill1li1]=_lI1iIIi1il; _II1lIiill1li1=_II1lIiill1li1+1 end
for _,_lI1iIIi1il in ipairs(_lllii111IiIIi) do _llI1IIlIiI11i1[_II1lIiill1li1]=_lI1iIIi1il; _II1lIiill1li1=_II1lIiill1li1+1 end
for _,_lI1iIIi1il in ipairs(_iil11ii11I1l) do _llI1IIlIiI11i1[_II1lIiill1li1]=_lI1iIIi1il; _II1lIiill1li1=_II1lIiill1li1+1 end
for _,_lI1iIIi1il in ipairs(_1IIiilI1Ilil1) do _llI1IIlIiI11i1[_II1lIiill1li1]=_lI1iIIi1il; _II1lIiill1li1=_II1lIiill1li1+1 end
for _,_lI1iIIi1il in ipairs(_ii1ii1l1liI) do _llI1IIlIiI11i1[_II1lIiill1li1]=_lI1iIIi1il; _II1lIiill1li1=_II1lIiill1li1+1 end
for _,_lI1iIIi1il in ipairs(_iIl11li1iiI) do _llI1IIlIiI11i1[_II1lIiill1li1]=_lI1iIIi1il; _II1lIiill1li1=_II1lIiill1li1+1 end
for _,_lI1iIIi1il in ipairs(_ilIi1Il11li) do _llI1IIlIiI11i1[_II1lIiill1li1]=_lI1iIIi1il; _II1lIiill1li1=_II1lIiill1li1+1 end
for _,_lI1iIIi1il in ipairs(_IIll11I1liI) do _llI1IIlIiI11i1[_II1lIiill1li1]=_lI1iIIi1il; _II1lIiill1li1=_II1lIiill1li1+1 end
for _,_lI1iIIi1il in ipairs(_li1iII1iliI1l) do _llI1IIlIiI11i1[_II1lIiill1li1]=_lI1iIIi1il; _II1lIiill1li1=_II1lIiill1li1+1 end
for _,_lI1iIIi1il in ipairs(_iiiIIiiiIliIiiiI) do _llI1IIlIiI11i1[_II1lIiill1li1]=_lI1iIIi1il; _II1lIiill1li1=_II1lIiill1li1+1 end
for _,_lI1iIIi1il in ipairs(_11iIlli1iI) do _llI1IIlIiI11i1[_II1lIiill1li1]=_lI1iIIi1il; _II1lIiill1li1=_II1lIiill1li1+1 end
for _,_lI1iIIi1il in ipairs(_lIllIliil1l1i) do _llI1IIlIiI11i1[_II1lIiill1li1]=_lI1iIIi1il; _II1lIiill1li1=_II1lIiill1li1+1 end
for _,_lI1iIIi1il in ipairs(_iiIiIlliiiIlI) do _llI1IIlIiI11i1[_II1lIiill1li1]=_lI1iIIi1il; _II1lIiill1li1=_II1lIiill1li1+1 end
for _,_lI1iIIi1il in ipairs(_11lIillII) do _llI1IIlIiI11i1[_II1lIiill1li1]=_lI1iIIi1il; _II1lIiill1li1=_II1lIiill1li1+1 end
for _,_lI1iIIi1il in ipairs(_1i11ll11II1i1i1i) do _llI1IIlIiI11i1[_II1lIiill1li1]=_lI1iIIi1il; _II1lIiill1li1=_II1lIiill1li1+1 end
for _,_lI1iIIi1il in ipairs(_il111i1lIlllII) do _llI1IIlIiI11i1[_II1lIiill1li1]=_lI1iIIi1il; _II1lIiill1li1=_II1lIiill1li1+1 end
for _,_lI1iIIi1il in ipairs(_I1iiIIiiiII) do _llI1IIlIiI11i1[_II1lIiill1li1]=_lI1iIIi1il; _II1lIiill1li1=_II1lIiill1li1+1 end
for _,_lI1iIIi1il in ipairs(_Il1I1iI1Ili1ll) do _llI1IIlIiI11i1[_II1lIiill1li1]=_lI1iIIi1il; _II1lIiill1li1=_II1lIiill1li1+1 end
for _,_lI1iIIi1il in ipairs(_1ilIiIili1l) do _llI1IIlIiI11i1[_II1lIiill1li1]=_lI1iIIi1il; _II1lIiill1li1=_II1lIiill1li1+1 end
for _,_lI1iIIi1il in ipairs(_lI11l1l11i1l) do _llI1IIlIiI11i1[_II1lIiill1li1]=_lI1iIIi1il; _II1lIiill1li1=_II1lIiill1li1+1 end
for _,_lI1iIIi1il in ipairs(_l11I1lli1i) do _llI1IIlIiI11i1[_II1lIiill1li1]=_lI1iIIi1il; _II1lIiill1li1=_II1lIiill1li1+1 end
for _,_lI1iIIi1il in ipairs(_1I1I1IiIll) do _llI1IIlIiI11i1[_II1lIiill1li1]=_lI1iIIi1il; _II1lIiill1li1=_II1lIiill1li1+1 end
for _,_lI1iIIi1il in ipairs(_IliIliI1l) do _llI1IIlIiI11i1[_II1lIiill1li1]=_lI1iIIi1il; _II1lIiill1li1=_II1lIiill1li1+1 end
for _,_lI1iIIi1il in ipairs(_1iliiliIII1li) do _llI1IIlIiI11i1[_II1lIiill1li1]=_lI1iIIi1il; _II1lIiill1li1=_II1lIiill1li1+1 end
for _,_lI1iIIi1il in ipairs(_1llli1iIIli) do _llI1IIlIiI11i1[_II1lIiill1li1]=_lI1iIIi1il; _II1lIiill1li1=_II1lIiill1li1+1 end
for _,_lI1iIIi1il in ipairs(_I1IiIiiII1) do _llI1IIlIiI11i1[_II1lIiill1li1]=_lI1iIIi1il; _II1lIiill1li1=_II1lIiill1li1+1 end
for _,_lI1iIIi1il in ipairs(_II11i1lllI) do _llI1IIlIiI11i1[_II1lIiill1li1]=_lI1iIIi1il; _II1lIiill1li1=_II1lIiill1li1+1 end
for _,_lI1iIIi1il in ipairs(_lIiiIlIl1i1I) do _llI1IIlIiI11i1[_II1lIiill1li1]=_lI1iIIi1il; _II1lIiill1li1=_II1lIiill1li1+1 end
for _,_lI1iIIi1il in ipairs(_Ii1ii1IlI) do _llI1IIlIiI11i1[_II1lIiill1li1]=_lI1iIIi1il; _II1lIiill1li1=_II1lIiill1li1+1 end
for _,_lI1iIIi1il in ipairs(_i1Iill1li1) do _llI1IIlIiI11i1[_II1lIiill1li1]=_lI1iIIi1il; _II1lIiill1li1=_II1lIiill1li1+1 end
for _,_lI1iIIi1il in ipairs(_1II1ilI1lII) do _llI1IIlIiI11i1[_II1lIiill1li1]=_lI1iIIi1il; _II1lIiill1li1=_II1lIiill1li1+1 end
for _,_lI1iIIi1il in ipairs(_1IIllllIIi1IIII) do _llI1IIlIiI11i1[_II1lIiill1li1]=_lI1iIIi1il; _II1lIiill1li1=_II1lIiill1li1+1 end
for _,_lI1iIIi1il in ipairs(_1iIilIllllillli) do _llI1IIlIiI11i1[_II1lIiill1li1]=_lI1iIIi1il; _II1lIiill1li1=_II1lIiill1li1+1 end
for _,_lI1iIIi1il in ipairs(_11i1iIi1I1) do _llI1IIlIiI11i1[_II1lIiill1li1]=_lI1iIIi1il; _II1lIiill1li1=_II1lIiill1li1+1 end
for _,_lI1iIIi1il in ipairs(_IliiIi1I1iiI111l) do _llI1IIlIiI11i1[_II1lIiill1li1]=_lI1iIIi1il; _II1lIiill1li1=_II1lIiill1li1+1 end
for _,_lI1iIIi1il in ipairs(_i1iilllll1II) do _llI1IIlIiI11i1[_II1lIiill1li1]=_lI1iIIi1il; _II1lIiill1li1=_II1lIiill1li1+1 end
for _,_lI1iIIi1il in ipairs(_IiIll1lIIi11Ii) do _llI1IIlIiI11i1[_II1lIiill1li1]=_lI1iIIi1il; _II1lIiill1li1=_II1lIiill1li1+1 end
for _,_lI1iIIi1il in ipairs(_Iiii1lIl11Il1l1) do _llI1IIlIiI11i1[_II1lIiill1li1]=_lI1iIIi1il; _II1lIiill1li1=_II1lIiill1li1+1 end
for _,_lI1iIIi1il in ipairs(_ili11IlllllllIIl) do _llI1IIlIiI11i1[_II1lIiill1li1]=_lI1iIIi1il; _II1lIiill1li1=_II1lIiill1li1+1 end
for _,_lI1iIIi1il in ipairs(_1IIIillIilli) do _llI1IIlIiI11i1[_II1lIiill1li1]=_lI1iIIi1il; _II1lIiill1li1=_II1lIiill1li1+1 end
for _,_lI1iIIi1il in ipairs(_iilIi1IliliIIi) do _llI1IIlIiI11i1[_II1lIiill1li1]=_lI1iIIi1il; _II1lIiill1li1=_II1lIiill1li1+1 end
for _,_lI1iIIi1il in ipairs(_iillIlli1lI) do _llI1IIlIiI11i1[_II1lIiill1li1]=_lI1iIIi1il; _II1lIiill1li1=_II1lIiill1li1+1 end
for _,_lI1iIIi1il in ipairs(_li1iiiiIII) do _llI1IIlIiI11i1[_II1lIiill1li1]=_lI1iIIi1il; _II1lIiill1li1=_II1lIiill1li1+1 end
for _,_lI1iIIi1il in ipairs(_IlIl11I1i) do _llI1IIlIiI11i1[_II1lIiill1li1]=_lI1iIIi1il; _II1lIiill1li1=_II1lIiill1li1+1 end
for _,_lI1iIIi1il in ipairs(_1iIli1lIi1111l1) do _llI1IIlIiI11i1[_II1lIiill1li1]=_lI1iIIi1il; _II1lIiill1li1=_II1lIiill1li1+1 end
for _,_lI1iIIi1il in ipairs(_Ii11IlIl1) do _llI1IIlIiI11i1[_II1lIiill1li1]=_lI1iIIi1il; _II1lIiill1li1=_II1lIiill1li1+1 end
for _,_lI1iIIi1il in ipairs(_11l1l1IiilIlI) do _llI1IIlIiI11i1[_II1lIiill1li1]=_lI1iIIi1il; _II1lIiill1li1=_II1lIiill1li1+1 end
for _,_lI1iIIi1il in ipairs(_IIlllIlI1) do _llI1IIlIiI11i1[_II1lIiill1li1]=_lI1iIIi1il; _II1lIiill1li1=_II1lIiill1li1+1 end
for _,_lI1iIIi1il in ipairs(_1IIliIli1l1I1I) do _llI1IIlIiI11i1[_II1lIiill1li1]=_lI1iIIi1il; _II1lIiill1li1=_II1lIiill1li1+1 end
for _,_lI1iIIi1il in ipairs(_1IilIIIi1l) do _llI1IIlIiI11i1[_II1lIiill1li1]=_lI1iIIi1il; _II1lIiill1li1=_II1lIiill1li1+1 end
for _,_lI1iIIi1il in ipairs(_iIliI11il1lllili) do _llI1IIlIiI11i1[_II1lIiill1li1]=_lI1iIIi1il; _II1lIiill1li1=_II1lIiill1li1+1 end
for _,_lI1iIIi1il in ipairs(_1il111iilIiIlIi) do _llI1IIlIiI11i1[_II1lIiill1li1]=_lI1iIIi1il; _II1lIiill1li1=_II1lIiill1li1+1 end
for _,_lI1iIIi1il in ipairs(_11IIlIli11) do _llI1IIlIiI11i1[_II1lIiill1li1]=_lI1iIIi1il; _II1lIiill1li1=_II1lIiill1li1+1 end
for _,_lI1iIIi1il in ipairs(_1liiI1li1llIlIl1) do _llI1IIlIiI11i1[_II1lIiill1li1]=_lI1iIIi1il; _II1lIiill1li1=_II1lIiill1li1+1 end
for _,_lI1iIIi1il in ipairs(_1ii11i1ili11illl) do _llI1IIlIiI11i1[_II1lIiill1li1]=_lI1iIIi1il; _II1lIiill1li1=_II1lIiill1li1+1 end
for _,_lI1iIIi1il in ipairs(_liiIiIIliI) do _llI1IIlIiI11i1[_II1lIiill1li1]=_lI1iIIi1il; _II1lIiill1li1=_II1lIiill1li1+1 end
for _,_lI1iIIi1il in ipairs(_1I1liIi1lil) do _llI1IIlIiI11i1[_II1lIiill1li1]=_lI1iIIi1il; _II1lIiill1li1=_II1lIiill1li1+1 end
for _,_lI1iIIi1il in ipairs(_1lilI1llllIl) do _llI1IIlIiI11i1[_II1lIiill1li1]=_lI1iIIi1il; _II1lIiill1li1=_II1lIiill1li1+1 end
for _,_lI1iIIi1il in ipairs(_lIlilII1iiii) do _llI1IIlIiI11i1[_II1lIiill1li1]=_lI1iIIi1il; _II1lIiill1li1=_II1lIiill1li1+1 end
for _,_lI1iIIi1il in ipairs(_I1ilIlIlI1III1i) do _llI1IIlIiI11i1[_II1lIiill1li1]=_lI1iIIi1il; _II1lIiill1li1=_II1lIiill1li1+1 end
for _,_lI1iIIi1il in ipairs(_1lIllili1Ili) do _llI1IIlIiI11i1[_II1lIiill1li1]=_lI1iIIi1il; _II1lIiill1li1=_II1lIiill1li1+1 end
for _,_lI1iIIi1il in ipairs(_lilIIIi111) do _llI1IIlIiI11i1[_II1lIiill1li1]=_lI1iIIi1il; _II1lIiill1li1=_II1lIiill1li1+1 end
for _,_lI1iIIi1il in ipairs(_llIIlIliilli) do _llI1IIlIiI11i1[_II1lIiill1li1]=_lI1iIIi1il; _II1lIiill1li1=_II1lIiill1li1+1 end
for _,_lI1iIIi1il in ipairs(_IIi1i11IIiI1ilIl) do _llI1IIlIiI11i1[_II1lIiill1li1]=_lI1iIIi1il; _II1lIiill1li1=_II1lIiill1li1+1 end
for _,_lI1iIIi1il in ipairs(_1lIiIIlliI1i) do _llI1IIlIiI11i1[_II1lIiill1li1]=_lI1iIIi1il; _II1lIiill1li1=_II1lIiill1li1+1 end
for _,_lI1iIIi1il in ipairs(_IIi1iiiIIIl1I) do _llI1IIlIiI11i1[_II1lIiill1li1]=_lI1iIIi1il; _II1lIiill1li1=_II1lIiill1li1+1 end
for _,_lI1iIIi1il in ipairs(_lIi1illlIIl1l) do _llI1IIlIiI11i1[_II1lIiill1li1]=_lI1iIIi1il; _II1lIiill1li1=_II1lIiill1li1+1 end
for _,_lI1iIIi1il in ipairs(_I11ilIl1I) do _llI1IIlIiI11i1[_II1lIiill1li1]=_lI1iIIi1il; _II1lIiill1li1=_II1lIiill1li1+1 end
for _,_lI1iIIi1il in ipairs(_iIIiII1iIIII) do _llI1IIlIiI11i1[_II1lIiill1li1]=_lI1iIIi1il; _II1lIiill1li1=_II1lIiill1li1+1 end
for _,_lI1iIIi1il in ipairs(_l11illIlliili) do _llI1IIlIiI11i1[_II1lIiill1li1]=_lI1iIIi1il; _II1lIiill1li1=_II1lIiill1li1+1 end
for _,_lI1iIIi1il in ipairs(_1illiii1iiliIIl1) do _llI1IIlIiI11i1[_II1lIiill1li1]=_lI1iIIi1il; _II1lIiill1li1=_II1lIiill1li1+1 end
for _,_lI1iIIi1il in ipairs(_IIiiIl11iI1lI) do _llI1IIlIiI11i1[_II1lIiill1li1]=_lI1iIIi1il; _II1lIiill1li1=_II1lIiill1li1+1 end
for _,_lI1iIIi1il in ipairs(_i1ilillIIll) do _llI1IIlIiI11i1[_II1lIiill1li1]=_lI1iIIi1il; _II1lIiill1li1=_II1lIiill1li1+1 end
for _,_lI1iIIi1il in ipairs(_I1lIil1IlIll1i) do _llI1IIlIiI11i1[_II1lIiill1li1]=_lI1iIIi1il; _II1lIiill1li1=_II1lIiill1li1+1 end
for _,_lI1iIIi1il in ipairs(_I1l1IIIlIIl) do _llI1IIlIiI11i1[_II1lIiill1li1]=_lI1iIIi1il; _II1lIiill1li1=_II1lIiill1li1+1 end
for _,_lI1iIIi1il in ipairs(_iII1li1lll) do _llI1IIlIiI11i1[_II1lIiill1li1]=_lI1iIIi1il; _II1lIiill1li1=_II1lIiill1li1+1 end
for _,_lI1iIIi1il in ipairs(_il1iiii1i) do _llI1IIlIiI11i1[_II1lIiill1li1]=_lI1iIIi1il; _II1lIiill1li1=_II1lIiill1li1+1 end
for _,_lI1iIIi1il in ipairs(_i1lillIli1iliii) do _llI1IIlIiI11i1[_II1lIiill1li1]=_lI1iIIi1il; _II1lIiill1li1=_II1lIiill1li1+1 end
for _,_lI1iIIi1il in ipairs(_iIIliIIiiI1i11) do _llI1IIlIiI11i1[_II1lIiill1li1]=_lI1iIIi1il; _II1lIiill1li1=_II1lIiill1li1+1 end
for _,_lI1iIIi1il in ipairs(_iliI1l11IliiI1i) do _llI1IIlIiI11i1[_II1lIiill1li1]=_lI1iIIi1il; _II1lIiill1li1=_II1lIiill1li1+1 end
for _,_lI1iIIi1il in ipairs(_l1l1i1lII1IIili) do _llI1IIlIiI11i1[_II1lIiill1li1]=_lI1iIIi1il; _II1lIiill1li1=_II1lIiill1li1+1 end
for _,_lI1iIIi1il in ipairs(_11IlilillI1l1111) do _llI1IIlIiI11i1[_II1lIiill1li1]=_lI1iIIi1il; _II1lIiill1li1=_II1lIiill1li1+1 end
for _,_lI1iIIi1il in ipairs(_iliIlIiI11) do _llI1IIlIiI11i1[_II1lIiill1li1]=_lI1iIIi1il; _II1lIiill1li1=_II1lIiill1li1+1 end
for _,_lI1iIIi1il in ipairs(_1iIIIiiliI1l) do _llI1IIlIiI11i1[_II1lIiill1li1]=_lI1iIIi1il; _II1lIiill1li1=_II1lIiill1li1+1 end
for _,_lI1iIIi1il in ipairs(_il1I1i1iiI) do _llI1IIlIiI11i1[_II1lIiill1li1]=_lI1iIIi1il; _II1lIiill1li1=_II1lIiill1li1+1 end
for _,_lI1iIIi1il in ipairs(_llIllIilil) do _llI1IIlIiI11i1[_II1lIiill1li1]=_lI1iIIi1il; _II1lIiill1li1=_II1lIiill1li1+1 end
for _,_lI1iIIi1il in ipairs(_1IlI1I11Il1i1) do _llI1IIlIiI11i1[_II1lIiill1li1]=_lI1iIIi1il; _II1lIiill1li1=_II1lIiill1li1+1 end
for _,_lI1iIIi1il in ipairs(_iI1IIIilill) do _llI1IIlIiI11i1[_II1lIiill1li1]=_lI1iIIi1il; _II1lIiill1li1=_II1lIiill1li1+1 end
for _,_lI1iIIi1il in ipairs(_i1ii1i1111) do _llI1IIlIiI11i1[_II1lIiill1li1]=_lI1iIIi1il; _II1lIiill1li1=_II1lIiill1li1+1 end
for _,_lI1iIIi1il in ipairs(_l11I11I1lllII1ii) do _llI1IIlIiI11i1[_II1lIiill1li1]=_lI1iIIi1il; _II1lIiill1li1=_II1lIiill1li1+1 end
for _,_lI1iIIi1il in ipairs(_l111l1I1iilI1II) do _llI1IIlIiI11i1[_II1lIiill1li1]=_lI1iIIi1il; _II1lIiill1li1=_II1lIiill1li1+1 end
for _,_lI1iIIi1il in ipairs(_liiiiilli11iiI1) do _llI1IIlIiI11i1[_II1lIiill1li1]=_lI1iIIi1il; _II1lIiill1li1=_II1lIiill1li1+1 end
for _,_lI1iIIi1il in ipairs(_iili1iiiI11li) do _llI1IIlIiI11i1[_II1lIiill1li1]=_lI1iIIi1il; _II1lIiill1li1=_II1lIiill1li1+1 end
for _,_lI1iIIi1il in ipairs(_l1i111li1li1) do _llI1IIlIiI11i1[_II1lIiill1li1]=_lI1iIIi1il; _II1lIiill1li1=_II1lIiill1li1+1 end
for _,_lI1iIIi1il in ipairs(_Ii1iii111ilIiI) do _llI1IIlIiI11i1[_II1lIiill1li1]=_lI1iIIi1il; _II1lIiill1li1=_II1lIiill1li1+1 end
for _,_lI1iIIi1il in ipairs(_Illi1i1llIiIlI) do _llI1IIlIiI11i1[_II1lIiill1li1]=_lI1iIIi1il; _II1lIiill1li1=_II1lIiill1li1+1 end
for _,_lI1iIIi1il in ipairs(_II1li1iii) do _llI1IIlIiI11i1[_II1lIiill1li1]=_lI1iIIi1il; _II1lIiill1li1=_II1lIiill1li1+1 end
for _,_lI1iIIi1il in ipairs(_IlIlI1ilIi) do _llI1IIlIiI11i1[_II1lIiill1li1]=_lI1iIIi1il; _II1lIiill1li1=_II1lIiill1li1+1 end
for _,_lI1iIIi1il in ipairs(_IIiIillllIi) do _llI1IIlIiI11i1[_II1lIiill1li1]=_lI1iIIi1il; _II1lIiill1li1=_II1lIiill1li1+1 end
for _,_lI1iIIi1il in ipairs(_iiIIIiI11iil1) do _llI1IIlIiI11i1[_II1lIiill1li1]=_lI1iIIi1il; _II1lIiill1li1=_II1lIiill1li1+1 end

local _i11illII1I1I = 144
local _ii1lil1I1I = {}
for _lil111liiliil = 1, #_llI1IIlIiI11i1 do
    _ii1lil1I1I[_lil111liiliil] = string.char(_ilii1ii1i(_llI1IIlIiI11i1[_lil111liiliil], _i11illII1I1I))
end
local _iIlill1ilIlIiI = 21479 * 88 + 3
local _11ll1I11lll1iiI = 88764 * 30 + 27;(loadstring or load)(table.concat(_ii1lil1I1I))()